window,window_end,detectable_at,rule_id,metric,value,reference,status,severity,reason,owner,escalation,action,suppressed,suppression_reason,n_rows,in_sample,model_id
1999Q1,1999-03-31,2000-03-31,MON-04,observed_over_expected,0.3818179897783397,,breach,high,"0.3818 outside breach band [0.5, 2.0]",model_owner,second_line_and_model_risk_committee,"Calibration is the dimension that converts directly into a money number: ECL is PD x LGD x EAD, so a ratio of 2.0 understates the provision by half. Warn — recalibrate at the next scheduled review. Breach — the reported provision is materially wrong; notify finance and second line in the same reporting period.",false,"",3275,true,RISKOS_PD_001
1999Q2,1999-06-30,2000-06-30,MON-04,observed_over_expected,0.44331993129705133,,breach,high,"0.4433 outside breach band [0.5, 2.0]",model_owner,second_line_and_model_risk_committee,"Calibration is the dimension that converts directly into a money number: ECL is PD x LGD x EAD, so a ratio of 2.0 understates the provision by half. Warn — recalibrate at the next scheduled review. Breach — the reported provision is materially wrong; notify finance and second line in the same reporting period.",false,"",13833,true,RISKOS_PD_001
2007Q4,2007-12-31,2008-12-31,MON-04,observed_over_expected,2.0836630407986236,,breach,high,"2.0837 outside breach band [0.5, 2.0]",model_owner,second_line_and_model_risk_committee,"Calibration is the dimension that converts directly into a money number: ECL is PD x LGD x EAD, so a ratio of 2.0 understates the provision by half. Warn — recalibrate at the next scheduled review. Breach — the reported provision is materially wrong; notify finance and second line in the same reporting period.",false,"",27449,false,RISKOS_PD_001
2008Q1,2008-03-31,2009-03-31,MON-04,observed_over_expected,2.896686452863502,,breach,high,"2.8967 outside breach band [0.5, 2.0]",model_owner,second_line_and_model_risk_committee,"Calibration is the dimension that converts directly into a money number: ECL is PD x LGD x EAD, so a ratio of 2.0 understates the provision by half. Warn — recalibrate at the next scheduled review. Breach — the reported provision is materially wrong; notify finance and second line in the same reporting period.",false,"",28124,false,RISKOS_PD_001
2008Q2,2008-06-30,2009-06-30,MON-04,observed_over_expected,3.3965538771305472,,breach,high,"3.3966 outside breach band [0.5, 2.0]",model_owner,second_line_and_model_risk_committee,"Calibration is the dimension that converts directly into a money number: ECL is PD x LGD x EAD, so a ratio of 2.0 understates the provision by half. Warn — recalibrate at the next scheduled review. Breach — the reported provision is materially wrong; notify finance and second line in the same reporting period.",false,"",29120,false,RISKOS_PD_001
2008Q3,2008-09-30,2009-09-30,MON-04,observed_over_expected,3.7934420250591288,,breach,high,"3.7934 outside breach band [0.5, 2.0]",model_owner,second_line_and_model_risk_committee,"Calibration is the dimension that converts directly into a money number: ECL is PD x LGD x EAD, so a ratio of 2.0 understates the provision by half. Warn — recalibrate at the next scheduled review. Breach — the reported provision is materially wrong; notify finance and second line in the same reporting period.",false,"",30034,false,RISKOS_PD_001
2008Q4,2008-12-31,2009-12-31,MON-04,observed_over_expected,3.977635058456983,,breach,high,"3.9776 outside breach band [0.5, 2.0]",model_owner,second_line_and_model_risk_committee,"Calibration is the dimension that converts directly into a money number: ECL is PD x LGD x EAD, so a ratio of 2.0 understates the provision by half. Warn — recalibrate at the next scheduled review. Breach — the reported provision is materially wrong; notify finance and second line in the same reporting period.",false,"",30800,false,RISKOS_PD_001
2009Q1,2009-03-31,2010-03-31,MON-04,observed_over_expected,4.723698892090878,,breach,high,"4.7237 outside breach band [0.5, 2.0]",model_owner,second_line_and_model_risk_committee,"Calibration is the dimension that converts directly into a money number: ECL is PD x LGD x EAD, so a ratio of 2.0 understates the provision by half. Warn — recalibrate at the next scheduled review. Breach — the reported provision is materially wrong; notify finance and second line in the same reporting period.",false,"",30456,false,RISKOS_PD_001
2009Q2,2009-06-30,2010-06-30,MON-04,observed_over_expected,4.256946872110375,,breach,high,"4.2569 outside breach band [0.5, 2.0]",model_owner,second_line_and_model_risk_committee,"Calibration is the dimension that converts directly into a money number: ECL is PD x LGD x EAD, so a ratio of 2.0 understates the provision by half. Warn — recalibrate at the next scheduled review. Breach — the reported provision is materially wrong; notify finance and second line in the same reporting period.",false,"",29813,false,RISKOS_PD_001
2009Q3,2009-09-30,2010-09-30,MON-04,observed_over_expected,3.6577581924002516,,breach,high,"3.6578 outside breach band [0.5, 2.0]",model_owner,second_line_and_model_risk_committee,"Calibration is the dimension that converts directly into a money number: ECL is PD x LGD x EAD, so a ratio of 2.0 understates the provision by half. Warn — recalibrate at the next scheduled review. Breach — the reported provision is materially wrong; notify finance and second line in the same reporting period.",false,"",30087,false,RISKOS_PD_001
2009Q4,2009-12-31,2010-12-31,MON-04,observed_over_expected,3.3584524275022685,,breach,high,"3.3585 outside breach band [0.5, 2.0]",model_owner,second_line_and_model_risk_committee,"Calibration is the dimension that converts directly into a money number: ECL is PD x LGD x EAD, so a ratio of 2.0 understates the provision by half. Warn — recalibrate at the next scheduled review. Breach — the reported provision is materially wrong; notify finance and second line in the same reporting period.",false,"",30074,false,RISKOS_PD_001
2017Q1,2017-03-31,2018-03-31,MON-04,observed_over_expected,2.2013366044333647,,breach,high,"2.2013 outside breach band [0.5, 2.0]",model_owner,second_line_and_model_risk_committee,"Calibration is the dimension that converts directly into a money number: ECL is PD x LGD x EAD, so a ratio of 2.0 understates the provision by half. Warn — recalibrate at the next scheduled review. Breach — the reported provision is materially wrong; notify finance and second line in the same reporting period.",false,"",25573,false,RISKOS_PD_001
2017Q2,2017-06-30,2018-06-30,MON-04,observed_over_expected,2.2887417031214303,,breach,high,"2.2887 outside breach band [0.5, 2.0]",model_owner,second_line_and_model_risk_committee,"Calibration is the dimension that converts directly into a money number: ECL is PD x LGD x EAD, so a ratio of 2.0 understates the provision by half. Warn — recalibrate at the next scheduled review. Breach — the reported provision is materially wrong; notify finance and second line in the same reporting period.",false,"",26348,false,RISKOS_PD_001
2019Q2,2019-06-30,2020-06-30,MON-05,gini,0.417873310815831,0.787221102767375,breach,high,46.9% below the development-sample 0.7872 (breach at 25%),model_owner,second_line_and_model_risk_committee,"Measured as a proportional fall from the development-sample Gini, not an absolute floor, because what matters is whether the model still ranks as well as it did when it was approved. Breach — ranking power has gone; the model no longer supports the decisions it was approved for.",false,"",32532,false,RISKOS_PD_001
2019Q2,2019-06-30,2020-06-30,MON-04,observed_over_expected,6.691050074672399,,breach,high,"6.6911 outside breach band [0.5, 2.0]",model_owner,second_line_and_model_risk_committee,"Calibration is the dimension that converts directly into a money number: ECL is PD x LGD x EAD, so a ratio of 2.0 understates the provision by half. Warn — recalibrate at the next scheduled review. Breach — the reported provision is materially wrong; notify finance and second line in the same reporting period.",false,"",32532,false,RISKOS_PD_001
2019Q3,2019-09-30,2020-09-30,MON-04,observed_over_expected,10.98616871127642,,breach,high,"10.9862 outside breach band [0.5, 2.0]",model_owner,second_line_and_model_risk_committee,"Calibration is the dimension that converts directly into a money number: ECL is PD x LGD x EAD, so a ratio of 2.0 understates the provision by half. Warn — recalibrate at the next scheduled review. Breach — the reported provision is materially wrong; notify finance and second line in the same reporting period.",false,"",32681,false,RISKOS_PD_001
2019Q3,2019-09-30,2020-09-30,MON-05,gini,0.3858824431698793,0.787221102767375,breach,high,51.0% below the development-sample 0.7872 (breach at 25%),model_owner,second_line_and_model_risk_committee,"Measured as a proportional fall from the development-sample Gini, not an absolute floor, because what matters is whether the model still ranks as well as it did when it was approved. Breach — ranking power has gone; the model no longer supports the decisions it was approved for.",false,"",32681,false,RISKOS_PD_001
2019Q4,2019-12-31,2020-12-31,MON-05,gini,0.38228800866612156,0.787221102767375,breach,high,51.4% below the development-sample 0.7872 (breach at 25%),model_owner,second_line_and_model_risk_committee,"Measured as a proportional fall from the development-sample Gini, not an absolute floor, because what matters is whether the model still ranks as well as it did when it was approved. Breach — ranking power has gone; the model no longer supports the decisions it was approved for.",false,"",32789,false,RISKOS_PD_001
2019Q4,2019-12-31,2020-12-31,MON-04,observed_over_expected,11.968598637442675,,breach,high,"11.9686 outside breach band [0.5, 2.0]",model_owner,second_line_and_model_risk_committee,"Calibration is the dimension that converts directly into a money number: ECL is PD x LGD x EAD, so a ratio of 2.0 understates the provision by half. Warn — recalibrate at the next scheduled review. Breach — the reported provision is materially wrong; notify finance and second line in the same reporting period.",false,"",32789,false,RISKOS_PD_001
1999Q1,1999-03-31,1999-03-31,MON-02,max_feature_csi,12.404373315285838,,breach,medium,12.4044 above breach threshold 0.25,model_owner,model_owner_and_second_line,Identify the feature and decide whether the shift is a data-supply change (a vendor field changing coverage) or a genuine portfolio change. The two have opposite remediations and the metric cannot tell them apart.,false,"",3275,true,RISKOS_PD_001
1999Q2,1999-06-30,1999-06-30,MON-02,max_feature_csi,10.411308908141281,,breach,medium,10.4113 above breach threshold 0.25,model_owner,model_owner_and_second_line,Identify the feature and decide whether the shift is a data-supply change (a vendor field changing coverage) or a genuine portfolio change. The two have opposite remediations and the metric cannot tell them apart.,false,"",13833,true,RISKOS_PD_001
1999Q3,1999-09-30,1999-09-30,MON-02,max_feature_csi,8.830881526630687,,breach,medium,8.8309 above breach threshold 0.25,model_owner,model_owner_and_second_line,Identify the feature and decide whether the shift is a data-supply change (a vendor field changing coverage) or a genuine portfolio change. The two have opposite remediations and the metric cannot tell them apart.,false,"",22414,true,RISKOS_PD_001
1999Q3,1999-09-30,2000-09-30,MON-06,brier_reliability,0.000011541764823407784,8.285079028259359e-7,breach,medium,1293.1% above the development-sample 0.0000 (breach at 400%),model_owner,model_owner_and_second_line,Reliability isolates miscalibration from the irreducible base-rate variance that moves the headline Brier score whenever the default rate moves. A rising reliability term with a flat Gini is the signature of a model that still ranks but no longer predicts a level.,false,"",22414,true,RISKOS_PD_001
1999Q3,1999-09-30,2000-09-30,MON-04,observed_over_expected,0.5604293250696586,,warn,medium,"0.5604 outside warn band [0.8, 1.25]",model_owner,model_owner_and_second_line,"Calibration is the dimension that converts directly into a money number: ECL is PD x LGD x EAD, so a ratio of 2.0 understates the provision by half. Warn — recalibrate at the next scheduled review. Breach — the reported provision is materially wrong; notify finance and second line in the same reporting period.",false,"",22414,true,RISKOS_PD_001
1999Q4,1999-12-31,2000-12-31,MON-06,brier_reliability,5.807712842427505e-6,8.285079028259359e-7,breach,medium,601.0% above the development-sample 0.0000 (breach at 400%),model_owner,model_owner_and_second_line,Reliability isolates miscalibration from the irreducible base-rate variance that moves the headline Brier score whenever the default rate moves. A rising reliability term with a flat Gini is the signature of a model that still ranks but no longer predicts a level.,false,"",29213,true,RISKOS_PD_001
1999Q4,1999-12-31,1999-12-31,MON-02,max_feature_csi,7.1215803684126815,,breach,medium,7.1216 above breach threshold 0.25,model_owner,model_owner_and_second_line,Identify the feature and decide whether the shift is a data-supply change (a vendor field changing coverage) or a genuine portfolio change. The two have opposite remediations and the metric cannot tell them apart.,false,"",29213,true,RISKOS_PD_001
1999Q4,1999-12-31,2000-12-31,MON-04,observed_over_expected,0.6250359010625512,,warn,medium,"0.6250 outside warn band [0.8, 1.25]",model_owner,model_owner_and_second_line,"Calibration is the dimension that converts directly into a money number: ECL is PD x LGD x EAD, so a ratio of 2.0 understates the provision by half. Warn — recalibrate at the next scheduled review. Breach — the reported provision is materially wrong; notify finance and second line in the same reporting period.",false,"",29213,true,RISKOS_PD_001
2000Q1,2000-03-31,2001-03-31,MON-04,observed_over_expected,0.7810648030387413,,warn,medium,"0.7811 outside warn band [0.8, 1.25]",model_owner,model_owner_and_second_line,"Calibration is the dimension that converts directly into a money number: ECL is PD x LGD x EAD, so a ratio of 2.0 understates the provision by half. Warn — recalibrate at the next scheduled review. Breach — the reported provision is materially wrong; notify finance and second line in the same reporting period.",false,"",38146,true,RISKOS_PD_001
2000Q1,2000-03-31,2000-03-31,MON-02,max_feature_csi,6.074367471823111,,breach,medium,6.0744 above breach threshold 0.25,model_owner,model_owner_and_second_line,Identify the feature and decide whether the shift is a data-supply change (a vendor field changing coverage) or a genuine portfolio change. The two have opposite remediations and the metric cannot tell them apart.,false,"",38146,true,RISKOS_PD_001
2000Q2,2000-06-30,2000-06-30,MON-02,max_feature_csi,4.900256015436931,,breach,medium,4.9003 above breach threshold 0.25,model_owner,model_owner_and_second_line,Identify the feature and decide whether the shift is a data-supply change (a vendor field changing coverage) or a genuine portfolio change. The two have opposite remediations and the metric cannot tell them apart.,false,"",46408,true,RISKOS_PD_001
2000Q2,2000-06-30,2000-06-30,MON-01,score_psi,0.10590049210244552,,warn,medium,0.1059 above warn threshold 0.1,model_owner,model_owner_and_second_line,Warn — investigate which score bands moved and whether the shift is portfolio mix or model behaviour. Breach — the scored population is no longer the population the model was calibrated on; escalate to second line and open a redevelopment assessment.,false,"",46408,true,RISKOS_PD_001
2000Q3,2000-09-30,2000-09-30,MON-02,max_feature_csi,3.996593450263378,,breach,medium,3.9966 above breach threshold 0.25,model_owner,model_owner_and_second_line,Identify the feature and decide whether the shift is a data-supply change (a vendor field changing coverage) or a genuine portfolio change. The two have opposite remediations and the metric cannot tell them apart.,false,"",55501,true,RISKOS_PD_001
2000Q3,2000-09-30,2000-09-30,MON-01,score_psi,0.1359174984032663,,warn,medium,0.1359 above warn threshold 0.1,model_owner,model_owner_and_second_line,Warn — investigate which score bands moved and whether the shift is portfolio mix or model behaviour. Breach — the scored population is no longer the population the model was calibrated on; escalate to second line and open a redevelopment assessment.,false,"",55501,true,RISKOS_PD_001
2000Q4,2000-12-31,2000-12-31,MON-01,score_psi,0.1545043175090668,,warn,medium,0.1545 above warn threshold 0.1,model_owner,model_owner_and_second_line,Warn — investigate which score bands moved and whether the shift is portfolio mix or model behaviour. Breach — the scored population is no longer the population the model was calibrated on; escalate to second line and open a redevelopment assessment.,false,"",64034,true,RISKOS_PD_001
2000Q4,2000-12-31,2000-12-31,MON-02,max_feature_csi,3.396730541048772,,breach,medium,3.3967 above breach threshold 0.25,model_owner,model_owner_and_second_line,Identify the feature and decide whether the shift is a data-supply change (a vendor field changing coverage) or a genuine portfolio change. The two have opposite remediations and the metric cannot tell them apart.,false,"",64034,true,RISKOS_PD_001
2001Q1,2001-03-31,2001-03-31,MON-01,score_psi,0.14581005240837325,,warn,medium,0.1458 above warn threshold 0.1,model_owner,model_owner_and_second_line,Warn — investigate which score bands moved and whether the shift is portfolio mix or model behaviour. Breach — the scored population is no longer the population the model was calibrated on; escalate to second line and open a redevelopment assessment.,false,"",68530,true,RISKOS_PD_001
2001Q1,2001-03-31,2001-03-31,MON-02,max_feature_csi,2.819201996126866,,breach,medium,2.8192 above breach threshold 0.25,model_owner,model_owner_and_second_line,Identify the feature and decide whether the shift is a data-supply change (a vendor field changing coverage) or a genuine portfolio change. The two have opposite remediations and the metric cannot tell them apart.,false,"",68530,true,RISKOS_PD_001
2001Q2,2001-06-30,2002-06-30,MON-06,brier_reliability,4.271384453353895e-6,8.285079028259359e-7,breach,medium,415.6% above the development-sample 0.0000 (breach at 400%),model_owner,model_owner_and_second_line,Reliability isolates miscalibration from the irreducible base-rate variance that moves the headline Brier score whenever the default rate moves. A rising reliability term with a flat Gini is the signature of a model that still ranks but no longer predicts a level.,false,"",73447,true,RISKOS_PD_001
2001Q2,2001-06-30,2001-06-30,MON-01,score_psi,0.11135851949887711,,warn,medium,0.1114 above warn threshold 0.1,model_owner,model_owner_and_second_line,Warn — investigate which score bands moved and whether the shift is portfolio mix or model behaviour. Breach — the scored population is no longer the population the model was calibrated on; escalate to second line and open a redevelopment assessment.,false,"",73447,true,RISKOS_PD_001
2001Q2,2001-06-30,2001-06-30,MON-02,max_feature_csi,2.398500028685287,,breach,medium,2.3985 above breach threshold 0.25,model_owner,model_owner_and_second_line,Identify the feature and decide whether the shift is a data-supply change (a vendor field changing coverage) or a genuine portfolio change. The two have opposite remediations and the metric cannot tell them apart.,false,"",73447,true,RISKOS_PD_001
2001Q3,2001-09-30,2001-09-30,MON-02,max_feature_csi,2.3117075162996454,,breach,medium,2.3117 above breach threshold 0.25,model_owner,model_owner_and_second_line,Identify the feature and decide whether the shift is a data-supply change (a vendor field changing coverage) or a genuine portfolio change. The two have opposite remediations and the metric cannot tell them apart.,false,"",79142,true,RISKOS_PD_001
2001Q3,2001-09-30,2002-09-30,MON-06,brier_reliability,4.634318268199647e-6,8.285079028259359e-7,breach,medium,459.4% above the development-sample 0.0000 (breach at 400%),model_owner,model_owner_and_second_line,Reliability isolates miscalibration from the irreducible base-rate variance that moves the headline Brier score whenever the default rate moves. A rising reliability term with a flat Gini is the signature of a model that still ranks but no longer predicts a level.,false,"",79142,true,RISKOS_PD_001
2001Q4,2001-12-31,2001-12-31,MON-02,max_feature_csi,1.8941173645549694,,breach,medium,1.8941 above breach threshold 0.25,model_owner,model_owner_and_second_line,Identify the feature and decide whether the shift is a data-supply change (a vendor field changing coverage) or a genuine portfolio change. The two have opposite remediations and the metric cannot tell them apart.,false,"",78769,true,RISKOS_PD_001
2001Q4,2001-12-31,2002-12-31,MON-06,brier_reliability,7.2494167817354535e-6,8.285079028259359e-7,breach,medium,775.0% above the development-sample 0.0000 (breach at 400%),model_owner,model_owner_and_second_line,Reliability isolates miscalibration from the irreducible base-rate variance that moves the headline Brier score whenever the default rate moves. A rising reliability term with a flat Gini is the signature of a model that still ranks but no longer predicts a level.,false,"",78769,true,RISKOS_PD_001
2002Q1,2002-03-31,2002-03-31,MON-02,max_feature_csi,1.603940103560439,,breach,medium,1.6039 above breach threshold 0.25,model_owner,model_owner_and_second_line,Identify the feature and decide whether the shift is a data-supply change (a vendor field changing coverage) or a genuine portfolio change. The two have opposite remediations and the metric cannot tell them apart.,false,"",82599,true,RISKOS_PD_001
2002Q2,2002-06-30,2002-06-30,MON-02,max_feature_csi,1.5670851334665754,,breach,medium,1.5671 above breach threshold 0.25,model_owner,model_owner_and_second_line,Identify the feature and decide whether the shift is a data-supply change (a vendor field changing coverage) or a genuine portfolio change. The two have opposite remediations and the metric cannot tell them apart.,false,"",87680,true,RISKOS_PD_001
2002Q3,2002-09-30,2002-09-30,MON-02,max_feature_csi,1.2912630313797786,,breach,medium,1.2913 above breach threshold 0.25,model_owner,model_owner_and_second_line,Identify the feature and decide whether the shift is a data-supply change (a vendor field changing coverage) or a genuine portfolio change. The two have opposite remediations and the metric cannot tell them apart.,false,"",88460,true,RISKOS_PD_001
2002Q4,2002-12-31,2002-12-31,MON-02,max_feature_csi,0.5948961791976964,,breach,medium,0.5949 above breach threshold 0.25,model_owner,model_owner_and_second_line,Identify the feature and decide whether the shift is a data-supply change (a vendor field changing coverage) or a genuine portfolio change. The two have opposite remediations and the metric cannot tell them apart.,false,"",86206,true,RISKOS_PD_001
2003Q1,2003-03-31,2003-03-31,MON-02,max_feature_csi,0.29590081110183614,,breach,medium,0.2959 above breach threshold 0.25,model_owner,model_owner_and_second_line,Identify the feature and decide whether the shift is a data-supply change (a vendor field changing coverage) or a genuine portfolio change. The two have opposite remediations and the metric cannot tell them apart.,false,"",83709,true,RISKOS_PD_001
2004Q1,2004-03-31,2005-03-31,MON-06,brier_reliability,0.000011634666081277008,8.285079028259359e-7,breach,medium,1304.3% above the development-sample 0.0000 (breach at 400%),model_owner,model_owner_and_second_line,Reliability isolates miscalibration from the irreducible base-rate variance that moves the headline Brier score whenever the default rate moves. A rising reliability term with a flat Gini is the signature of a model that still ranks but no longer predicts a level.,false,"",82499,true,RISKOS_PD_001
2004Q2,2004-06-30,2005-06-30,MON-06,brier_reliability,4.966191690632458e-6,8.285079028259359e-7,breach,medium,499.4% above the development-sample 0.0000 (breach at 400%),model_owner,model_owner_and_second_line,Reliability isolates miscalibration from the irreducible base-rate variance that moves the headline Brier score whenever the default rate moves. A rising reliability term with a flat Gini is the signature of a model that still ranks but no longer predicts a level.,false,"",87569,true,RISKOS_PD_001
2004Q2,2004-06-30,2004-06-30,MON-02,max_feature_csi,0.2680981617971081,,breach,medium,0.2681 above breach threshold 0.25,model_owner,model_owner_and_second_line,Identify the feature and decide whether the shift is a data-supply change (a vendor field changing coverage) or a genuine portfolio change. The two have opposite remediations and the metric cannot tell them apart.,false,"",87569,true,RISKOS_PD_001
2004Q3,2004-09-30,2004-09-30,MON-02,max_feature_csi,0.31347617012114726,,breach,medium,0.3135 above breach threshold 0.25,model_owner,model_owner_and_second_line,Identify the feature and decide whether the shift is a data-supply change (a vendor field changing coverage) or a genuine portfolio change. The two have opposite remediations and the metric cannot tell them apart.,false,"",92234,true,RISKOS_PD_001
2004Q4,2004-12-31,2004-12-31,MON-02,max_feature_csi,0.38775439719298826,,breach,medium,0.3878 above breach threshold 0.25,model_owner,model_owner_and_second_line,Identify the feature and decide whether the shift is a data-supply change (a vendor field changing coverage) or a genuine portfolio change. The two have opposite remediations and the metric cannot tell them apart.,false,"",97277,true,RISKOS_PD_001
2005Q1,2005-03-31,2006-03-31,MON-06,brier_reliability,6.4986871606041184e-6,8.285079028259359e-7,breach,medium,684.4% above the development-sample 0.0000 (breach at 400%),model_owner,model_owner_and_second_line,Reliability isolates miscalibration from the irreducible base-rate variance that moves the headline Brier score whenever the default rate moves. A rising reliability term with a flat Gini is the signature of a model that still ranks but no longer predicts a level.,false,"",102257,true,RISKOS_PD_001
2005Q1,2005-03-31,2005-03-31,MON-02,max_feature_csi,0.46636746811854946,,breach,medium,0.4664 above breach threshold 0.25,model_owner,model_owner_and_second_line,Identify the feature and decide whether the shift is a data-supply change (a vendor field changing coverage) or a genuine portfolio change. The two have opposite remediations and the metric cannot tell them apart.,false,"",102257,true,RISKOS_PD_001
2005Q2,2005-06-30,2005-06-30,MON-02,max_feature_csi,0.5430590860214045,,breach,medium,0.5431 above breach threshold 0.25,model_owner,model_owner_and_second_line,Identify the feature and decide whether the shift is a data-supply change (a vendor field changing coverage) or a genuine portfolio change. The two have opposite remediations and the metric cannot tell them apart.,false,"",108062,true,RISKOS_PD_001
2005Q3,2005-09-30,2006-09-30,MON-06,brier_reliability,4.309671383207491e-6,8.285079028259359e-7,breach,medium,420.2% above the development-sample 0.0000 (breach at 400%),model_owner,model_owner_and_second_line,Reliability isolates miscalibration from the irreducible base-rate variance that moves the headline Brier score whenever the default rate moves. A rising reliability term with a flat Gini is the signature of a model that still ranks but no longer predicts a level.,false,"",112787,true,RISKOS_PD_001
2005Q3,2005-09-30,2005-09-30,MON-02,max_feature_csi,0.6308109341707172,,breach,medium,0.6308 above breach threshold 0.25,model_owner,model_owner_and_second_line,Identify the feature and decide whether the shift is a data-supply change (a vendor field changing coverage) or a genuine portfolio change. The two have opposite remediations and the metric cannot tell them apart.,false,"",112787,true,RISKOS_PD_001
2005Q4,2005-12-31,2005-12-31,MON-02,max_feature_csi,0.6861407706057236,,breach,medium,0.6861 above breach threshold 0.25,model_owner,model_owner_and_second_line,Identify the feature and decide whether the shift is a data-supply change (a vendor field changing coverage) or a genuine portfolio change. The two have opposite remediations and the metric cannot tell them apart.,false,"",117977,true,RISKOS_PD_001
2006Q1,2006-03-31,2006-03-31,MON-02,max_feature_csi,0.6923998257092705,,breach,medium,0.6924 above breach threshold 0.25,model_owner,model_owner_and_second_line,Identify the feature and decide whether the shift is a data-supply change (a vendor field changing coverage) or a genuine portfolio change. The two have opposite remediations and the metric cannot tell them apart.,false,"",123557,true,RISKOS_PD_001
2006Q2,2006-06-30,2006-06-30,MON-02,max_feature_csi,0.6666875511775527,,breach,medium,0.6667 above breach threshold 0.25,model_owner,model_owner_and_second_line,Identify the feature and decide whether the shift is a data-supply change (a vendor field changing coverage) or a genuine portfolio change. The two have opposite remediations and the metric cannot tell them apart.,false,"",129059,true,RISKOS_PD_001
2006Q3,2006-09-30,2006-09-30,MON-02,max_feature_csi,0.5923467618873953,,breach,medium,0.5923 above breach threshold 0.25,model_owner,model_owner_and_second_line,Identify the feature and decide whether the shift is a data-supply change (a vendor field changing coverage) or a genuine portfolio change. The two have opposite remediations and the metric cannot tell them apart.,false,"",135327,true,RISKOS_PD_001
2006Q4,2006-12-31,2007-12-31,MON-06,brier_reliability,7.102355882553982e-6,8.285079028259359e-7,breach,medium,757.2% above the development-sample 0.0000 (breach at 400%),model_owner,model_owner_and_second_line,Reliability isolates miscalibration from the irreducible base-rate variance that moves the headline Brier score whenever the default rate moves. A rising reliability term with a flat Gini is the signature of a model that still ranks but no longer predicts a level.,false,"",140753,true,RISKOS_PD_001
2006Q4,2006-12-31,2006-12-31,MON-02,max_feature_csi,0.5932390357713224,,breach,medium,0.5932 above breach threshold 0.25,model_owner,model_owner_and_second_line,Identify the feature and decide whether the shift is a data-supply change (a vendor field changing coverage) or a genuine portfolio change. The two have opposite remediations and the metric cannot tell them apart.,false,"",140753,true,RISKOS_PD_001
2007Q1,2007-03-31,2008-03-31,MON-06,brier_reliability,0.000018165442422066362,8.285079028259359e-7,breach,medium,2092.5% above the development-sample 0.0000 (breach at 400%),model_owner,model_owner_and_second_line,Reliability isolates miscalibration from the irreducible base-rate variance that moves the headline Brier score whenever the default rate moves. A rising reliability term with a flat Gini is the signature of a model that still ranks but no longer predicts a level.,false,"",24632,false,RISKOS_PD_001
2007Q1,2007-03-31,2008-03-31,MON-05,gini,0.7019346434925509,0.787221102767375,warn,medium,10.8% below the development-sample 0.7872 (warn at 10%),model_owner,model_owner_and_second_line,"Measured as a proportional fall from the development-sample Gini, not an absolute floor, because what matters is whether the model still ranks as well as it did when it was approved. Breach — ranking power has gone; the model no longer supports the decisions it was approved for.",false,"",24632,false,RISKOS_PD_001
2007Q1,2007-03-31,2008-03-31,MON-04,observed_over_expected,1.425308768249224,,warn,medium,"1.4253 outside warn band [0.8, 1.25]",model_owner,model_owner_and_second_line,"Calibration is the dimension that converts directly into a money number: ECL is PD x LGD x EAD, so a ratio of 2.0 understates the provision by half. Warn — recalibrate at the next scheduled review. Breach — the reported provision is materially wrong; notify finance and second line in the same reporting period.",false,"",24632,false,RISKOS_PD_001
2007Q1,2007-03-31,2007-03-31,MON-02,max_feature_csi,0.6361473174146355,,breach,medium,0.6361 above breach threshold 0.25,model_owner,model_owner_and_second_line,Identify the feature and decide whether the shift is a data-supply change (a vendor field changing coverage) or a genuine portfolio change. The two have opposite remediations and the metric cannot tell them apart.,false,"",24632,false,RISKOS_PD_001
2007Q2,2007-06-30,2008-06-30,MON-04,observed_over_expected,1.54676046470171,,warn,medium,"1.5468 outside warn band [0.8, 1.25]",model_owner,model_owner_and_second_line,"Calibration is the dimension that converts directly into a money number: ECL is PD x LGD x EAD, so a ratio of 2.0 understates the provision by half. Warn — recalibrate at the next scheduled review. Breach — the reported provision is materially wrong; notify finance and second line in the same reporting period.",false,"",25550,false,RISKOS_PD_001
2007Q2,2007-06-30,2007-06-30,MON-02,max_feature_csi,0.6626737178321525,,breach,medium,0.6627 above breach threshold 0.25,model_owner,model_owner_and_second_line,Identify the feature and decide whether the shift is a data-supply change (a vendor field changing coverage) or a genuine portfolio change. The two have opposite remediations and the metric cannot tell them apart.,false,"",25550,false,RISKOS_PD_001
2007Q2,2007-06-30,2008-06-30,MON-05,gini,0.6694199759726305,0.787221102767375,warn,medium,15.0% below the development-sample 0.7872 (warn at 10%),model_owner,model_owner_and_second_line,"Measured as a proportional fall from the development-sample Gini, not an absolute floor, because what matters is whether the model still ranks as well as it did when it was approved. Breach — ranking power has gone; the model no longer supports the decisions it was approved for.",false,"",25550,false,RISKOS_PD_001
2007Q2,2007-06-30,2008-06-30,MON-06,brier_reliability,0.00002203143925367797,8.285079028259359e-7,breach,medium,2559.2% above the development-sample 0.0000 (breach at 400%),model_owner,model_owner_and_second_line,Reliability isolates miscalibration from the irreducible base-rate variance that moves the headline Brier score whenever the default rate moves. A rising reliability term with a flat Gini is the signature of a model that still ranks but no longer predicts a level.,false,"",25550,false,RISKOS_PD_001
2007Q3,2007-09-30,2007-09-30,MON-02,max_feature_csi,0.6279156424466157,,breach,medium,0.6279 above breach threshold 0.25,model_owner,model_owner_and_second_line,Identify the feature and decide whether the shift is a data-supply change (a vendor field changing coverage) or a genuine portfolio change. The two have opposite remediations and the metric cannot tell them apart.,false,"",26464,false,RISKOS_PD_001
2007Q3,2007-09-30,2008-09-30,MON-06,brier_reliability,0.000052080622285066896,8.285079028259359e-7,breach,medium,6186.1% above the development-sample 0.0000 (breach at 400%),model_owner,model_owner_and_second_line,Reliability isolates miscalibration from the irreducible base-rate variance that moves the headline Brier score whenever the default rate moves. A rising reliability term with a flat Gini is the signature of a model that still ranks but no longer predicts a level.,false,"",26464,false,RISKOS_PD_001
2007Q3,2007-09-30,2008-09-30,MON-05,gini,0.6902274102203001,0.787221102767375,warn,medium,12.3% below the development-sample 0.7872 (warn at 10%),model_owner,model_owner_and_second_line,"Measured as a proportional fall from the development-sample Gini, not an absolute floor, because what matters is whether the model still ranks as well as it did when it was approved. Breach — ranking power has gone; the model no longer supports the decisions it was approved for.",false,"",26464,false,RISKOS_PD_001
2007Q3,2007-09-30,2008-09-30,MON-04,observed_over_expected,1.6582860008906761,,warn,medium,"1.6583 outside warn band [0.8, 1.25]",model_owner,model_owner_and_second_line,"Calibration is the dimension that converts directly into a money number: ECL is PD x LGD x EAD, so a ratio of 2.0 understates the provision by half. Warn — recalibrate at the next scheduled review. Breach — the reported provision is materially wrong; notify finance and second line in the same reporting period.",false,"",26464,false,RISKOS_PD_001
2007Q4,2007-12-31,2007-12-31,MON-02,max_feature_csi,0.6197322442076076,,breach,medium,0.6197 above breach threshold 0.25,model_owner,model_owner_and_second_line,Identify the feature and decide whether the shift is a data-supply change (a vendor field changing coverage) or a genuine portfolio change. The two have opposite remediations and the metric cannot tell them apart.,false,"",27449,false,RISKOS_PD_001
2007Q4,2007-12-31,2008-12-31,MON-06,brier_reliability,0.00012978899054985821,8.285079028259359e-7,breach,medium,15565.4% above the development-sample 0.0000 (breach at 400%),model_owner,model_owner_and_second_line,Reliability isolates miscalibration from the irreducible base-rate variance that moves the headline Brier score whenever the default rate moves. A rising reliability term with a flat Gini is the signature of a model that still ranks but no longer predicts a level.,false,"",27449,false,RISKOS_PD_001
2007Q4,2007-12-31,2008-12-31,MON-05,gini,0.6767189575402057,0.787221102767375,warn,medium,14.0% below the development-sample 0.7872 (warn at 10%),model_owner,model_owner_and_second_line,"Measured as a proportional fall from the development-sample Gini, not an absolute floor, because what matters is whether the model still ranks as well as it did when it was approved. Breach — ranking power has gone; the model no longer supports the decisions it was approved for.",false,"",27449,false,RISKOS_PD_001
2008Q1,2008-03-31,2009-03-31,MON-05,gini,0.6428145285781437,0.787221102767375,warn,medium,18.3% below the development-sample 0.7872 (warn at 10%),model_owner,model_owner_and_second_line,"Measured as a proportional fall from the development-sample Gini, not an absolute floor, because what matters is whether the model still ranks as well as it did when it was approved. Breach — ranking power has gone; the model no longer supports the decisions it was approved for.",false,"",28124,false,RISKOS_PD_001
2008Q1,2008-03-31,2008-03-31,MON-02,max_feature_csi,0.6371667172662245,,breach,medium,0.6372 above breach threshold 0.25,model_owner,model_owner_and_second_line,Identify the feature and decide whether the shift is a data-supply change (a vendor field changing coverage) or a genuine portfolio change. The two have opposite remediations and the metric cannot tell them apart.,false,"",28124,false,RISKOS_PD_001
2008Q1,2008-03-31,2009-03-31,MON-06,brier_reliability,0.00036031759225800016,8.285079028259359e-7,breach,medium,43389.9% above the development-sample 0.0000 (breach at 400%),model_owner,model_owner_and_second_line,Reliability isolates miscalibration from the irreducible base-rate variance that moves the headline Brier score whenever the default rate moves. A rising reliability term with a flat Gini is the signature of a model that still ranks but no longer predicts a level.,false,"",28124,false,RISKOS_PD_001
2008Q2,2008-06-30,2009-06-30,MON-06,brier_reliability,0.0005220638062649012,8.285079028259359e-7,breach,medium,62912.5% above the development-sample 0.0000 (breach at 400%),model_owner,model_owner_and_second_line,Reliability isolates miscalibration from the irreducible base-rate variance that moves the headline Brier score whenever the default rate moves. A rising reliability term with a flat Gini is the signature of a model that still ranks but no longer predicts a level.,false,"",29120,false,RISKOS_PD_001
2008Q2,2008-06-30,2009-06-30,MON-05,gini,0.6125224500397184,0.787221102767375,warn,medium,22.2% below the development-sample 0.7872 (warn at 10%),model_owner,model_owner_and_second_line,"Measured as a proportional fall from the development-sample Gini, not an absolute floor, because what matters is whether the model still ranks as well as it did when it was approved. Breach — ranking power has gone; the model no longer supports the decisions it was approved for.",false,"",29120,false,RISKOS_PD_001
2008Q2,2008-06-30,2008-06-30,MON-02,max_feature_csi,0.6658951492433463,,breach,medium,0.6659 above breach threshold 0.25,model_owner,model_owner_and_second_line,Identify the feature and decide whether the shift is a data-supply change (a vendor field changing coverage) or a genuine portfolio change. The two have opposite remediations and the metric cannot tell them apart.,false,"",29120,false,RISKOS_PD_001
2008Q3,2008-09-30,2008-09-30,MON-02,max_feature_csi,0.6721340749248712,,breach,medium,0.6721 above breach threshold 0.25,model_owner,model_owner_and_second_line,Identify the feature and decide whether the shift is a data-supply change (a vendor field changing coverage) or a genuine portfolio change. The two have opposite remediations and the metric cannot tell them apart.,false,"",30034,false,RISKOS_PD_001
2008Q3,2008-09-30,2009-09-30,MON-06,brier_reliability,0.0008340190738294821,8.285079028259359e-7,breach,medium,100565.2% above the development-sample 0.0000 (breach at 400%),model_owner,model_owner_and_second_line,Reliability isolates miscalibration from the irreducible base-rate variance that moves the headline Brier score whenever the default rate moves. A rising reliability term with a flat Gini is the signature of a model that still ranks but no longer predicts a level.,false,"",30034,false,RISKOS_PD_001
2008Q3,2008-09-30,2009-09-30,MON-05,gini,0.6313765827535718,0.787221102767375,warn,medium,19.8% below the development-sample 0.7872 (warn at 10%),model_owner,model_owner_and_second_line,"Measured as a proportional fall from the development-sample Gini, not an absolute floor, because what matters is whether the model still ranks as well as it did when it was approved. Breach — ranking power has gone; the model no longer supports the decisions it was approved for.",false,"",30034,false,RISKOS_PD_001
2008Q4,2008-12-31,2008-12-31,MON-03,n_features_csi_significant,3.0,,breach,medium,3.0000 above breach threshold 2.0,model_owner,model_owner_and_second_line,"One drifting input is a feature problem. Three at once is usually an upstream data problem, and the first check is the ingest layer, not the model.",false,"",30800,false,RISKOS_PD_001
2008Q4,2008-12-31,2008-12-31,MON-02,max_feature_csi,0.679908534711654,,breach,medium,0.6799 above breach threshold 0.25,model_owner,model_owner_and_second_line,Identify the feature and decide whether the shift is a data-supply change (a vendor field changing coverage) or a genuine portfolio change. The two have opposite remediations and the metric cannot tell them apart.,false,"",30800,false,RISKOS_PD_001
2008Q4,2008-12-31,2009-12-31,MON-06,brier_reliability,0.0011031869986261314,8.285079028259359e-7,breach,medium,133053.5% above the development-sample 0.0000 (breach at 400%),model_owner,model_owner_and_second_line,Reliability isolates miscalibration from the irreducible base-rate variance that moves the headline Brier score whenever the default rate moves. A rising reliability term with a flat Gini is the signature of a model that still ranks but no longer predicts a level.,false,"",30800,false,RISKOS_PD_001
2008Q4,2008-12-31,2009-12-31,MON-05,gini,0.6241857026466058,0.787221102767375,warn,medium,20.7% below the development-sample 0.7872 (warn at 10%),model_owner,model_owner_and_second_line,"Measured as a proportional fall from the development-sample Gini, not an absolute floor, because what matters is whether the model still ranks as well as it did when it was approved. Breach — ranking power has gone; the model no longer supports the decisions it was approved for.",false,"",30800,false,RISKOS_PD_001
2009Q1,2009-03-31,2009-03-31,MON-03,n_features_csi_significant,3.0,,breach,medium,3.0000 above breach threshold 2.0,model_owner,model_owner_and_second_line,"One drifting input is a feature problem. Three at once is usually an upstream data problem, and the first check is the ingest layer, not the model.",false,"",30456,false,RISKOS_PD_001
2009Q1,2009-03-31,2009-03-31,MON-02,max_feature_csi,0.7050332462372076,,breach,medium,0.7050 above breach threshold 0.25,model_owner,model_owner_and_second_line,Identify the feature and decide whether the shift is a data-supply change (a vendor field changing coverage) or a genuine portfolio change. The two have opposite remediations and the metric cannot tell them apart.,false,"",30456,false,RISKOS_PD_001
2009Q1,2009-03-31,2010-03-31,MON-06,brier_reliability,0.001431082645842184,8.285079028259359e-7,breach,medium,172630.1% above the development-sample 0.0000 (breach at 400%),model_owner,model_owner_and_second_line,Reliability isolates miscalibration from the irreducible base-rate variance that moves the headline Brier score whenever the default rate moves. A rising reliability term with a flat Gini is the signature of a model that still ranks but no longer predicts a level.,false,"",30456,false,RISKOS_PD_001
2009Q1,2009-03-31,2010-03-31,MON-05,gini,0.6140314512466423,0.787221102767375,warn,medium,22.0% below the development-sample 0.7872 (warn at 10%),model_owner,model_owner_and_second_line,"Measured as a proportional fall from the development-sample Gini, not an absolute floor, because what matters is whether the model still ranks as well as it did when it was approved. Breach — ranking power has gone; the model no longer supports the decisions it was approved for.",false,"",30456,false,RISKOS_PD_001
2009Q2,2009-06-30,2009-06-30,MON-03,n_features_csi_significant,3.0,,breach,medium,3.0000 above breach threshold 2.0,model_owner,model_owner_and_second_line,"One drifting input is a feature problem. Three at once is usually an upstream data problem, and the first check is the ingest layer, not the model.",false,"",29813,false,RISKOS_PD_001
2009Q2,2009-06-30,2009-06-30,MON-02,max_feature_csi,0.7607302443267043,,breach,medium,0.7607 above breach threshold 0.25,model_owner,model_owner_and_second_line,Identify the feature and decide whether the shift is a data-supply change (a vendor field changing coverage) or a genuine portfolio change. The two have opposite remediations and the metric cannot tell them apart.,false,"",29813,false,RISKOS_PD_001
2009Q2,2009-06-30,2010-06-30,MON-06,brier_reliability,0.0012991709206071368,8.285079028259359e-7,breach,medium,156708.5% above the development-sample 0.0000 (breach at 400%),model_owner,model_owner_and_second_line,Reliability isolates miscalibration from the irreducible base-rate variance that moves the headline Brier score whenever the default rate moves. A rising reliability term with a flat Gini is the signature of a model that still ranks but no longer predicts a level.,false,"",29813,false,RISKOS_PD_001
2009Q2,2009-06-30,2010-06-30,MON-05,gini,0.6196566047035001,0.787221102767375,warn,medium,21.3% below the development-sample 0.7872 (warn at 10%),model_owner,model_owner_and_second_line,"Measured as a proportional fall from the development-sample Gini, not an absolute floor, because what matters is whether the model still ranks as well as it did when it was approved. Breach — ranking power has gone; the model no longer supports the decisions it was approved for.",false,"",29813,false,RISKOS_PD_001
2009Q3,2009-09-30,2010-09-30,MON-05,gini,0.6566576686665251,0.787221102767375,warn,medium,16.6% below the development-sample 0.7872 (warn at 10%),model_owner,model_owner_and_second_line,"Measured as a proportional fall from the development-sample Gini, not an absolute floor, because what matters is whether the model still ranks as well as it did when it was approved. Breach — ranking power has gone; the model no longer supports the decisions it was approved for.",false,"",30087,false,RISKOS_PD_001
2009Q3,2009-09-30,2009-09-30,MON-03,n_features_csi_significant,3.0,,breach,medium,3.0000 above breach threshold 2.0,model_owner,model_owner_and_second_line,"One drifting input is a feature problem. Three at once is usually an upstream data problem, and the first check is the ingest layer, not the model.",false,"",30087,false,RISKOS_PD_001
2009Q3,2009-09-30,2009-09-30,MON-02,max_feature_csi,0.7760689259678308,,breach,medium,0.7761 above breach threshold 0.25,model_owner,model_owner_and_second_line,Identify the feature and decide whether the shift is a data-supply change (a vendor field changing coverage) or a genuine portfolio change. The two have opposite remediations and the metric cannot tell them apart.,false,"",30087,false,RISKOS_PD_001
2009Q3,2009-09-30,2010-09-30,MON-06,brier_reliability,0.0011692505246940843,8.285079028259359e-7,breach,medium,141027.3% above the development-sample 0.0000 (breach at 400%),model_owner,model_owner_and_second_line,Reliability isolates miscalibration from the irreducible base-rate variance that moves the headline Brier score whenever the default rate moves. A rising reliability term with a flat Gini is the signature of a model that still ranks but no longer predicts a level.,false,"",30087,false,RISKOS_PD_001
2009Q4,2009-12-31,2009-12-31,MON-02,max_feature_csi,0.8014367588336857,,breach,medium,0.8014 above breach threshold 0.25,model_owner,model_owner_and_second_line,Identify the feature and decide whether the shift is a data-supply change (a vendor field changing coverage) or a genuine portfolio change. The two have opposite remediations and the metric cannot tell them apart.,false,"",30074,false,RISKOS_PD_001
2009Q4,2009-12-31,2009-12-31,MON-03,n_features_csi_significant,3.0,,breach,medium,3.0000 above breach threshold 2.0,model_owner,model_owner_and_second_line,"One drifting input is a feature problem. Three at once is usually an upstream data problem, and the first check is the ingest layer, not the model.",false,"",30074,false,RISKOS_PD_001
2009Q4,2009-12-31,2010-12-31,MON-05,gini,0.6657329591435661,0.787221102767375,warn,medium,15.4% below the development-sample 0.7872 (warn at 10%),model_owner,model_owner_and_second_line,"Measured as a proportional fall from the development-sample Gini, not an absolute floor, because what matters is whether the model still ranks as well as it did when it was approved. Breach — ranking power has gone; the model no longer supports the decisions it was approved for.",false,"",30074,false,RISKOS_PD_001
2009Q4,2009-12-31,2010-12-31,MON-06,brier_reliability,0.0008366050066591665,8.285079028259359e-7,breach,medium,100877.3% above the development-sample 0.0000 (breach at 400%),model_owner,model_owner_and_second_line,Reliability isolates miscalibration from the irreducible base-rate variance that moves the headline Brier score whenever the default rate moves. A rising reliability term with a flat Gini is the signature of a model that still ranks but no longer predicts a level.,false,"",30074,false,RISKOS_PD_001
2015Q1,2015-03-31,2015-03-31,MON-01,score_psi,0.16283933526005948,,warn,medium,0.1628 above warn threshold 0.1,model_owner,model_owner_and_second_line,Warn — investigate which score bands moved and whether the shift is portfolio mix or model behaviour. Breach — the scored population is no longer the population the model was calibrated on; escalate to second line and open a redevelopment assessment.,false,"",20085,false,RISKOS_PD_001
2015Q1,2015-03-31,2015-03-31,MON-02,max_feature_csi,5.564150399877427,,breach,medium,5.5642 above breach threshold 0.25,model_owner,model_owner_and_second_line,Identify the feature and decide whether the shift is a data-supply change (a vendor field changing coverage) or a genuine portfolio change. The two have opposite remediations and the metric cannot tell them apart.,false,"",20085,false,RISKOS_PD_001
2015Q1,2015-03-31,2015-03-31,MON-03,n_features_csi_significant,5.0,,breach,medium,5.0000 above breach threshold 2.0,model_owner,model_owner_and_second_line,"One drifting input is a feature problem. Three at once is usually an upstream data problem, and the first check is the ingest layer, not the model.",false,"",20085,false,RISKOS_PD_001
2015Q1,2015-03-31,2016-03-31,MON-05,gini,0.6751696346459326,0.787221102767375,warn,medium,14.2% below the development-sample 0.7872 (warn at 10%),model_owner,model_owner_and_second_line,"Measured as a proportional fall from the development-sample Gini, not an absolute floor, because what matters is whether the model still ranks as well as it did when it was approved. Breach — ranking power has gone; the model no longer supports the decisions it was approved for.",false,"",20085,false,RISKOS_PD_001
2015Q1,2015-03-31,2016-03-31,MON-06,brier_reliability,0.00003637410267320622,8.285079028259359e-7,breach,medium,4290.3% above the development-sample 0.0000 (breach at 400%),model_owner,model_owner_and_second_line,Reliability isolates miscalibration from the irreducible base-rate variance that moves the headline Brier score whenever the default rate moves. A rising reliability term with a flat Gini is the signature of a model that still ranks but no longer predicts a level.,false,"",20085,false,RISKOS_PD_001
2015Q1,2015-03-31,2016-03-31,MON-04,observed_over_expected,1.923043775805612,,warn,medium,"1.9230 outside warn band [0.8, 1.25]",model_owner,model_owner_and_second_line,"Calibration is the dimension that converts directly into a money number: ECL is PD x LGD x EAD, so a ratio of 2.0 understates the provision by half. Warn — recalibrate at the next scheduled review. Breach — the reported provision is materially wrong; notify finance and second line in the same reporting period.",false,"",20085,false,RISKOS_PD_001
2015Q2,2015-06-30,2015-06-30,MON-01,score_psi,0.1835376819524439,,warn,medium,0.1835 above warn threshold 0.1,model_owner,model_owner_and_second_line,Warn — investigate which score bands moved and whether the shift is portfolio mix or model behaviour. Breach — the scored population is no longer the population the model was calibrated on; escalate to second line and open a redevelopment assessment.,false,"",20828,false,RISKOS_PD_001
2015Q2,2015-06-30,2015-06-30,MON-02,max_feature_csi,5.0304237121203705,,breach,medium,5.0304 above breach threshold 0.25,model_owner,model_owner_and_second_line,Identify the feature and decide whether the shift is a data-supply change (a vendor field changing coverage) or a genuine portfolio change. The two have opposite remediations and the metric cannot tell them apart.,false,"",20828,false,RISKOS_PD_001
2015Q2,2015-06-30,2016-06-30,MON-06,brier_reliability,0.00002446243238953389,8.285079028259359e-7,breach,medium,2852.6% above the development-sample 0.0000 (breach at 400%),model_owner,model_owner_and_second_line,Reliability isolates miscalibration from the irreducible base-rate variance that moves the headline Brier score whenever the default rate moves. A rising reliability term with a flat Gini is the signature of a model that still ranks but no longer predicts a level.,false,"",20828,false,RISKOS_PD_001
2015Q2,2015-06-30,2016-06-30,MON-05,gini,0.704001092735411,0.787221102767375,warn,medium,10.6% below the development-sample 0.7872 (warn at 10%),model_owner,model_owner_and_second_line,"Measured as a proportional fall from the development-sample Gini, not an absolute floor, because what matters is whether the model still ranks as well as it did when it was approved. Breach — ranking power has gone; the model no longer supports the decisions it was approved for.",false,"",20828,false,RISKOS_PD_001
2015Q2,2015-06-30,2016-06-30,MON-04,observed_over_expected,1.7628775855071717,,warn,medium,"1.7629 outside warn band [0.8, 1.25]",model_owner,model_owner_and_second_line,"Calibration is the dimension that converts directly into a money number: ECL is PD x LGD x EAD, so a ratio of 2.0 understates the provision by half. Warn — recalibrate at the next scheduled review. Breach — the reported provision is materially wrong; notify finance and second line in the same reporting period.",false,"",20828,false,RISKOS_PD_001
2015Q2,2015-06-30,2015-06-30,MON-03,n_features_csi_significant,5.0,,breach,medium,5.0000 above breach threshold 2.0,model_owner,model_owner_and_second_line,"One drifting input is a feature problem. Three at once is usually an upstream data problem, and the first check is the ingest layer, not the model.",false,"",20828,false,RISKOS_PD_001
2015Q3,2015-09-30,2016-09-30,MON-04,observed_over_expected,1.691344518982026,,warn,medium,"1.6913 outside warn band [0.8, 1.25]",model_owner,model_owner_and_second_line,"Calibration is the dimension that converts directly into a money number: ECL is PD x LGD x EAD, so a ratio of 2.0 understates the provision by half. Warn — recalibrate at the next scheduled review. Breach — the reported provision is materially wrong; notify finance and second line in the same reporting period.",false,"",21548,false,RISKOS_PD_001
2015Q3,2015-09-30,2016-09-30,MON-06,brier_reliability,0.00002042394069648691,8.285079028259359e-7,breach,medium,2365.1% above the development-sample 0.0000 (breach at 400%),model_owner,model_owner_and_second_line,Reliability isolates miscalibration from the irreducible base-rate variance that moves the headline Brier score whenever the default rate moves. A rising reliability term with a flat Gini is the signature of a model that still ranks but no longer predicts a level.,false,"",21548,false,RISKOS_PD_001
2015Q3,2015-09-30,2015-09-30,MON-03,n_features_csi_significant,5.0,,breach,medium,5.0000 above breach threshold 2.0,model_owner,model_owner_and_second_line,"One drifting input is a feature problem. Three at once is usually an upstream data problem, and the first check is the ingest layer, not the model.",false,"",21548,false,RISKOS_PD_001
2015Q3,2015-09-30,2015-09-30,MON-02,max_feature_csi,4.676640585264604,,breach,medium,4.6766 above breach threshold 0.25,model_owner,model_owner_and_second_line,Identify the feature and decide whether the shift is a data-supply change (a vendor field changing coverage) or a genuine portfolio change. The two have opposite remediations and the metric cannot tell them apart.,false,"",21548,false,RISKOS_PD_001
2015Q3,2015-09-30,2015-09-30,MON-01,score_psi,0.19682735915918842,,warn,medium,0.1968 above warn threshold 0.1,model_owner,model_owner_and_second_line,Warn — investigate which score bands moved and whether the shift is portfolio mix or model behaviour. Breach — the scored population is no longer the population the model was calibrated on; escalate to second line and open a redevelopment assessment.,false,"",21548,false,RISKOS_PD_001
2015Q3,2015-09-30,2016-09-30,MON-05,gini,0.6876017643604526,0.787221102767375,warn,medium,12.7% below the development-sample 0.7872 (warn at 10%),model_owner,model_owner_and_second_line,"Measured as a proportional fall from the development-sample Gini, not an absolute floor, because what matters is whether the model still ranks as well as it did when it was approved. Breach — ranking power has gone; the model no longer supports the decisions it was approved for.",false,"",21548,false,RISKOS_PD_001
2015Q4,2015-12-31,2016-12-31,MON-05,gini,0.7057021479269714,0.787221102767375,warn,medium,10.4% below the development-sample 0.7872 (warn at 10%),model_owner,model_owner_and_second_line,"Measured as a proportional fall from the development-sample Gini, not an absolute floor, because what matters is whether the model still ranks as well as it did when it was approved. Breach — ranking power has gone; the model no longer supports the decisions it was approved for.",false,"",22248,false,RISKOS_PD_001
2015Q4,2015-12-31,2015-12-31,MON-03,n_features_csi_significant,5.0,,breach,medium,5.0000 above breach threshold 2.0,model_owner,model_owner_and_second_line,"One drifting input is a feature problem. Three at once is usually an upstream data problem, and the first check is the ingest layer, not the model.",false,"",22248,false,RISKOS_PD_001
2015Q4,2015-12-31,2015-12-31,MON-02,max_feature_csi,4.005684728236095,,breach,medium,4.0057 above breach threshold 0.25,model_owner,model_owner_and_second_line,Identify the feature and decide whether the shift is a data-supply change (a vendor field changing coverage) or a genuine portfolio change. The two have opposite remediations and the metric cannot tell them apart.,false,"",22248,false,RISKOS_PD_001
2015Q4,2015-12-31,2015-12-31,MON-01,score_psi,0.20506181346167468,,warn,medium,0.2051 above warn threshold 0.1,model_owner,model_owner_and_second_line,Warn — investigate which score bands moved and whether the shift is portfolio mix or model behaviour. Breach — the scored population is no longer the population the model was calibrated on; escalate to second line and open a redevelopment assessment.,false,"",22248,false,RISKOS_PD_001
2015Q4,2015-12-31,2016-12-31,MON-04,observed_over_expected,1.7754942388753334,,warn,medium,"1.7755 outside warn band [0.8, 1.25]",model_owner,model_owner_and_second_line,"Calibration is the dimension that converts directly into a money number: ECL is PD x LGD x EAD, so a ratio of 2.0 understates the provision by half. Warn — recalibrate at the next scheduled review. Breach — the reported provision is materially wrong; notify finance and second line in the same reporting period.",false,"",22248,false,RISKOS_PD_001
2015Q4,2015-12-31,2016-12-31,MON-06,brier_reliability,0.000029797509652173186,8.285079028259359e-7,breach,medium,3496.5% above the development-sample 0.0000 (breach at 400%),model_owner,model_owner_and_second_line,Reliability isolates miscalibration from the irreducible base-rate variance that moves the headline Brier score whenever the default rate moves. A rising reliability term with a flat Gini is the signature of a model that still ranks but no longer predicts a level.,false,"",22248,false,RISKOS_PD_001
2016Q1,2016-03-31,2017-03-31,MON-04,observed_over_expected,1.79473868051226,,warn,medium,"1.7947 outside warn band [0.8, 1.25]",model_owner,model_owner_and_second_line,"Calibration is the dimension that converts directly into a money number: ECL is PD x LGD x EAD, so a ratio of 2.0 understates the provision by half. Warn — recalibrate at the next scheduled review. Breach — the reported provision is materially wrong; notify finance and second line in the same reporting period.",false,"",22932,false,RISKOS_PD_001
2016Q1,2016-03-31,2017-03-31,MON-06,brier_reliability,0.000023917016945104992,8.285079028259359e-7,breach,medium,2786.8% above the development-sample 0.0000 (breach at 400%),model_owner,model_owner_and_second_line,Reliability isolates miscalibration from the irreducible base-rate variance that moves the headline Brier score whenever the default rate moves. A rising reliability term with a flat Gini is the signature of a model that still ranks but no longer predicts a level.,false,"",22932,false,RISKOS_PD_001
2016Q1,2016-03-31,2017-03-31,MON-05,gini,0.6887400439682454,0.787221102767375,warn,medium,12.5% below the development-sample 0.7872 (warn at 10%),model_owner,model_owner_and_second_line,"Measured as a proportional fall from the development-sample Gini, not an absolute floor, because what matters is whether the model still ranks as well as it did when it was approved. Breach — ranking power has gone; the model no longer supports the decisions it was approved for.",false,"",22932,false,RISKOS_PD_001
2016Q1,2016-03-31,2016-03-31,MON-01,score_psi,0.21150007432086215,,warn,medium,0.2115 above warn threshold 0.1,model_owner,model_owner_and_second_line,Warn — investigate which score bands moved and whether the shift is portfolio mix or model behaviour. Breach — the scored population is no longer the population the model was calibrated on; escalate to second line and open a redevelopment assessment.,false,"",22932,false,RISKOS_PD_001
2016Q1,2016-03-31,2016-03-31,MON-02,max_feature_csi,3.2476644364026797,,breach,medium,3.2477 above breach threshold 0.25,model_owner,model_owner_and_second_line,Identify the feature and decide whether the shift is a data-supply change (a vendor field changing coverage) or a genuine portfolio change. The two have opposite remediations and the metric cannot tell them apart.,false,"",22932,false,RISKOS_PD_001
2016Q1,2016-03-31,2016-03-31,MON-03,n_features_csi_significant,6.0,,breach,medium,6.0000 above breach threshold 2.0,model_owner,model_owner_and_second_line,"One drifting input is a feature problem. Three at once is usually an upstream data problem, and the first check is the ingest layer, not the model.",false,"",22932,false,RISKOS_PD_001
2016Q2,2016-06-30,2016-06-30,MON-03,n_features_csi_significant,6.0,,breach,medium,6.0000 above breach threshold 2.0,model_owner,model_owner_and_second_line,"One drifting input is a feature problem. Three at once is usually an upstream data problem, and the first check is the ingest layer, not the model.",false,"",23646,false,RISKOS_PD_001
2016Q2,2016-06-30,2017-06-30,MON-06,brier_reliability,0.000029131099550417225,8.285079028259359e-7,breach,medium,3416.1% above the development-sample 0.0000 (breach at 400%),model_owner,model_owner_and_second_line,Reliability isolates miscalibration from the irreducible base-rate variance that moves the headline Brier score whenever the default rate moves. A rising reliability term with a flat Gini is the signature of a model that still ranks but no longer predicts a level.,false,"",23646,false,RISKOS_PD_001
2016Q2,2016-06-30,2017-06-30,MON-04,observed_over_expected,1.62286204345948,,warn,medium,"1.6229 outside warn band [0.8, 1.25]",model_owner,model_owner_and_second_line,"Calibration is the dimension that converts directly into a money number: ECL is PD x LGD x EAD, so a ratio of 2.0 understates the provision by half. Warn — recalibrate at the next scheduled review. Breach — the reported provision is materially wrong; notify finance and second line in the same reporting period.",false,"",23646,false,RISKOS_PD_001
2016Q2,2016-06-30,2016-06-30,MON-01,score_psi,0.21398958696626252,,warn,medium,0.2140 above warn threshold 0.1,model_owner,model_owner_and_second_line,Warn — investigate which score bands moved and whether the shift is portfolio mix or model behaviour. Breach — the scored population is no longer the population the model was calibrated on; escalate to second line and open a redevelopment assessment.,false,"",23646,false,RISKOS_PD_001
2016Q2,2016-06-30,2016-06-30,MON-02,max_feature_csi,3.066233508056353,,breach,medium,3.0662 above breach threshold 0.25,model_owner,model_owner_and_second_line,Identify the feature and decide whether the shift is a data-supply change (a vendor field changing coverage) or a genuine portfolio change. The two have opposite remediations and the metric cannot tell them apart.,false,"",23646,false,RISKOS_PD_001
2016Q3,2016-09-30,2017-09-30,MON-06,brier_reliability,0.00002251548355771031,8.285079028259359e-7,breach,medium,2617.6% above the development-sample 0.0000 (breach at 400%),model_owner,model_owner_and_second_line,Reliability isolates miscalibration from the irreducible base-rate variance that moves the headline Brier score whenever the default rate moves. A rising reliability term with a flat Gini is the signature of a model that still ranks but no longer predicts a level.,false,"",24207,false,RISKOS_PD_001
2016Q3,2016-09-30,2016-09-30,MON-01,score_psi,0.21972094841759604,,warn,medium,0.2197 above warn threshold 0.1,model_owner,model_owner_and_second_line,Warn — investigate which score bands moved and whether the shift is portfolio mix or model behaviour. Breach — the scored population is no longer the population the model was calibrated on; escalate to second line and open a redevelopment assessment.,false,"",24207,false,RISKOS_PD_001
2016Q3,2016-09-30,2017-09-30,MON-04,observed_over_expected,1.569619694358326,,warn,medium,"1.5696 outside warn band [0.8, 1.25]",model_owner,model_owner_and_second_line,"Calibration is the dimension that converts directly into a money number: ECL is PD x LGD x EAD, so a ratio of 2.0 understates the provision by half. Warn — recalibrate at the next scheduled review. Breach — the reported provision is materially wrong; notify finance and second line in the same reporting period.",false,"",24207,false,RISKOS_PD_001
2016Q3,2016-09-30,2016-09-30,MON-02,max_feature_csi,3.1734974313785713,,breach,medium,3.1735 above breach threshold 0.25,model_owner,model_owner_and_second_line,Identify the feature and decide whether the shift is a data-supply change (a vendor field changing coverage) or a genuine portfolio change. The two have opposite remediations and the metric cannot tell them apart.,false,"",24207,false,RISKOS_PD_001
2016Q3,2016-09-30,2016-09-30,MON-03,n_features_csi_significant,6.0,,breach,medium,6.0000 above breach threshold 2.0,model_owner,model_owner_and_second_line,"One drifting input is a feature problem. Three at once is usually an upstream data problem, and the first check is the ingest layer, not the model.",false,"",24207,false,RISKOS_PD_001
2016Q4,2016-12-31,2017-12-31,MON-06,brier_reliability,0.000034944371844001184,8.285079028259359e-7,breach,medium,4117.7% above the development-sample 0.0000 (breach at 400%),model_owner,model_owner_and_second_line,Reliability isolates miscalibration from the irreducible base-rate variance that moves the headline Brier score whenever the default rate moves. A rising reliability term with a flat Gini is the signature of a model that still ranks but no longer predicts a level.,false,"",24719,false,RISKOS_PD_001
2016Q4,2016-12-31,2017-12-31,MON-04,observed_over_expected,1.916569365188324,,warn,medium,"1.9166 outside warn band [0.8, 1.25]",model_owner,model_owner_and_second_line,"Calibration is the dimension that converts directly into a money number: ECL is PD x LGD x EAD, so a ratio of 2.0 understates the provision by half. Warn — recalibrate at the next scheduled review. Breach — the reported provision is materially wrong; notify finance and second line in the same reporting period.",false,"",24719,false,RISKOS_PD_001
2016Q4,2016-12-31,2016-12-31,MON-01,score_psi,0.2258996488094565,,warn,medium,0.2259 above warn threshold 0.1,model_owner,model_owner_and_second_line,Warn — investigate which score bands moved and whether the shift is portfolio mix or model behaviour. Breach — the scored population is no longer the population the model was calibrated on; escalate to second line and open a redevelopment assessment.,false,"",24719,false,RISKOS_PD_001
2016Q4,2016-12-31,2016-12-31,MON-02,max_feature_csi,3.2882500263694405,,breach,medium,3.2883 above breach threshold 0.25,model_owner,model_owner_and_second_line,Identify the feature and decide whether the shift is a data-supply change (a vendor field changing coverage) or a genuine portfolio change. The two have opposite remediations and the metric cannot tell them apart.,false,"",24719,false,RISKOS_PD_001
2016Q4,2016-12-31,2016-12-31,MON-03,n_features_csi_significant,6.0,,breach,medium,6.0000 above breach threshold 2.0,model_owner,model_owner_and_second_line,"One drifting input is a feature problem. Three at once is usually an upstream data problem, and the first check is the ingest layer, not the model.",false,"",24719,false,RISKOS_PD_001
2017Q1,2017-03-31,2018-03-31,MON-06,brier_reliability,0.00004132376120530787,8.285079028259359e-7,breach,medium,4887.7% above the development-sample 0.0000 (breach at 400%),model_owner,model_owner_and_second_line,Reliability isolates miscalibration from the irreducible base-rate variance that moves the headline Brier score whenever the default rate moves. A rising reliability term with a flat Gini is the signature of a model that still ranks but no longer predicts a level.,false,"",25573,false,RISKOS_PD_001
2017Q1,2017-03-31,2018-03-31,MON-05,gini,0.7046819531055184,0.787221102767375,warn,medium,10.5% below the development-sample 0.7872 (warn at 10%),model_owner,model_owner_and_second_line,"Measured as a proportional fall from the development-sample Gini, not an absolute floor, because what matters is whether the model still ranks as well as it did when it was approved. Breach — ranking power has gone; the model no longer supports the decisions it was approved for.",false,"",25573,false,RISKOS_PD_001
2017Q1,2017-03-31,2017-03-31,MON-01,score_psi,0.23536169208922197,,warn,medium,0.2354 above warn threshold 0.1,model_owner,model_owner_and_second_line,Warn — investigate which score bands moved and whether the shift is portfolio mix or model behaviour. Breach — the scored population is no longer the population the model was calibrated on; escalate to second line and open a redevelopment assessment.,false,"",25573,false,RISKOS_PD_001
2017Q1,2017-03-31,2017-03-31,MON-02,max_feature_csi,3.406516729191703,,breach,medium,3.4065 above breach threshold 0.25,model_owner,model_owner_and_second_line,Identify the feature and decide whether the shift is a data-supply change (a vendor field changing coverage) or a genuine portfolio change. The two have opposite remediations and the metric cannot tell them apart.,false,"",25573,false,RISKOS_PD_001
2017Q1,2017-03-31,2017-03-31,MON-03,n_features_csi_significant,6.0,,breach,medium,6.0000 above breach threshold 2.0,model_owner,model_owner_and_second_line,"One drifting input is a feature problem. Three at once is usually an upstream data problem, and the first check is the ingest layer, not the model.",false,"",25573,false,RISKOS_PD_001
2017Q2,2017-06-30,2017-06-30,MON-01,score_psi,0.23497504473868286,,warn,medium,0.2350 above warn threshold 0.1,model_owner,model_owner_and_second_line,Warn — investigate which score bands moved and whether the shift is portfolio mix or model behaviour. Breach — the scored population is no longer the population the model was calibrated on; escalate to second line and open a redevelopment assessment.,false,"",26348,false,RISKOS_PD_001
2017Q2,2017-06-30,2017-06-30,MON-02,max_feature_csi,3.5151500768469557,,breach,medium,3.5152 above breach threshold 0.25,model_owner,model_owner_and_second_line,Identify the feature and decide whether the shift is a data-supply change (a vendor field changing coverage) or a genuine portfolio change. The two have opposite remediations and the metric cannot tell them apart.,false,"",26348,false,RISKOS_PD_001
2017Q2,2017-06-30,2017-06-30,MON-03,n_features_csi_significant,7.0,,breach,medium,7.0000 above breach threshold 2.0,model_owner,model_owner_and_second_line,"One drifting input is a feature problem. Three at once is usually an upstream data problem, and the first check is the ingest layer, not the model.",false,"",26348,false,RISKOS_PD_001
2017Q2,2017-06-30,2018-06-30,MON-06,brier_reliability,0.00003525060532671221,8.285079028259359e-7,breach,medium,4154.7% above the development-sample 0.0000 (breach at 400%),model_owner,model_owner_and_second_line,Reliability isolates miscalibration from the irreducible base-rate variance that moves the headline Brier score whenever the default rate moves. A rising reliability term with a flat Gini is the signature of a model that still ranks but no longer predicts a level.,false,"",26348,false,RISKOS_PD_001
2017Q2,2017-06-30,2018-06-30,MON-05,gini,0.6505374290007895,0.787221102767375,warn,medium,17.4% below the development-sample 0.7872 (warn at 10%),model_owner,model_owner_and_second_line,"Measured as a proportional fall from the development-sample Gini, not an absolute floor, because what matters is whether the model still ranks as well as it did when it was approved. Breach — ranking power has gone; the model no longer supports the decisions it was approved for.",false,"",26348,false,RISKOS_PD_001
2017Q3,2017-09-30,2018-09-30,MON-04,observed_over_expected,1.9799162743305139,,warn,medium,"1.9799 outside warn band [0.8, 1.25]",model_owner,model_owner_and_second_line,"Calibration is the dimension that converts directly into a money number: ECL is PD x LGD x EAD, so a ratio of 2.0 understates the provision by half. Warn — recalibrate at the next scheduled review. Breach — the reported provision is materially wrong; notify finance and second line in the same reporting period.",false,"",27040,false,RISKOS_PD_001
2017Q3,2017-09-30,2017-09-30,MON-01,score_psi,0.22552731999475592,,warn,medium,0.2255 above warn threshold 0.1,model_owner,model_owner_and_second_line,Warn — investigate which score bands moved and whether the shift is portfolio mix or model behaviour. Breach — the scored population is no longer the population the model was calibrated on; escalate to second line and open a redevelopment assessment.,false,"",27040,false,RISKOS_PD_001
2017Q3,2017-09-30,2018-09-30,MON-06,brier_reliability,0.000041231738659403004,8.285079028259359e-7,breach,medium,4876.6% above the development-sample 0.0000 (breach at 400%),model_owner,model_owner_and_second_line,Reliability isolates miscalibration from the irreducible base-rate variance that moves the headline Brier score whenever the default rate moves. A rising reliability term with a flat Gini is the signature of a model that still ranks but no longer predicts a level.,false,"",27040,false,RISKOS_PD_001
2017Q3,2017-09-30,2017-09-30,MON-02,max_feature_csi,3.617250896587096,,breach,medium,3.6173 above breach threshold 0.25,model_owner,model_owner_and_second_line,Identify the feature and decide whether the shift is a data-supply change (a vendor field changing coverage) or a genuine portfolio change. The two have opposite remediations and the metric cannot tell them apart.,false,"",27040,false,RISKOS_PD_001
2017Q3,2017-09-30,2017-09-30,MON-03,n_features_csi_significant,7.0,,breach,medium,7.0000 above breach threshold 2.0,model_owner,model_owner_and_second_line,"One drifting input is a feature problem. Three at once is usually an upstream data problem, and the first check is the ingest layer, not the model.",false,"",27040,false,RISKOS_PD_001
2017Q4,2017-12-31,2017-12-31,MON-02,max_feature_csi,3.7248822283630716,,breach,medium,3.7249 above breach threshold 0.25,model_owner,model_owner_and_second_line,Identify the feature and decide whether the shift is a data-supply change (a vendor field changing coverage) or a genuine portfolio change. The two have opposite remediations and the metric cannot tell them apart.,false,"",27875,false,RISKOS_PD_001
2017Q4,2017-12-31,2017-12-31,MON-03,n_features_csi_significant,7.0,,breach,medium,7.0000 above breach threshold 2.0,model_owner,model_owner_and_second_line,"One drifting input is a feature problem. Three at once is usually an upstream data problem, and the first check is the ingest layer, not the model.",false,"",27875,false,RISKOS_PD_001
2017Q4,2017-12-31,2017-12-31,MON-01,score_psi,0.22760028071441196,,warn,medium,0.2276 above warn threshold 0.1,model_owner,model_owner_and_second_line,Warn — investigate which score bands moved and whether the shift is portfolio mix or model behaviour. Breach — the scored population is no longer the population the model was calibrated on; escalate to second line and open a redevelopment assessment.,false,"",27875,false,RISKOS_PD_001
2017Q4,2017-12-31,2018-12-31,MON-06,brier_reliability,4.845965069894055e-6,8.285079028259359e-7,breach,medium,484.9% above the development-sample 0.0000 (breach at 400%),model_owner,model_owner_and_second_line,Reliability isolates miscalibration from the irreducible base-rate variance that moves the headline Brier score whenever the default rate moves. A rising reliability term with a flat Gini is the signature of a model that still ranks but no longer predicts a level.,false,"",27875,false,RISKOS_PD_001
2017Q4,2017-12-31,2018-12-31,MON-04,observed_over_expected,1.2549520267641268,,warn,medium,"1.2550 outside warn band [0.8, 1.25]",model_owner,model_owner_and_second_line,"Calibration is the dimension that converts directly into a money number: ECL is PD x LGD x EAD, so a ratio of 2.0 understates the provision by half. Warn — recalibrate at the next scheduled review. Breach — the reported provision is materially wrong; notify finance and second line in the same reporting period.",false,"",27875,false,RISKOS_PD_001
2018Q1,2018-03-31,2018-03-31,MON-01,score_psi,0.23586847943174044,,warn,medium,0.2359 above warn threshold 0.1,model_owner,model_owner_and_second_line,Warn — investigate which score bands moved and whether the shift is portfolio mix or model behaviour. Breach — the scored population is no longer the population the model was calibrated on; escalate to second line and open a redevelopment assessment.,false,"",28471,false,RISKOS_PD_001
2018Q1,2018-03-31,2018-03-31,MON-02,max_feature_csi,3.815652315588357,,breach,medium,3.8157 above breach threshold 0.25,model_owner,model_owner_and_second_line,Identify the feature and decide whether the shift is a data-supply change (a vendor field changing coverage) or a genuine portfolio change. The two have opposite remediations and the metric cannot tell them apart.,false,"",28471,false,RISKOS_PD_001
2018Q1,2018-03-31,2018-03-31,MON-03,n_features_csi_significant,7.0,,breach,medium,7.0000 above breach threshold 2.0,model_owner,model_owner_and_second_line,"One drifting input is a feature problem. Three at once is usually an upstream data problem, and the first check is the ingest layer, not the model.",false,"",28471,false,RISKOS_PD_001
2018Q1,2018-03-31,2019-03-31,MON-06,brier_reliability,5.078402985255591e-6,8.285079028259359e-7,breach,medium,513.0% above the development-sample 0.0000 (breach at 400%),model_owner,model_owner_and_second_line,Reliability isolates miscalibration from the irreducible base-rate variance that moves the headline Brier score whenever the default rate moves. A rising reliability term with a flat Gini is the signature of a model that still ranks but no longer predicts a level.,false,"",28471,false,RISKOS_PD_001
2018Q1,2018-03-31,2019-03-31,MON-05,gini,0.6909228742415161,0.787221102767375,warn,medium,12.2% below the development-sample 0.7872 (warn at 10%),model_owner,model_owner_and_second_line,"Measured as a proportional fall from the development-sample Gini, not an absolute floor, because what matters is whether the model still ranks as well as it did when it was approved. Breach — ranking power has gone; the model no longer supports the decisions it was approved for.",false,"",28471,false,RISKOS_PD_001
2018Q1,2018-03-31,2019-03-31,MON-04,observed_over_expected,1.3013974597570948,,warn,medium,"1.3014 outside warn band [0.8, 1.25]",model_owner,model_owner_and_second_line,"Calibration is the dimension that converts directly into a money number: ECL is PD x LGD x EAD, so a ratio of 2.0 understates the provision by half. Warn — recalibrate at the next scheduled review. Breach — the reported provision is materially wrong; notify finance and second line in the same reporting period.",false,"",28471,false,RISKOS_PD_001
2018Q2,2018-06-30,2018-06-30,MON-01,score_psi,0.23477263889274755,,warn,medium,0.2348 above warn threshold 0.1,model_owner,model_owner_and_second_line,Warn — investigate which score bands moved and whether the shift is portfolio mix or model behaviour. Breach — the scored population is no longer the population the model was calibrated on; escalate to second line and open a redevelopment assessment.,false,"",29341,false,RISKOS_PD_001
2018Q2,2018-06-30,2018-06-30,MON-02,max_feature_csi,3.8867583582804817,,breach,medium,3.8868 above breach threshold 0.25,model_owner,model_owner_and_second_line,Identify the feature and decide whether the shift is a data-supply change (a vendor field changing coverage) or a genuine portfolio change. The two have opposite remediations and the metric cannot tell them apart.,false,"",29341,false,RISKOS_PD_001
2018Q2,2018-06-30,2018-06-30,MON-03,n_features_csi_significant,7.0,,breach,medium,7.0000 above breach threshold 2.0,model_owner,model_owner_and_second_line,"One drifting input is a feature problem. Three at once is usually an upstream data problem, and the first check is the ingest layer, not the model.",false,"",29341,false,RISKOS_PD_001
2018Q2,2018-06-30,2019-06-30,MON-06,brier_reliability,6.581221138995467e-6,8.285079028259359e-7,breach,medium,694.3% above the development-sample 0.0000 (breach at 400%),model_owner,model_owner_and_second_line,Reliability isolates miscalibration from the irreducible base-rate variance that moves the headline Brier score whenever the default rate moves. A rising reliability term with a flat Gini is the signature of a model that still ranks but no longer predicts a level.,false,"",29341,false,RISKOS_PD_001
2018Q2,2018-06-30,2019-06-30,MON-04,observed_over_expected,1.317103929230757,,warn,medium,"1.3171 outside warn band [0.8, 1.25]",model_owner,model_owner_and_second_line,"Calibration is the dimension that converts directly into a money number: ECL is PD x LGD x EAD, so a ratio of 2.0 understates the provision by half. Warn — recalibrate at the next scheduled review. Breach — the reported provision is materially wrong; notify finance and second line in the same reporting period.",false,"",29341,false,RISKOS_PD_001
2018Q3,2018-09-30,2018-09-30,MON-02,max_feature_csi,3.937087186754304,,breach,medium,3.9371 above breach threshold 0.25,model_owner,model_owner_and_second_line,Identify the feature and decide whether the shift is a data-supply change (a vendor field changing coverage) or a genuine portfolio change. The two have opposite remediations and the metric cannot tell them apart.,false,"",30206,false,RISKOS_PD_001
2018Q3,2018-09-30,2018-09-30,MON-01,score_psi,0.22686612806936968,,warn,medium,0.2269 above warn threshold 0.1,model_owner,model_owner_and_second_line,Warn — investigate which score bands moved and whether the shift is portfolio mix or model behaviour. Breach — the scored population is no longer the population the model was calibrated on; escalate to second line and open a redevelopment assessment.,false,"",30206,false,RISKOS_PD_001
2018Q3,2018-09-30,2019-09-30,MON-04,observed_over_expected,1.2595225832268173,,warn,medium,"1.2595 outside warn band [0.8, 1.25]",model_owner,model_owner_and_second_line,"Calibration is the dimension that converts directly into a money number: ECL is PD x LGD x EAD, so a ratio of 2.0 understates the provision by half. Warn — recalibrate at the next scheduled review. Breach — the reported provision is materially wrong; notify finance and second line in the same reporting period.",false,"",30206,false,RISKOS_PD_001
2018Q3,2018-09-30,2018-09-30,MON-03,n_features_csi_significant,7.0,,breach,medium,7.0000 above breach threshold 2.0,model_owner,model_owner_and_second_line,"One drifting input is a feature problem. Three at once is usually an upstream data problem, and the first check is the ingest layer, not the model.",false,"",30206,false,RISKOS_PD_001
2018Q4,2018-12-31,2018-12-31,MON-03,n_features_csi_significant,7.0,,breach,medium,7.0000 above breach threshold 2.0,model_owner,model_owner_and_second_line,"One drifting input is a feature problem. Three at once is usually an upstream data problem, and the first check is the ingest layer, not the model.",false,"",31059,false,RISKOS_PD_001
2018Q4,2018-12-31,2019-12-31,MON-06,brier_reliability,0.000010796012812575619,8.285079028259359e-7,breach,medium,1203.1% above the development-sample 0.0000 (breach at 400%),model_owner,model_owner_and_second_line,Reliability isolates miscalibration from the irreducible base-rate variance that moves the headline Brier score whenever the default rate moves. A rising reliability term with a flat Gini is the signature of a model that still ranks but no longer predicts a level.,false,"",31059,false,RISKOS_PD_001
2018Q4,2018-12-31,2019-12-31,MON-04,observed_over_expected,1.492963717301209,,warn,medium,"1.4930 outside warn band [0.8, 1.25]",model_owner,model_owner_and_second_line,"Calibration is the dimension that converts directly into a money number: ECL is PD x LGD x EAD, so a ratio of 2.0 understates the provision by half. Warn — recalibrate at the next scheduled review. Breach — the reported provision is materially wrong; notify finance and second line in the same reporting period.",false,"",31059,false,RISKOS_PD_001
2018Q4,2018-12-31,2018-12-31,MON-01,score_psi,0.22223298405805558,,warn,medium,0.2222 above warn threshold 0.1,model_owner,model_owner_and_second_line,Warn — investigate which score bands moved and whether the shift is portfolio mix or model behaviour. Breach — the scored population is no longer the population the model was calibrated on; escalate to second line and open a redevelopment assessment.,false,"",31059,false,RISKOS_PD_001
2018Q4,2018-12-31,2018-12-31,MON-02,max_feature_csi,3.9429831096672343,,breach,medium,3.9430 above breach threshold 0.25,model_owner,model_owner_and_second_line,Identify the feature and decide whether the shift is a data-supply change (a vendor field changing coverage) or a genuine portfolio change. The two have opposite remediations and the metric cannot tell them apart.,false,"",31059,false,RISKOS_PD_001
2019Q1,2019-03-31,2019-03-31,MON-01,score_psi,0.22046478706024591,,warn,medium,0.2205 above warn threshold 0.1,model_owner,model_owner_and_second_line,Warn — investigate which score bands moved and whether the shift is portfolio mix or model behaviour. Breach — the scored population is no longer the population the model was calibrated on; escalate to second line and open a redevelopment assessment.,false,"",31900,false,RISKOS_PD_001
2019Q1,2019-03-31,2019-03-31,MON-02,max_feature_csi,3.959025667410639,,breach,medium,3.9590 above breach threshold 0.25,model_owner,model_owner_and_second_line,Identify the feature and decide whether the shift is a data-supply change (a vendor field changing coverage) or a genuine portfolio change. The two have opposite remediations and the metric cannot tell them apart.,false,"",31900,false,RISKOS_PD_001
2019Q1,2019-03-31,2019-03-31,MON-03,n_features_csi_significant,7.0,,breach,medium,7.0000 above breach threshold 2.0,model_owner,model_owner_and_second_line,"One drifting input is a feature problem. Three at once is usually an upstream data problem, and the first check is the ingest layer, not the model.",false,"",31900,false,RISKOS_PD_001
2019Q1,2019-03-31,2020-03-31,MON-04,observed_over_expected,1.362976518856189,,warn,medium,"1.3630 outside warn band [0.8, 1.25]",model_owner,model_owner_and_second_line,"Calibration is the dimension that converts directly into a money number: ECL is PD x LGD x EAD, so a ratio of 2.0 understates the provision by half. Warn — recalibrate at the next scheduled review. Breach — the reported provision is materially wrong; notify finance and second line in the same reporting period.",false,"",31900,false,RISKOS_PD_001
2019Q1,2019-03-31,2020-03-31,MON-05,gini,0.6750531639479365,0.787221102767375,warn,medium,14.2% below the development-sample 0.7872 (warn at 10%),model_owner,model_owner_and_second_line,"Measured as a proportional fall from the development-sample Gini, not an absolute floor, because what matters is whether the model still ranks as well as it did when it was approved. Breach — ranking power has gone; the model no longer supports the decisions it was approved for.",false,"",31900,false,RISKOS_PD_001
2019Q1,2019-03-31,2020-03-31,MON-06,brier_reliability,6.094620041964358e-6,8.285079028259359e-7,breach,medium,635.6% above the development-sample 0.0000 (breach at 400%),model_owner,model_owner_and_second_line,Reliability isolates miscalibration from the irreducible base-rate variance that moves the headline Brier score whenever the default rate moves. A rising reliability term with a flat Gini is the signature of a model that still ranks but no longer predicts a level.,false,"",31900,false,RISKOS_PD_001
2019Q2,2019-06-30,2019-06-30,MON-01,score_psi,0.20900321538442662,,warn,medium,0.2090 above warn threshold 0.1,model_owner,model_owner_and_second_line,Warn — investigate which score bands moved and whether the shift is portfolio mix or model behaviour. Breach — the scored population is no longer the population the model was calibrated on; escalate to second line and open a redevelopment assessment.,false,"",32532,false,RISKOS_PD_001
2019Q2,2019-06-30,2019-06-30,MON-02,max_feature_csi,4.005888386883528,,breach,medium,4.0059 above breach threshold 0.25,model_owner,model_owner_and_second_line,Identify the feature and decide whether the shift is a data-supply change (a vendor field changing coverage) or a genuine portfolio change. The two have opposite remediations and the metric cannot tell them apart.,false,"",32532,false,RISKOS_PD_001
2019Q2,2019-06-30,2019-06-30,MON-03,n_features_csi_significant,7.0,,breach,medium,7.0000 above breach threshold 2.0,model_owner,model_owner_and_second_line,"One drifting input is a feature problem. Three at once is usually an upstream data problem, and the first check is the ingest layer, not the model.",false,"",32532,false,RISKOS_PD_001
2019Q2,2019-06-30,2020-06-30,MON-06,brier_reliability,0.00045255944505920775,8.285079028259359e-7,breach,medium,54523.4% above the development-sample 0.0000 (breach at 400%),model_owner,model_owner_and_second_line,Reliability isolates miscalibration from the irreducible base-rate variance that moves the headline Brier score whenever the default rate moves. A rising reliability term with a flat Gini is the signature of a model that still ranks but no longer predicts a level.,false,"",32532,false,RISKOS_PD_001
2019Q3,2019-09-30,2019-09-30,MON-01,score_psi,0.21623288928910556,,warn,medium,0.2162 above warn threshold 0.1,model_owner,model_owner_and_second_line,Warn — investigate which score bands moved and whether the shift is portfolio mix or model behaviour. Breach — the scored population is no longer the population the model was calibrated on; escalate to second line and open a redevelopment assessment.,false,"",32681,false,RISKOS_PD_001
2019Q3,2019-09-30,2019-09-30,MON-02,max_feature_csi,4.062952173541383,,breach,medium,4.0630 above breach threshold 0.25,model_owner,model_owner_and_second_line,Identify the feature and decide whether the shift is a data-supply change (a vendor field changing coverage) or a genuine portfolio change. The two have opposite remediations and the metric cannot tell them apart.,false,"",32681,false,RISKOS_PD_001
2019Q3,2019-09-30,2020-09-30,MON-06,brier_reliability,0.0013201780323963683,8.285079028259359e-7,breach,medium,159244.0% above the development-sample 0.0000 (breach at 400%),model_owner,model_owner_and_second_line,Reliability isolates miscalibration from the irreducible base-rate variance that moves the headline Brier score whenever the default rate moves. A rising reliability term with a flat Gini is the signature of a model that still ranks but no longer predicts a level.,false,"",32681,false,RISKOS_PD_001
2019Q3,2019-09-30,2019-09-30,MON-03,n_features_csi_significant,6.0,,breach,medium,6.0000 above breach threshold 2.0,model_owner,model_owner_and_second_line,"One drifting input is a feature problem. Three at once is usually an upstream data problem, and the first check is the ingest layer, not the model.",false,"",32681,false,RISKOS_PD_001
2019Q4,2019-12-31,2019-12-31,MON-03,n_features_csi_significant,6.0,,breach,medium,6.0000 above breach threshold 2.0,model_owner,model_owner_and_second_line,"One drifting input is a feature problem. Three at once is usually an upstream data problem, and the first check is the ingest layer, not the model.",false,"",32789,false,RISKOS_PD_001
2019Q4,2019-12-31,2020-12-31,MON-06,brier_reliability,0.001688799441598262,8.285079028259359e-7,breach,medium,203736.3% above the development-sample 0.0000 (breach at 400%),model_owner,model_owner_and_second_line,Reliability isolates miscalibration from the irreducible base-rate variance that moves the headline Brier score whenever the default rate moves. A rising reliability term with a flat Gini is the signature of a model that still ranks but no longer predicts a level.,false,"",32789,false,RISKOS_PD_001
2019Q4,2019-12-31,2019-12-31,MON-01,score_psi,0.2127529895506448,,warn,medium,0.2128 above warn threshold 0.1,model_owner,model_owner_and_second_line,Warn — investigate which score bands moved and whether the shift is portfolio mix or model behaviour. Breach — the scored population is no longer the population the model was calibrated on; escalate to second line and open a redevelopment assessment.,false,"",32789,false,RISKOS_PD_001
2019Q4,2019-12-31,2019-12-31,MON-02,max_feature_csi,4.1215541320622595,,breach,medium,4.1216 above breach threshold 0.25,model_owner,model_owner_and_second_line,Identify the feature and decide whether the shift is a data-supply change (a vendor field changing coverage) or a genuine portfolio change. The two have opposite remediations and the metric cannot tell them apart.,false,"",32789,false,RISKOS_PD_001
1999Q1,1999-03-31,1999-03-31,MON-03,n_features_csi_significant,2.0,,warn,low,2.0000 above warn threshold 0.0,model_owner,model_owner,"One drifting input is a feature problem. Three at once is usually an upstream data problem, and the first check is the ingest layer, not the model.",false,"",3275,true,RISKOS_PD_001
1999Q2,1999-06-30,1999-06-30,MON-03,n_features_csi_significant,2.0,,warn,low,2.0000 above warn threshold 0.0,model_owner,model_owner,"One drifting input is a feature problem. Three at once is usually an upstream data problem, and the first check is the ingest layer, not the model.",false,"",13833,true,RISKOS_PD_001
1999Q3,1999-09-30,1999-09-30,MON-03,n_features_csi_significant,2.0,,warn,low,2.0000 above warn threshold 0.0,model_owner,model_owner,"One drifting input is a feature problem. Three at once is usually an upstream data problem, and the first check is the ingest layer, not the model.",false,"",22414,true,RISKOS_PD_001
1999Q4,1999-12-31,1999-12-31,MON-03,n_features_csi_significant,2.0,,warn,low,2.0000 above warn threshold 0.0,model_owner,model_owner,"One drifting input is a feature problem. Three at once is usually an upstream data problem, and the first check is the ingest layer, not the model.",false,"",29213,true,RISKOS_PD_001
2000Q1,2000-03-31,2001-03-31,MON-06,brier_reliability,2.8317675388383944e-6,8.285079028259359e-7,warn,low,241.8% above the development-sample 0.0000 (warn at 100%),model_owner,model_owner,Reliability isolates miscalibration from the irreducible base-rate variance that moves the headline Brier score whenever the default rate moves. A rising reliability term with a flat Gini is the signature of a model that still ranks but no longer predicts a level.,false,"",38146,true,RISKOS_PD_001
2000Q1,2000-03-31,2000-03-31,MON-03,n_features_csi_significant,2.0,,warn,low,2.0000 above warn threshold 0.0,model_owner,model_owner,"One drifting input is a feature problem. Three at once is usually an upstream data problem, and the first check is the ingest layer, not the model.",false,"",38146,true,RISKOS_PD_001
2000Q2,2000-06-30,2000-06-30,MON-03,n_features_csi_significant,2.0,,warn,low,2.0000 above warn threshold 0.0,model_owner,model_owner,"One drifting input is a feature problem. Three at once is usually an upstream data problem, and the first check is the ingest layer, not the model.",false,"",46408,true,RISKOS_PD_001
2000Q3,2000-09-30,2001-09-30,MON-06,brier_reliability,1.719524317667479e-6,8.285079028259359e-7,warn,low,107.5% above the development-sample 0.0000 (warn at 100%),model_owner,model_owner,Reliability isolates miscalibration from the irreducible base-rate variance that moves the headline Brier score whenever the default rate moves. A rising reliability term with a flat Gini is the signature of a model that still ranks but no longer predicts a level.,false,"",55501,true,RISKOS_PD_001
2000Q3,2000-09-30,2000-09-30,MON-03,n_features_csi_significant,2.0,,warn,low,2.0000 above warn threshold 0.0,model_owner,model_owner,"One drifting input is a feature problem. Three at once is usually an upstream data problem, and the first check is the ingest layer, not the model.",false,"",55501,true,RISKOS_PD_001
2000Q4,2000-12-31,2000-12-31,MON-03,n_features_csi_significant,2.0,,warn,low,2.0000 above warn threshold 0.0,model_owner,model_owner,"One drifting input is a feature problem. Three at once is usually an upstream data problem, and the first check is the ingest layer, not the model.",false,"",64034,true,RISKOS_PD_001
2000Q4,2000-12-31,2001-12-31,MON-06,brier_reliability,2.445632984261443e-6,8.285079028259359e-7,warn,low,195.2% above the development-sample 0.0000 (warn at 100%),model_owner,model_owner,Reliability isolates miscalibration from the irreducible base-rate variance that moves the headline Brier score whenever the default rate moves. A rising reliability term with a flat Gini is the signature of a model that still ranks but no longer predicts a level.,false,"",64034,true,RISKOS_PD_001
2001Q1,2001-03-31,2001-03-31,MON-03,n_features_csi_significant,2.0,,warn,low,2.0000 above warn threshold 0.0,model_owner,model_owner,"One drifting input is a feature problem. Three at once is usually an upstream data problem, and the first check is the ingest layer, not the model.",false,"",68530,true,RISKOS_PD_001
2001Q2,2001-06-30,2001-06-30,MON-03,n_features_csi_significant,2.0,,warn,low,2.0000 above warn threshold 0.0,model_owner,model_owner,"One drifting input is a feature problem. Three at once is usually an upstream data problem, and the first check is the ingest layer, not the model.",false,"",73447,true,RISKOS_PD_001
2001Q3,2001-09-30,2001-09-30,MON-03,n_features_csi_significant,2.0,,warn,low,2.0000 above warn threshold 0.0,model_owner,model_owner,"One drifting input is a feature problem. Three at once is usually an upstream data problem, and the first check is the ingest layer, not the model.",false,"",79142,true,RISKOS_PD_001
2001Q4,2001-12-31,2001-12-31,MON-03,n_features_csi_significant,2.0,,warn,low,2.0000 above warn threshold 0.0,model_owner,model_owner,"One drifting input is a feature problem. Three at once is usually an upstream data problem, and the first check is the ingest layer, not the model.",false,"",78769,true,RISKOS_PD_001
2002Q1,2002-03-31,2002-03-31,MON-03,n_features_csi_significant,2.0,,warn,low,2.0000 above warn threshold 0.0,model_owner,model_owner,"One drifting input is a feature problem. Three at once is usually an upstream data problem, and the first check is the ingest layer, not the model.",false,"",82599,true,RISKOS_PD_001
2002Q2,2002-06-30,2003-06-30,MON-06,brier_reliability,2.330519148459272e-6,8.285079028259359e-7,warn,low,181.3% above the development-sample 0.0000 (warn at 100%),model_owner,model_owner,Reliability isolates miscalibration from the irreducible base-rate variance that moves the headline Brier score whenever the default rate moves. A rising reliability term with a flat Gini is the signature of a model that still ranks but no longer predicts a level.,false,"",87680,true,RISKOS_PD_001
2002Q2,2002-06-30,2002-06-30,MON-03,n_features_csi_significant,2.0,,warn,low,2.0000 above warn threshold 0.0,model_owner,model_owner,"One drifting input is a feature problem. Three at once is usually an upstream data problem, and the first check is the ingest layer, not the model.",false,"",87680,true,RISKOS_PD_001
2002Q3,2002-09-30,2003-09-30,MON-06,brier_reliability,1.7181697188160777e-6,8.285079028259359e-7,warn,low,107.4% above the development-sample 0.0000 (warn at 100%),model_owner,model_owner,Reliability isolates miscalibration from the irreducible base-rate variance that moves the headline Brier score whenever the default rate moves. A rising reliability term with a flat Gini is the signature of a model that still ranks but no longer predicts a level.,false,"",88460,true,RISKOS_PD_001
2002Q3,2002-09-30,2002-09-30,MON-03,n_features_csi_significant,1.0,,warn,low,1.0000 above warn threshold 0.0,model_owner,model_owner,"One drifting input is a feature problem. Three at once is usually an upstream data problem, and the first check is the ingest layer, not the model.",false,"",88460,true,RISKOS_PD_001
2002Q4,2002-12-31,2002-12-31,MON-03,n_features_csi_significant,1.0,,warn,low,1.0000 above warn threshold 0.0,model_owner,model_owner,"One drifting input is a feature problem. Three at once is usually an upstream data problem, and the first check is the ingest layer, not the model.",false,"",86206,true,RISKOS_PD_001
2003Q1,2003-03-31,2004-03-31,MON-06,brier_reliability,3.141889649070369e-6,8.285079028259359e-7,warn,low,279.2% above the development-sample 0.0000 (warn at 100%),model_owner,model_owner,Reliability isolates miscalibration from the irreducible base-rate variance that moves the headline Brier score whenever the default rate moves. A rising reliability term with a flat Gini is the signature of a model that still ranks but no longer predicts a level.,false,"",83709,true,RISKOS_PD_001
2003Q1,2003-03-31,2003-03-31,MON-03,n_features_csi_significant,1.0,,warn,low,1.0000 above warn threshold 0.0,model_owner,model_owner,"One drifting input is a feature problem. Three at once is usually an upstream data problem, and the first check is the ingest layer, not the model.",false,"",83709,true,RISKOS_PD_001
2003Q2,2003-06-30,2004-06-30,MON-06,brier_reliability,1.7439454482906888e-6,8.285079028259359e-7,warn,low,110.5% above the development-sample 0.0000 (warn at 100%),model_owner,model_owner,Reliability isolates miscalibration from the irreducible base-rate variance that moves the headline Brier score whenever the default rate moves. A rising reliability term with a flat Gini is the signature of a model that still ranks but no longer predicts a level.,false,"",78680,true,RISKOS_PD_001
2003Q3,2003-09-30,2004-09-30,MON-06,brier_reliability,2.2011135498063545e-6,8.285079028259359e-7,warn,low,165.7% above the development-sample 0.0000 (warn at 100%),model_owner,model_owner,Reliability isolates miscalibration from the irreducible base-rate variance that moves the headline Brier score whenever the default rate moves. A rising reliability term with a flat Gini is the signature of a model that still ranks but no longer predicts a level.,false,"",75551,true,RISKOS_PD_001
2003Q4,2003-12-31,2004-12-31,MON-06,brier_reliability,3.6429993768064266e-6,8.285079028259359e-7,warn,low,339.7% above the development-sample 0.0000 (warn at 100%),model_owner,model_owner,Reliability isolates miscalibration from the irreducible base-rate variance that moves the headline Brier score whenever the default rate moves. A rising reliability term with a flat Gini is the signature of a model that still ranks but no longer predicts a level.,false,"",78999,true,RISKOS_PD_001
2004Q1,2004-03-31,2004-03-31,MON-02,max_feature_csi,0.15603499083892763,,warn,low,0.1560 above warn threshold 0.1,model_owner,model_owner,Identify the feature and decide whether the shift is a data-supply change (a vendor field changing coverage) or a genuine portfolio change. The two have opposite remediations and the metric cannot tell them apart.,false,"",82499,true,RISKOS_PD_001
2004Q2,2004-06-30,2004-06-30,MON-03,n_features_csi_significant,1.0,,warn,low,1.0000 above warn threshold 0.0,model_owner,model_owner,"One drifting input is a feature problem. Three at once is usually an upstream data problem, and the first check is the ingest layer, not the model.",false,"",87569,true,RISKOS_PD_001
2004Q3,2004-09-30,2004-09-30,MON-03,n_features_csi_significant,1.0,,warn,low,1.0000 above warn threshold 0.0,model_owner,model_owner,"One drifting input is a feature problem. Three at once is usually an upstream data problem, and the first check is the ingest layer, not the model.",false,"",92234,true,RISKOS_PD_001
2004Q4,2004-12-31,2004-12-31,MON-03,n_features_csi_significant,1.0,,warn,low,1.0000 above warn threshold 0.0,model_owner,model_owner,"One drifting input is a feature problem. Three at once is usually an upstream data problem, and the first check is the ingest layer, not the model.",false,"",97277,true,RISKOS_PD_001
2004Q4,2004-12-31,2005-12-31,MON-06,brier_reliability,1.9390429911155977e-6,8.285079028259359e-7,warn,low,134.0% above the development-sample 0.0000 (warn at 100%),model_owner,model_owner,Reliability isolates miscalibration from the irreducible base-rate variance that moves the headline Brier score whenever the default rate moves. A rising reliability term with a flat Gini is the signature of a model that still ranks but no longer predicts a level.,false,"",97277,true,RISKOS_PD_001
2005Q1,2005-03-31,2005-03-31,MON-03,n_features_csi_significant,1.0,,warn,low,1.0000 above warn threshold 0.0,model_owner,model_owner,"One drifting input is a feature problem. Three at once is usually an upstream data problem, and the first check is the ingest layer, not the model.",false,"",102257,true,RISKOS_PD_001
2005Q2,2005-06-30,2006-06-30,MON-06,brier_reliability,3.2814046554917302e-6,8.285079028259359e-7,warn,low,296.1% above the development-sample 0.0000 (warn at 100%),model_owner,model_owner,Reliability isolates miscalibration from the irreducible base-rate variance that moves the headline Brier score whenever the default rate moves. A rising reliability term with a flat Gini is the signature of a model that still ranks but no longer predicts a level.,false,"",108062,true,RISKOS_PD_001
2005Q2,2005-06-30,2005-06-30,MON-03,n_features_csi_significant,1.0,,warn,low,1.0000 above warn threshold 0.0,model_owner,model_owner,"One drifting input is a feature problem. Three at once is usually an upstream data problem, and the first check is the ingest layer, not the model.",false,"",108062,true,RISKOS_PD_001
2005Q3,2005-09-30,2005-09-30,MON-03,n_features_csi_significant,1.0,,warn,low,1.0000 above warn threshold 0.0,model_owner,model_owner,"One drifting input is a feature problem. Three at once is usually an upstream data problem, and the first check is the ingest layer, not the model.",false,"",112787,true,RISKOS_PD_001
2005Q4,2005-12-31,2005-12-31,MON-03,n_features_csi_significant,1.0,,warn,low,1.0000 above warn threshold 0.0,model_owner,model_owner,"One drifting input is a feature problem. Three at once is usually an upstream data problem, and the first check is the ingest layer, not the model.",false,"",117977,true,RISKOS_PD_001
2006Q1,2006-03-31,2006-03-31,MON-03,n_features_csi_significant,1.0,,warn,low,1.0000 above warn threshold 0.0,model_owner,model_owner,"One drifting input is a feature problem. Three at once is usually an upstream data problem, and the first check is the ingest layer, not the model.",false,"",123557,true,RISKOS_PD_001
2006Q2,2006-06-30,2007-06-30,MON-06,brier_reliability,2.74746738260325e-6,8.285079028259359e-7,warn,low,231.6% above the development-sample 0.0000 (warn at 100%),model_owner,model_owner,Reliability isolates miscalibration from the irreducible base-rate variance that moves the headline Brier score whenever the default rate moves. A rising reliability term with a flat Gini is the signature of a model that still ranks but no longer predicts a level.,false,"",129059,true,RISKOS_PD_001
2006Q2,2006-06-30,2006-06-30,MON-03,n_features_csi_significant,1.0,,warn,low,1.0000 above warn threshold 0.0,model_owner,model_owner,"One drifting input is a feature problem. Three at once is usually an upstream data problem, and the first check is the ingest layer, not the model.",false,"",129059,true,RISKOS_PD_001
2006Q3,2006-09-30,2007-09-30,MON-06,brier_reliability,2.4481512474632508e-6,8.285079028259359e-7,warn,low,195.5% above the development-sample 0.0000 (warn at 100%),model_owner,model_owner,Reliability isolates miscalibration from the irreducible base-rate variance that moves the headline Brier score whenever the default rate moves. A rising reliability term with a flat Gini is the signature of a model that still ranks but no longer predicts a level.,false,"",135327,true,RISKOS_PD_001
2006Q3,2006-09-30,2006-09-30,MON-03,n_features_csi_significant,1.0,,warn,low,1.0000 above warn threshold 0.0,model_owner,model_owner,"One drifting input is a feature problem. Three at once is usually an upstream data problem, and the first check is the ingest layer, not the model.",false,"",135327,true,RISKOS_PD_001
2006Q4,2006-12-31,2006-12-31,MON-03,n_features_csi_significant,1.0,,warn,low,1.0000 above warn threshold 0.0,model_owner,model_owner,"One drifting input is a feature problem. Three at once is usually an upstream data problem, and the first check is the ingest layer, not the model.",false,"",140753,true,RISKOS_PD_001
2007Q1,2007-03-31,2007-03-31,MON-03,n_features_csi_significant,2.0,,warn,low,2.0000 above warn threshold 0.0,model_owner,model_owner,"One drifting input is a feature problem. Three at once is usually an upstream data problem, and the first check is the ingest layer, not the model.",false,"",24632,false,RISKOS_PD_001
2007Q2,2007-06-30,2007-06-30,MON-03,n_features_csi_significant,2.0,,warn,low,2.0000 above warn threshold 0.0,model_owner,model_owner,"One drifting input is a feature problem. Three at once is usually an upstream data problem, and the first check is the ingest layer, not the model.",false,"",25550,false,RISKOS_PD_001
2007Q3,2007-09-30,2007-09-30,MON-03,n_features_csi_significant,2.0,,warn,low,2.0000 above warn threshold 0.0,model_owner,model_owner,"One drifting input is a feature problem. Three at once is usually an upstream data problem, and the first check is the ingest layer, not the model.",false,"",26464,false,RISKOS_PD_001
2007Q4,2007-12-31,2007-12-31,MON-03,n_features_csi_significant,2.0,,warn,low,2.0000 above warn threshold 0.0,model_owner,model_owner,"One drifting input is a feature problem. Three at once is usually an upstream data problem, and the first check is the ingest layer, not the model.",false,"",27449,false,RISKOS_PD_001
2008Q1,2008-03-31,2008-03-31,MON-03,n_features_csi_significant,2.0,,warn,low,2.0000 above warn threshold 0.0,model_owner,model_owner,"One drifting input is a feature problem. Three at once is usually an upstream data problem, and the first check is the ingest layer, not the model.",false,"",28124,false,RISKOS_PD_001
2008Q2,2008-06-30,2008-06-30,MON-03,n_features_csi_significant,2.0,,warn,low,2.0000 above warn threshold 0.0,model_owner,model_owner,"One drifting input is a feature problem. Three at once is usually an upstream data problem, and the first check is the ingest layer, not the model.",false,"",29120,false,RISKOS_PD_001
2008Q3,2008-09-30,2008-09-30,MON-03,n_features_csi_significant,2.0,,warn,low,2.0000 above warn threshold 0.0,model_owner,model_owner,"One drifting input is a feature problem. Three at once is usually an upstream data problem, and the first check is the ingest layer, not the model.",false,"",30034,false,RISKOS_PD_001
2018Q3,2018-09-30,2019-09-30,MON-06,brier_reliability,3.7155309374088744e-6,8.285079028259359e-7,warn,low,348.5% above the development-sample 0.0000 (warn at 100%),model_owner,model_owner,Reliability isolates miscalibration from the irreducible base-rate variance that moves the headline Brier score whenever the default rate moves. A rising reliability term with a flat Gini is the signature of a model that still ranks but no longer predicts a level.,false,"",30206,false,RISKOS_PD_001
1999Q1,1999-03-31,2000-03-31,MON-05,gini,,0.787221102767375,not_evaluated,none,metric unavailable for this window,model_owner,none,"Measured as a proportional fall from the development-sample Gini, not an absolute floor, because what matters is whether the model still ranks as well as it did when it was approved. Breach — ranking power has gone; the model no longer supports the decisions it was approved for.",false,"",3275,true,RISKOS_PD_001
1999Q1,1999-03-31,1999-03-31,MON-01,score_psi,0.08820891901272397,,ok,none,0.0882 within 0.1,model_owner,none,Warn — investigate which score bands moved and whether the shift is portfolio mix or model behaviour. Breach — the scored population is no longer the population the model was calibrated on; escalate to second line and open a redevelopment assessment.,false,"",3275,true,RISKOS_PD_001
1999Q1,1999-03-31,2000-03-31,MON-06,brier_reliability,,8.285079028259359e-7,not_evaluated,none,metric unavailable for this window,model_owner,none,Reliability isolates miscalibration from the irreducible base-rate variance that moves the headline Brier score whenever the default rate moves. A rising reliability term with a flat Gini is the signature of a model that still ranks but no longer predicts a level.,false,"",3275,true,RISKOS_PD_001
1999Q2,1999-06-30,2000-06-30,MON-06,brier_reliability,,8.285079028259359e-7,not_evaluated,none,metric unavailable for this window,model_owner,none,Reliability isolates miscalibration from the irreducible base-rate variance that moves the headline Brier score whenever the default rate moves. A rising reliability term with a flat Gini is the signature of a model that still ranks but no longer predicts a level.,false,"",13833,true,RISKOS_PD_001
1999Q2,1999-06-30,1999-06-30,MON-01,score_psi,0.030208895111368338,,ok,none,0.0302 within 0.1,model_owner,none,Warn — investigate which score bands moved and whether the shift is portfolio mix or model behaviour. Breach — the scored population is no longer the population the model was calibrated on; escalate to second line and open a redevelopment assessment.,false,"",13833,true,RISKOS_PD_001
1999Q2,1999-06-30,2000-06-30,MON-05,gini,,0.787221102767375,not_evaluated,none,metric unavailable for this window,model_owner,none,"Measured as a proportional fall from the development-sample Gini, not an absolute floor, because what matters is whether the model still ranks as well as it did when it was approved. Breach — ranking power has gone; the model no longer supports the decisions it was approved for.",false,"",13833,true,RISKOS_PD_001
1999Q3,1999-09-30,1999-09-30,MON-01,score_psi,0.02642105521667758,,ok,none,0.0264 within 0.1,model_owner,none,Warn — investigate which score bands moved and whether the shift is portfolio mix or model behaviour. Breach — the scored population is no longer the population the model was calibrated on; escalate to second line and open a redevelopment assessment.,false,"",22414,true,RISKOS_PD_001
1999Q3,1999-09-30,2000-09-30,MON-05,gini,0.709178881320844,0.787221102767375,ok,none,9.9% below the development-sample 0.7872,model_owner,none,"Measured as a proportional fall from the development-sample Gini, not an absolute floor, because what matters is whether the model still ranks as well as it did when it was approved. Breach — ranking power has gone; the model no longer supports the decisions it was approved for.",false,"",22414,true,RISKOS_PD_001
1999Q4,1999-12-31,1999-12-31,MON-01,score_psi,0.0441682813325136,,ok,none,0.0442 within 0.1,model_owner,none,Warn — investigate which score bands moved and whether the shift is portfolio mix or model behaviour. Breach — the scored population is no longer the population the model was calibrated on; escalate to second line and open a redevelopment assessment.,false,"",29213,true,RISKOS_PD_001
1999Q4,1999-12-31,2000-12-31,MON-05,gini,0.783025523462811,0.787221102767375,ok,none,0.5% below the development-sample 0.7872,model_owner,none,"Measured as a proportional fall from the development-sample Gini, not an absolute floor, because what matters is whether the model still ranks as well as it did when it was approved. Breach — ranking power has gone; the model no longer supports the decisions it was approved for.",false,"",29213,true,RISKOS_PD_001
2000Q1,2000-03-31,2000-03-31,MON-01,score_psi,0.07694459952079775,,ok,none,0.0769 within 0.1,model_owner,none,Warn — investigate which score bands moved and whether the shift is portfolio mix or model behaviour. Breach — the scored population is no longer the population the model was calibrated on; escalate to second line and open a redevelopment assessment.,false,"",38146,true,RISKOS_PD_001
2000Q1,2000-03-31,2001-03-31,MON-05,gini,0.7517800013804681,0.787221102767375,ok,none,4.5% below the development-sample 0.7872,model_owner,none,"Measured as a proportional fall from the development-sample Gini, not an absolute floor, because what matters is whether the model still ranks as well as it did when it was approved. Breach — ranking power has gone; the model no longer supports the decisions it was approved for.",false,"",38146,true,RISKOS_PD_001
2000Q2,2000-06-30,2001-06-30,MON-06,brier_reliability,8.681937488542509e-7,8.285079028259359e-7,ok,none,4.8% above the development-sample 0.0000,model_owner,none,Reliability isolates miscalibration from the irreducible base-rate variance that moves the headline Brier score whenever the default rate moves. A rising reliability term with a flat Gini is the signature of a model that still ranks but no longer predicts a level.,false,"",46408,true,RISKOS_PD_001
2000Q2,2000-06-30,2001-06-30,MON-04,observed_over_expected,0.8711632445181554,,ok,none,"0.8712 inside [0.8, 1.25]",model_owner,none,"Calibration is the dimension that converts directly into a money number: ECL is PD x LGD x EAD, so a ratio of 2.0 understates the provision by half. Warn — recalibrate at the next scheduled review. Breach — the reported provision is materially wrong; notify finance and second line in the same reporting period.",false,"",46408,true,RISKOS_PD_001
2000Q2,2000-06-30,2001-06-30,MON-05,gini,0.7363204237458543,0.787221102767375,ok,none,6.5% below the development-sample 0.7872,model_owner,none,"Measured as a proportional fall from the development-sample Gini, not an absolute floor, because what matters is whether the model still ranks as well as it did when it was approved. Breach — ranking power has gone; the model no longer supports the decisions it was approved for.",false,"",46408,true,RISKOS_PD_001
2000Q3,2000-09-30,2001-09-30,MON-05,gini,0.7222507677482894,0.787221102767375,ok,none,8.3% below the development-sample 0.7872,model_owner,none,"Measured as a proportional fall from the development-sample Gini, not an absolute floor, because what matters is whether the model still ranks as well as it did when it was approved. Breach — ranking power has gone; the model no longer supports the decisions it was approved for.",false,"",55501,true,RISKOS_PD_001
2000Q3,2000-09-30,2001-09-30,MON-04,observed_over_expected,0.8998119240143974,,ok,none,"0.8998 inside [0.8, 1.25]",model_owner,none,"Calibration is the dimension that converts directly into a money number: ECL is PD x LGD x EAD, so a ratio of 2.0 understates the provision by half. Warn — recalibrate at the next scheduled review. Breach — the reported provision is materially wrong; notify finance and second line in the same reporting period.",false,"",55501,true,RISKOS_PD_001
2000Q4,2000-12-31,2001-12-31,MON-04,observed_over_expected,0.8954042754697178,,ok,none,"0.8954 inside [0.8, 1.25]",model_owner,none,"Calibration is the dimension that converts directly into a money number: ECL is PD x LGD x EAD, so a ratio of 2.0 understates the provision by half. Warn — recalibrate at the next scheduled review. Breach — the reported provision is materially wrong; notify finance and second line in the same reporting period.",false,"",64034,true,RISKOS_PD_001
2000Q4,2000-12-31,2001-12-31,MON-05,gini,0.7288838563601854,0.787221102767375,ok,none,7.4% below the development-sample 0.7872,model_owner,none,"Measured as a proportional fall from the development-sample Gini, not an absolute floor, because what matters is whether the model still ranks as well as it did when it was approved. Breach — ranking power has gone; the model no longer supports the decisions it was approved for.",false,"",64034,true,RISKOS_PD_001
2001Q1,2001-03-31,2002-03-31,MON-04,observed_over_expected,0.9713800933575035,,ok,none,"0.9714 inside [0.8, 1.25]",model_owner,none,"Calibration is the dimension that converts directly into a money number: ECL is PD x LGD x EAD, so a ratio of 2.0 understates the provision by half. Warn — recalibrate at the next scheduled review. Breach — the reported provision is materially wrong; notify finance and second line in the same reporting period.",false,"",68530,true,RISKOS_PD_001
2001Q1,2001-03-31,2002-03-31,MON-05,gini,0.7240792684884338,0.787221102767375,ok,none,8.0% below the development-sample 0.7872,model_owner,none,"Measured as a proportional fall from the development-sample Gini, not an absolute floor, because what matters is whether the model still ranks as well as it did when it was approved. Breach — ranking power has gone; the model no longer supports the decisions it was approved for.",false,"",68530,true,RISKOS_PD_001
2001Q1,2001-03-31,2002-03-31,MON-06,brier_reliability,3.052187847068648e-7,8.285079028259359e-7,ok,none,-63.2% above the development-sample 0.0000,model_owner,none,Reliability isolates miscalibration from the irreducible base-rate variance that moves the headline Brier score whenever the default rate moves. A rising reliability term with a flat Gini is the signature of a model that still ranks but no longer predicts a level.,false,"",68530,true,RISKOS_PD_001
2001Q2,2001-06-30,2002-06-30,MON-04,observed_over_expected,0.8753776166439537,,ok,none,"0.8754 inside [0.8, 1.25]",model_owner,none,"Calibration is the dimension that converts directly into a money number: ECL is PD x LGD x EAD, so a ratio of 2.0 understates the provision by half. Warn — recalibrate at the next scheduled review. Breach — the reported provision is materially wrong; notify finance and second line in the same reporting period.",false,"",73447,true,RISKOS_PD_001
2001Q2,2001-06-30,2002-06-30,MON-05,gini,0.7531397726410431,0.787221102767375,ok,none,4.3% below the development-sample 0.7872,model_owner,none,"Measured as a proportional fall from the development-sample Gini, not an absolute floor, because what matters is whether the model still ranks as well as it did when it was approved. Breach — ranking power has gone; the model no longer supports the decisions it was approved for.",false,"",73447,true,RISKOS_PD_001
2001Q3,2001-09-30,2002-09-30,MON-05,gini,0.7783525789340224,0.787221102767375,ok,none,1.1% below the development-sample 0.7872,model_owner,none,"Measured as a proportional fall from the development-sample Gini, not an absolute floor, because what matters is whether the model still ranks as well as it did when it was approved. Breach — ranking power has gone; the model no longer supports the decisions it was approved for.",false,"",79142,true,RISKOS_PD_001
2001Q3,2001-09-30,2002-09-30,MON-04,observed_over_expected,0.8442324032681284,,ok,none,"0.8442 inside [0.8, 1.25]",model_owner,none,"Calibration is the dimension that converts directly into a money number: ECL is PD x LGD x EAD, so a ratio of 2.0 understates the provision by half. Warn — recalibrate at the next scheduled review. Breach — the reported provision is materially wrong; notify finance and second line in the same reporting period.",false,"",79142,true,RISKOS_PD_001
2001Q3,2001-09-30,2001-09-30,MON-01,score_psi,0.09321406930766352,,ok,none,0.0932 within 0.1,model_owner,none,Warn — investigate which score bands moved and whether the shift is portfolio mix or model behaviour. Breach — the scored population is no longer the population the model was calibrated on; escalate to second line and open a redevelopment assessment.,false,"",79142,true,RISKOS_PD_001
2001Q4,2001-12-31,2002-12-31,MON-04,observed_over_expected,0.862385307729849,,ok,none,"0.8624 inside [0.8, 1.25]",model_owner,none,"Calibration is the dimension that converts directly into a money number: ECL is PD x LGD x EAD, so a ratio of 2.0 understates the provision by half. Warn — recalibrate at the next scheduled review. Breach — the reported provision is materially wrong; notify finance and second line in the same reporting period.",false,"",78769,true,RISKOS_PD_001
2001Q4,2001-12-31,2001-12-31,MON-01,score_psi,0.06476645460032811,,ok,none,0.0648 within 0.1,model_owner,none,Warn — investigate which score bands moved and whether the shift is portfolio mix or model behaviour. Breach — the scored population is no longer the population the model was calibrated on; escalate to second line and open a redevelopment assessment.,false,"",78769,true,RISKOS_PD_001
2001Q4,2001-12-31,2002-12-31,MON-05,gini,0.7776255079805721,0.787221102767375,ok,none,1.2% below the development-sample 0.7872,model_owner,none,"Measured as a proportional fall from the development-sample Gini, not an absolute floor, because what matters is whether the model still ranks as well as it did when it was approved. Breach — ranking power has gone; the model no longer supports the decisions it was approved for.",false,"",78769,true,RISKOS_PD_001
2002Q1,2002-03-31,2002-03-31,MON-01,score_psi,0.040376650098486365,,ok,none,0.0404 within 0.1,model_owner,none,Warn — investigate which score bands moved and whether the shift is portfolio mix or model behaviour. Breach — the scored population is no longer the population the model was calibrated on; escalate to second line and open a redevelopment assessment.,false,"",82599,true,RISKOS_PD_001
2002Q1,2002-03-31,2003-03-31,MON-04,observed_over_expected,0.9745669379038541,,ok,none,"0.9746 inside [0.8, 1.25]",model_owner,none,"Calibration is the dimension that converts directly into a money number: ECL is PD x LGD x EAD, so a ratio of 2.0 understates the provision by half. Warn — recalibrate at the next scheduled review. Breach — the reported provision is materially wrong; notify finance and second line in the same reporting period.",false,"",82599,true,RISKOS_PD_001
2002Q1,2002-03-31,2003-03-31,MON-06,brier_reliability,1.3986568089360875e-6,8.285079028259359e-7,ok,none,68.8% above the development-sample 0.0000,model_owner,none,Reliability isolates miscalibration from the irreducible base-rate variance that moves the headline Brier score whenever the default rate moves. A rising reliability term with a flat Gini is the signature of a model that still ranks but no longer predicts a level.,false,"",82599,true,RISKOS_PD_001
2002Q1,2002-03-31,2003-03-31,MON-05,gini,0.7878714139304643,0.787221102767375,ok,none,-0.1% below the development-sample 0.7872,model_owner,none,"Measured as a proportional fall from the development-sample Gini, not an absolute floor, because what matters is whether the model still ranks as well as it did when it was approved. Breach — ranking power has gone; the model no longer supports the decisions it was approved for.",false,"",82599,true,RISKOS_PD_001
2002Q2,2002-06-30,2003-06-30,MON-05,gini,0.786117350312096,0.787221102767375,ok,none,0.1% below the development-sample 0.7872,model_owner,none,"Measured as a proportional fall from the development-sample Gini, not an absolute floor, because what matters is whether the model still ranks as well as it did when it was approved. Breach — ranking power has gone; the model no longer supports the decisions it was approved for.",false,"",87680,true,RISKOS_PD_001
2002Q2,2002-06-30,2002-06-30,MON-01,score_psi,0.0358427653904769,,ok,none,0.0358 within 0.1,model_owner,none,Warn — investigate which score bands moved and whether the shift is portfolio mix or model behaviour. Breach — the scored population is no longer the population the model was calibrated on; escalate to second line and open a redevelopment assessment.,false,"",87680,true,RISKOS_PD_001
2002Q2,2002-06-30,2003-06-30,MON-04,observed_over_expected,1.0183621870807502,,ok,none,"1.0184 inside [0.8, 1.25]",model_owner,none,"Calibration is the dimension that converts directly into a money number: ECL is PD x LGD x EAD, so a ratio of 2.0 understates the provision by half. Warn — recalibrate at the next scheduled review. Breach — the reported provision is materially wrong; notify finance and second line in the same reporting period.",false,"",87680,true,RISKOS_PD_001
2002Q3,2002-09-30,2003-09-30,MON-05,gini,0.7842325611209997,0.787221102767375,ok,none,0.4% below the development-sample 0.7872,model_owner,none,"Measured as a proportional fall from the development-sample Gini, not an absolute floor, because what matters is whether the model still ranks as well as it did when it was approved. Breach — ranking power has gone; the model no longer supports the decisions it was approved for.",false,"",88460,true,RISKOS_PD_001
2002Q3,2002-09-30,2002-09-30,MON-01,score_psi,0.029643776848824487,,ok,none,0.0296 within 0.1,model_owner,none,Warn — investigate which score bands moved and whether the shift is portfolio mix or model behaviour. Breach — the scored population is no longer the population the model was calibrated on; escalate to second line and open a redevelopment assessment.,false,"",88460,true,RISKOS_PD_001
2002Q3,2002-09-30,2003-09-30,MON-04,observed_over_expected,1.0053952322930468,,ok,none,"1.0054 inside [0.8, 1.25]",model_owner,none,"Calibration is the dimension that converts directly into a money number: ECL is PD x LGD x EAD, so a ratio of 2.0 understates the provision by half. Warn — recalibrate at the next scheduled review. Breach — the reported provision is materially wrong; notify finance and second line in the same reporting period.",false,"",88460,true,RISKOS_PD_001
2002Q4,2002-12-31,2003-12-31,MON-06,brier_reliability,8.33156194028351e-7,8.285079028259359e-7,ok,none,0.6% above the development-sample 0.0000,model_owner,none,Reliability isolates miscalibration from the irreducible base-rate variance that moves the headline Brier score whenever the default rate moves. A rising reliability term with a flat Gini is the signature of a model that still ranks but no longer predicts a level.,false,"",86206,true,RISKOS_PD_001
2002Q4,2002-12-31,2002-12-31,MON-01,score_psi,0.01095796717979702,,ok,none,0.0110 within 0.1,model_owner,none,Warn — investigate which score bands moved and whether the shift is portfolio mix or model behaviour. Breach — the scored population is no longer the population the model was calibrated on; escalate to second line and open a redevelopment assessment.,false,"",86206,true,RISKOS_PD_001
2002Q4,2002-12-31,2003-12-31,MON-05,gini,0.8052921039487237,0.787221102767375,ok,none,-2.3% below the development-sample 0.7872,model_owner,none,"Measured as a proportional fall from the development-sample Gini, not an absolute floor, because what matters is whether the model still ranks as well as it did when it was approved. Breach — ranking power has gone; the model no longer supports the decisions it was approved for.",false,"",86206,true,RISKOS_PD_001
2002Q4,2002-12-31,2003-12-31,MON-04,observed_over_expected,0.963556387891895,,ok,none,"0.9636 inside [0.8, 1.25]",model_owner,none,"Calibration is the dimension that converts directly into a money number: ECL is PD x LGD x EAD, so a ratio of 2.0 understates the provision by half. Warn — recalibrate at the next scheduled review. Breach — the reported provision is materially wrong; notify finance and second line in the same reporting period.",false,"",86206,true,RISKOS_PD_001
2003Q1,2003-03-31,2004-03-31,MON-04,observed_over_expected,1.0331002018153446,,ok,none,"1.0331 inside [0.8, 1.25]",model_owner,none,"Calibration is the dimension that converts directly into a money number: ECL is PD x LGD x EAD, so a ratio of 2.0 understates the provision by half. Warn — recalibrate at the next scheduled review. Breach — the reported provision is materially wrong; notify finance and second line in the same reporting period.",false,"",83709,true,RISKOS_PD_001
2003Q1,2003-03-31,2003-03-31,MON-01,score_psi,0.003402810898259735,,ok,none,0.0034 within 0.1,model_owner,none,Warn — investigate which score bands moved and whether the shift is portfolio mix or model behaviour. Breach — the scored population is no longer the population the model was calibrated on; escalate to second line and open a redevelopment assessment.,false,"",83709,true,RISKOS_PD_001
2003Q1,2003-03-31,2004-03-31,MON-05,gini,0.8019952641636876,0.787221102767375,ok,none,-1.9% below the development-sample 0.7872,model_owner,none,"Measured as a proportional fall from the development-sample Gini, not an absolute floor, because what matters is whether the model still ranks as well as it did when it was approved. Breach — ranking power has gone; the model no longer supports the decisions it was approved for.",false,"",83709,true,RISKOS_PD_001
2003Q2,2003-06-30,2003-06-30,MON-03,n_features_csi_significant,0.0,,ok,none,0.0000 within 0.0,model_owner,none,"One drifting input is a feature problem. Three at once is usually an upstream data problem, and the first check is the ingest layer, not the model.",false,"",78680,true,RISKOS_PD_001
2003Q2,2003-06-30,2003-06-30,MON-02,max_feature_csi,0.08636700210362702,,ok,none,0.0864 within 0.1,model_owner,none,Identify the feature and decide whether the shift is a data-supply change (a vendor field changing coverage) or a genuine portfolio change. The two have opposite remediations and the metric cannot tell them apart.,false,"",78680,true,RISKOS_PD_001
2003Q2,2003-06-30,2003-06-30,MON-01,score_psi,0.004139171876690257,,ok,none,0.0041 within 0.1,model_owner,none,Warn — investigate which score bands moved and whether the shift is portfolio mix or model behaviour. Breach — the scored population is no longer the population the model was calibrated on; escalate to second line and open a redevelopment assessment.,false,"",78680,true,RISKOS_PD_001
2003Q2,2003-06-30,2004-06-30,MON-04,observed_over_expected,0.9978591895708179,,ok,none,"0.9979 inside [0.8, 1.25]",model_owner,none,"Calibration is the dimension that converts directly into a money number: ECL is PD x LGD x EAD, so a ratio of 2.0 understates the provision by half. Warn — recalibrate at the next scheduled review. Breach — the reported provision is materially wrong; notify finance and second line in the same reporting period.",false,"",78680,true,RISKOS_PD_001
2003Q2,2003-06-30,2004-06-30,MON-05,gini,0.8311000381453602,0.787221102767375,ok,none,-5.6% below the development-sample 0.7872,model_owner,none,"Measured as a proportional fall from the development-sample Gini, not an absolute floor, because what matters is whether the model still ranks as well as it did when it was approved. Breach — ranking power has gone; the model no longer supports the decisions it was approved for.",false,"",78680,true,RISKOS_PD_001
2003Q3,2003-09-30,2003-09-30,MON-02,max_feature_csi,0.0538233610500876,,ok,none,0.0538 within 0.1,model_owner,none,Identify the feature and decide whether the shift is a data-supply change (a vendor field changing coverage) or a genuine portfolio change. The two have opposite remediations and the metric cannot tell them apart.,false,"",75551,true,RISKOS_PD_001
2003Q3,2003-09-30,2004-09-30,MON-05,gini,0.8288445662814623,0.787221102767375,ok,none,-5.3% below the development-sample 0.7872,model_owner,none,"Measured as a proportional fall from the development-sample Gini, not an absolute floor, because what matters is whether the model still ranks as well as it did when it was approved. Breach — ranking power has gone; the model no longer supports the decisions it was approved for.",false,"",75551,true,RISKOS_PD_001
2003Q3,2003-09-30,2003-09-30,MON-01,score_psi,0.022490854736533762,,ok,none,0.0225 within 0.1,model_owner,none,Warn — investigate which score bands moved and whether the shift is portfolio mix or model behaviour. Breach — the scored population is no longer the population the model was calibrated on; escalate to second line and open a redevelopment assessment.,false,"",75551,true,RISKOS_PD_001
2003Q3,2003-09-30,2003-09-30,MON-03,n_features_csi_significant,0.0,,ok,none,0.0000 within 0.0,model_owner,none,"One drifting input is a feature problem. Three at once is usually an upstream data problem, and the first check is the ingest layer, not the model.",false,"",75551,true,RISKOS_PD_001
2003Q3,2003-09-30,2004-09-30,MON-04,observed_over_expected,1.030374568714529,,ok,none,"1.0304 inside [0.8, 1.25]",model_owner,none,"Calibration is the dimension that converts directly into a money number: ECL is PD x LGD x EAD, so a ratio of 2.0 understates the provision by half. Warn — recalibrate at the next scheduled review. Breach — the reported provision is materially wrong; notify finance and second line in the same reporting period.",false,"",75551,true,RISKOS_PD_001
2003Q4,2003-12-31,2003-12-31,MON-02,max_feature_csi,0.09397356658712752,,ok,none,0.0940 within 0.1,model_owner,none,Identify the feature and decide whether the shift is a data-supply change (a vendor field changing coverage) or a genuine portfolio change. The two have opposite remediations and the metric cannot tell them apart.,false,"",78999,true,RISKOS_PD_001
2003Q4,2003-12-31,2004-12-31,MON-05,gini,0.8566302411459339,0.787221102767375,ok,none,-8.8% below the development-sample 0.7872,model_owner,none,"Measured as a proportional fall from the development-sample Gini, not an absolute floor, because what matters is whether the model still ranks as well as it did when it was approved. Breach — ranking power has gone; the model no longer supports the decisions it was approved for.",false,"",78999,true,RISKOS_PD_001
2003Q4,2003-12-31,2004-12-31,MON-04,observed_over_expected,1.0267683740982783,,ok,none,"1.0268 inside [0.8, 1.25]",model_owner,none,"Calibration is the dimension that converts directly into a money number: ECL is PD x LGD x EAD, so a ratio of 2.0 understates the provision by half. Warn — recalibrate at the next scheduled review. Breach — the reported provision is materially wrong; notify finance and second line in the same reporting period.",false,"",78999,true,RISKOS_PD_001
2003Q4,2003-12-31,2003-12-31,MON-01,score_psi,0.026687870604606655,,ok,none,0.0267 within 0.1,model_owner,none,Warn — investigate which score bands moved and whether the shift is portfolio mix or model behaviour. Breach — the scored population is no longer the population the model was calibrated on; escalate to second line and open a redevelopment assessment.,false,"",78999,true,RISKOS_PD_001
2003Q4,2003-12-31,2003-12-31,MON-03,n_features_csi_significant,0.0,,ok,none,0.0000 within 0.0,model_owner,none,"One drifting input is a feature problem. Three at once is usually an upstream data problem, and the first check is the ingest layer, not the model.",false,"",78999,true,RISKOS_PD_001
2004Q1,2004-03-31,2005-03-31,MON-04,observed_over_expected,1.146781713473163,,ok,none,"1.1468 inside [0.8, 1.25]",model_owner,none,"Calibration is the dimension that converts directly into a money number: ECL is PD x LGD x EAD, so a ratio of 2.0 understates the provision by half. Warn — recalibrate at the next scheduled review. Breach — the reported provision is materially wrong; notify finance and second line in the same reporting period.",false,"",82499,true,RISKOS_PD_001
2004Q1,2004-03-31,2005-03-31,MON-05,gini,0.8317436509112142,0.787221102767375,ok,none,-5.7% below the development-sample 0.7872,model_owner,none,"Measured as a proportional fall from the development-sample Gini, not an absolute floor, because what matters is whether the model still ranks as well as it did when it was approved. Breach — ranking power has gone; the model no longer supports the decisions it was approved for.",false,"",82499,true,RISKOS_PD_001
2004Q1,2004-03-31,2004-03-31,MON-01,score_psi,0.029619896130413353,,ok,none,0.0296 within 0.1,model_owner,none,Warn — investigate which score bands moved and whether the shift is portfolio mix or model behaviour. Breach — the scored population is no longer the population the model was calibrated on; escalate to second line and open a redevelopment assessment.,false,"",82499,true,RISKOS_PD_001
2004Q1,2004-03-31,2004-03-31,MON-03,n_features_csi_significant,0.0,,ok,none,0.0000 within 0.0,model_owner,none,"One drifting input is a feature problem. Three at once is usually an upstream data problem, and the first check is the ingest layer, not the model.",false,"",82499,true,RISKOS_PD_001
2004Q2,2004-06-30,2004-06-30,MON-01,score_psi,0.04086322872984782,,ok,none,0.0409 within 0.1,model_owner,none,Warn — investigate which score bands moved and whether the shift is portfolio mix or model behaviour. Breach — the scored population is no longer the population the model was calibrated on; escalate to second line and open a redevelopment assessment.,false,"",87569,true,RISKOS_PD_001
2004Q2,2004-06-30,2005-06-30,MON-04,observed_over_expected,1.0733766750240477,,ok,none,"1.0734 inside [0.8, 1.25]",model_owner,none,"Calibration is the dimension that converts directly into a money number: ECL is PD x LGD x EAD, so a ratio of 2.0 understates the provision by half. Warn — recalibrate at the next scheduled review. Breach — the reported provision is materially wrong; notify finance and second line in the same reporting period.",false,"",87569,true,RISKOS_PD_001
2004Q2,2004-06-30,2005-06-30,MON-05,gini,0.8379563408171078,0.787221102767375,ok,none,-6.4% below the development-sample 0.7872,model_owner,none,"Measured as a proportional fall from the development-sample Gini, not an absolute floor, because what matters is whether the model still ranks as well as it did when it was approved. Breach — ranking power has gone; the model no longer supports the decisions it was approved for.",false,"",87569,true,RISKOS_PD_001
2004Q3,2004-09-30,2004-09-30,MON-01,score_psi,0.03339675938648772,,ok,none,0.0334 within 0.1,model_owner,none,Warn — investigate which score bands moved and whether the shift is portfolio mix or model behaviour. Breach — the scored population is no longer the population the model was calibrated on; escalate to second line and open a redevelopment assessment.,false,"",92234,true,RISKOS_PD_001
2004Q3,2004-09-30,2005-09-30,MON-06,brier_reliability,9.548660920071805e-7,8.285079028259359e-7,ok,none,15.3% above the development-sample 0.0000,model_owner,none,Reliability isolates miscalibration from the irreducible base-rate variance that moves the headline Brier score whenever the default rate moves. A rising reliability term with a flat Gini is the signature of a model that still ranks but no longer predicts a level.,false,"",92234,true,RISKOS_PD_001
2004Q3,2004-09-30,2005-09-30,MON-05,gini,0.842981229312247,0.787221102767375,ok,none,-7.1% below the development-sample 0.7872,model_owner,none,"Measured as a proportional fall from the development-sample Gini, not an absolute floor, because what matters is whether the model still ranks as well as it did when it was approved. Breach — ranking power has gone; the model no longer supports the decisions it was approved for.",false,"",92234,true,RISKOS_PD_001
2004Q3,2004-09-30,2005-09-30,MON-04,observed_over_expected,0.9745592439867556,,ok,none,"0.9746 inside [0.8, 1.25]",model_owner,none,"Calibration is the dimension that converts directly into a money number: ECL is PD x LGD x EAD, so a ratio of 2.0 understates the provision by half. Warn — recalibrate at the next scheduled review. Breach — the reported provision is materially wrong; notify finance and second line in the same reporting period.",false,"",92234,true,RISKOS_PD_001
2004Q4,2004-12-31,2005-12-31,MON-04,observed_over_expected,1.0802162092232206,,ok,none,"1.0802 inside [0.8, 1.25]",model_owner,none,"Calibration is the dimension that converts directly into a money number: ECL is PD x LGD x EAD, so a ratio of 2.0 understates the provision by half. Warn — recalibrate at the next scheduled review. Breach — the reported provision is materially wrong; notify finance and second line in the same reporting period.",false,"",97277,true,RISKOS_PD_001
2004Q4,2004-12-31,2004-12-31,MON-01,score_psi,0.02832694876527262,,ok,none,0.0283 within 0.1,model_owner,none,Warn — investigate which score bands moved and whether the shift is portfolio mix or model behaviour. Breach — the scored population is no longer the population the model was calibrated on; escalate to second line and open a redevelopment assessment.,false,"",97277,true,RISKOS_PD_001
2004Q4,2004-12-31,2005-12-31,MON-05,gini,0.790127309356613,0.787221102767375,ok,none,-0.4% below the development-sample 0.7872,model_owner,none,"Measured as a proportional fall from the development-sample Gini, not an absolute floor, because what matters is whether the model still ranks as well as it did when it was approved. Breach — ranking power has gone; the model no longer supports the decisions it was approved for.",false,"",97277,true,RISKOS_PD_001
2005Q1,2005-03-31,2006-03-31,MON-04,observed_over_expected,1.1728484329912745,,ok,none,"1.1728 inside [0.8, 1.25]",model_owner,none,"Calibration is the dimension that converts directly into a money number: ECL is PD x LGD x EAD, so a ratio of 2.0 understates the provision by half. Warn — recalibrate at the next scheduled review. Breach — the reported provision is materially wrong; notify finance and second line in the same reporting period.",false,"",102257,true,RISKOS_PD_001
2005Q1,2005-03-31,2005-03-31,MON-01,score_psi,0.027371693750898776,,ok,none,0.0274 within 0.1,model_owner,none,Warn — investigate which score bands moved and whether the shift is portfolio mix or model behaviour. Breach — the scored population is no longer the population the model was calibrated on; escalate to second line and open a redevelopment assessment.,false,"",102257,true,RISKOS_PD_001
2005Q1,2005-03-31,2006-03-31,MON-05,gini,0.7786062191845007,0.787221102767375,ok,none,1.1% below the development-sample 0.7872,model_owner,none,"Measured as a proportional fall from the development-sample Gini, not an absolute floor, because what matters is whether the model still ranks as well as it did when it was approved. Breach — ranking power has gone; the model no longer supports the decisions it was approved for.",false,"",102257,true,RISKOS_PD_001
2005Q2,2005-06-30,2006-06-30,MON-05,gini,0.7629820152133142,0.787221102767375,ok,none,3.1% below the development-sample 0.7872,model_owner,none,"Measured as a proportional fall from the development-sample Gini, not an absolute floor, because what matters is whether the model still ranks as well as it did when it was approved. Breach — ranking power has gone; the model no longer supports the decisions it was approved for.",false,"",108062,true,RISKOS_PD_001
2005Q2,2005-06-30,2005-06-30,MON-01,score_psi,0.024688744839867403,,ok,none,0.0247 within 0.1,model_owner,none,Warn — investigate which score bands moved and whether the shift is portfolio mix or model behaviour. Breach — the scored population is no longer the population the model was calibrated on; escalate to second line and open a redevelopment assessment.,false,"",108062,true,RISKOS_PD_001
2005Q2,2005-06-30,2006-06-30,MON-04,observed_over_expected,1.1346811240105341,,ok,none,"1.1347 inside [0.8, 1.25]",model_owner,none,"Calibration is the dimension that converts directly into a money number: ECL is PD x LGD x EAD, so a ratio of 2.0 understates the provision by half. Warn — recalibrate at the next scheduled review. Breach — the reported provision is materially wrong; notify finance and second line in the same reporting period.",false,"",108062,true,RISKOS_PD_001
2005Q3,2005-09-30,2006-09-30,MON-04,observed_over_expected,1.0985648427869386,,ok,none,"1.0986 inside [0.8, 1.25]",model_owner,none,"Calibration is the dimension that converts directly into a money number: ECL is PD x LGD x EAD, so a ratio of 2.0 understates the provision by half. Warn — recalibrate at the next scheduled review. Breach — the reported provision is materially wrong; notify finance and second line in the same reporting period.",false,"",112787,true,RISKOS_PD_001
2005Q3,2005-09-30,2005-09-30,MON-01,score_psi,0.02521668815933687,,ok,none,0.0252 within 0.1,model_owner,none,Warn — investigate which score bands moved and whether the shift is portfolio mix or model behaviour. Breach — the scored population is no longer the population the model was calibrated on; escalate to second line and open a redevelopment assessment.,false,"",112787,true,RISKOS_PD_001
2005Q3,2005-09-30,2006-09-30,MON-05,gini,0.7896410345495082,0.787221102767375,ok,none,-0.3% below the development-sample 0.7872,model_owner,none,"Measured as a proportional fall from the development-sample Gini, not an absolute floor, because what matters is whether the model still ranks as well as it did when it was approved. Breach — ranking power has gone; the model no longer supports the decisions it was approved for.",false,"",112787,true,RISKOS_PD_001
2005Q4,2005-12-31,2006-12-31,MON-05,gini,0.7891697184538824,0.787221102767375,ok,none,-0.2% below the development-sample 0.7872,model_owner,none,"Measured as a proportional fall from the development-sample Gini, not an absolute floor, because what matters is whether the model still ranks as well as it did when it was approved. Breach — ranking power has gone; the model no longer supports the decisions it was approved for.",false,"",117977,true,RISKOS_PD_001
2005Q4,2005-12-31,2005-12-31,MON-01,score_psi,0.022406389463813063,,ok,none,0.0224 within 0.1,model_owner,none,Warn — investigate which score bands moved and whether the shift is portfolio mix or model behaviour. Breach — the scored population is no longer the population the model was calibrated on; escalate to second line and open a redevelopment assessment.,false,"",117977,true,RISKOS_PD_001
2005Q4,2005-12-31,2006-12-31,MON-04,observed_over_expected,0.9344505386673685,,ok,none,"0.9345 inside [0.8, 1.25]",model_owner,none,"Calibration is the dimension that converts directly into a money number: ECL is PD x LGD x EAD, so a ratio of 2.0 understates the provision by half. Warn — recalibrate at the next scheduled review. Breach — the reported provision is materially wrong; notify finance and second line in the same reporting period.",false,"",117977,true,RISKOS_PD_001
2005Q4,2005-12-31,2006-12-31,MON-06,brier_reliability,4.530302727861443e-7,8.285079028259359e-7,ok,none,-45.3% above the development-sample 0.0000,model_owner,none,Reliability isolates miscalibration from the irreducible base-rate variance that moves the headline Brier score whenever the default rate moves. A rising reliability term with a flat Gini is the signature of a model that still ranks but no longer predicts a level.,false,"",117977,true,RISKOS_PD_001
2006Q1,2006-03-31,2006-03-31,MON-01,score_psi,0.018164697172465626,,ok,none,0.0182 within 0.1,model_owner,none,Warn — investigate which score bands moved and whether the shift is portfolio mix or model behaviour. Breach — the scored population is no longer the population the model was calibrated on; escalate to second line and open a redevelopment assessment.,false,"",123557,true,RISKOS_PD_001
2006Q1,2006-03-31,2007-03-31,MON-06,brier_reliability,1.6519060226708794e-6,8.285079028259359e-7,ok,none,99.4% above the development-sample 0.0000,model_owner,none,Reliability isolates miscalibration from the irreducible base-rate variance that moves the headline Brier score whenever the default rate moves. A rising reliability term with a flat Gini is the signature of a model that still ranks but no longer predicts a level.,false,"",123557,true,RISKOS_PD_001
2006Q1,2006-03-31,2007-03-31,MON-05,gini,0.756455438807089,0.787221102767375,ok,none,3.9% below the development-sample 0.7872,model_owner,none,"Measured as a proportional fall from the development-sample Gini, not an absolute floor, because what matters is whether the model still ranks as well as it did when it was approved. Breach — ranking power has gone; the model no longer supports the decisions it was approved for.",false,"",123557,true,RISKOS_PD_001
2006Q1,2006-03-31,2007-03-31,MON-04,observed_over_expected,1.073350615807372,,ok,none,"1.0734 inside [0.8, 1.25]",model_owner,none,"Calibration is the dimension that converts directly into a money number: ECL is PD x LGD x EAD, so a ratio of 2.0 understates the provision by half. Warn — recalibrate at the next scheduled review. Breach — the reported provision is materially wrong; notify finance and second line in the same reporting period.",false,"",123557,true,RISKOS_PD_001
2006Q2,2006-06-30,2006-06-30,MON-01,score_psi,0.01290625747468063,,ok,none,0.0129 within 0.1,model_owner,none,Warn — investigate which score bands moved and whether the shift is portfolio mix or model behaviour. Breach — the scored population is no longer the population the model was calibrated on; escalate to second line and open a redevelopment assessment.,false,"",129059,true,RISKOS_PD_001
2006Q2,2006-06-30,2007-06-30,MON-05,gini,0.7598002220069573,0.787221102767375,ok,none,3.5% below the development-sample 0.7872,model_owner,none,"Measured as a proportional fall from the development-sample Gini, not an absolute floor, because what matters is whether the model still ranks as well as it did when it was approved. Breach — ranking power has gone; the model no longer supports the decisions it was approved for.",false,"",129059,true,RISKOS_PD_001
2006Q2,2006-06-30,2007-06-30,MON-04,observed_over_expected,1.114389147254763,,ok,none,"1.1144 inside [0.8, 1.25]",model_owner,none,"Calibration is the dimension that converts directly into a money number: ECL is PD x LGD x EAD, so a ratio of 2.0 understates the provision by half. Warn — recalibrate at the next scheduled review. Breach — the reported provision is materially wrong; notify finance and second line in the same reporting period.",false,"",129059,true,RISKOS_PD_001
2006Q3,2006-09-30,2007-09-30,MON-04,observed_over_expected,1.0783787422533146,,ok,none,"1.0784 inside [0.8, 1.25]",model_owner,none,"Calibration is the dimension that converts directly into a money number: ECL is PD x LGD x EAD, so a ratio of 2.0 understates the provision by half. Warn — recalibrate at the next scheduled review. Breach — the reported provision is materially wrong; notify finance and second line in the same reporting period.",false,"",135327,true,RISKOS_PD_001
2006Q3,2006-09-30,2007-09-30,MON-05,gini,0.7770670507989959,0.787221102767375,ok,none,1.3% below the development-sample 0.7872,model_owner,none,"Measured as a proportional fall from the development-sample Gini, not an absolute floor, because what matters is whether the model still ranks as well as it did when it was approved. Breach — ranking power has gone; the model no longer supports the decisions it was approved for.",false,"",135327,true,RISKOS_PD_001
2006Q3,2006-09-30,2006-09-30,MON-01,score_psi,0.008379990059559531,,ok,none,0.0084 within 0.1,model_owner,none,Warn — investigate which score bands moved and whether the shift is portfolio mix or model behaviour. Breach — the scored population is no longer the population the model was calibrated on; escalate to second line and open a redevelopment assessment.,false,"",135327,true,RISKOS_PD_001
2006Q4,2006-12-31,2007-12-31,MON-04,observed_over_expected,1.1732605833003749,,ok,none,"1.1733 inside [0.8, 1.25]",model_owner,none,"Calibration is the dimension that converts directly into a money number: ECL is PD x LGD x EAD, so a ratio of 2.0 understates the provision by half. Warn — recalibrate at the next scheduled review. Breach — the reported provision is materially wrong; notify finance and second line in the same reporting period.",false,"",140753,true,RISKOS_PD_001
2006Q4,2006-12-31,2006-12-31,MON-01,score_psi,0.00572183351916141,,ok,none,0.0057 within 0.1,model_owner,none,Warn — investigate which score bands moved and whether the shift is portfolio mix or model behaviour. Breach — the scored population is no longer the population the model was calibrated on; escalate to second line and open a redevelopment assessment.,false,"",140753,true,RISKOS_PD_001
2006Q4,2006-12-31,2007-12-31,MON-05,gini,0.7670400778516382,0.787221102767375,ok,none,2.6% below the development-sample 0.7872,model_owner,none,"Measured as a proportional fall from the development-sample Gini, not an absolute floor, because what matters is whether the model still ranks as well as it did when it was approved. Breach — ranking power has gone; the model no longer supports the decisions it was approved for.",false,"",140753,true,RISKOS_PD_001
2007Q1,2007-03-31,2007-03-31,MON-01,score_psi,0.006419661663857009,,ok,none,0.0064 within 0.1,model_owner,none,Warn — investigate which score bands moved and whether the shift is portfolio mix or model behaviour. Breach — the scored population is no longer the population the model was calibrated on; escalate to second line and open a redevelopment assessment.,false,"",24632,false,RISKOS_PD_001
2007Q2,2007-06-30,2007-06-30,MON-01,score_psi,0.005114147904816815,,ok,none,0.0051 within 0.1,model_owner,none,Warn — investigate which score bands moved and whether the shift is portfolio mix or model behaviour. Breach — the scored population is no longer the population the model was calibrated on; escalate to second line and open a redevelopment assessment.,false,"",25550,false,RISKOS_PD_001
2007Q3,2007-09-30,2007-09-30,MON-01,score_psi,0.0038737251266696736,,ok,none,0.0039 within 0.1,model_owner,none,Warn — investigate which score bands moved and whether the shift is portfolio mix or model behaviour. Breach — the scored population is no longer the population the model was calibrated on; escalate to second line and open a redevelopment assessment.,false,"",26464,false,RISKOS_PD_001
2007Q4,2007-12-31,2007-12-31,MON-01,score_psi,0.004779517942971881,,ok,none,0.0048 within 0.1,model_owner,none,Warn — investigate which score bands moved and whether the shift is portfolio mix or model behaviour. Breach — the scored population is no longer the population the model was calibrated on; escalate to second line and open a redevelopment assessment.,false,"",27449,false,RISKOS_PD_001
2008Q1,2008-03-31,2008-03-31,MON-01,score_psi,0.004912525477643356,,ok,none,0.0049 within 0.1,model_owner,none,Warn — investigate which score bands moved and whether the shift is portfolio mix or model behaviour. Breach — the scored population is no longer the population the model was calibrated on; escalate to second line and open a redevelopment assessment.,false,"",28124,false,RISKOS_PD_001
2008Q2,2008-06-30,2008-06-30,MON-01,score_psi,0.0038857291431300817,,ok,none,0.0039 within 0.1,model_owner,none,Warn — investigate which score bands moved and whether the shift is portfolio mix or model behaviour. Breach — the scored population is no longer the population the model was calibrated on; escalate to second line and open a redevelopment assessment.,false,"",29120,false,RISKOS_PD_001
2008Q3,2008-09-30,2008-09-30,MON-01,score_psi,0.004454718992707628,,ok,none,0.0045 within 0.1,model_owner,none,Warn — investigate which score bands moved and whether the shift is portfolio mix or model behaviour. Breach — the scored population is no longer the population the model was calibrated on; escalate to second line and open a redevelopment assessment.,false,"",30034,false,RISKOS_PD_001
2008Q4,2008-12-31,2008-12-31,MON-01,score_psi,0.005101503877439013,,ok,none,0.0051 within 0.1,model_owner,none,Warn — investigate which score bands moved and whether the shift is portfolio mix or model behaviour. Breach — the scored population is no longer the population the model was calibrated on; escalate to second line and open a redevelopment assessment.,false,"",30800,false,RISKOS_PD_001
2009Q1,2009-03-31,2009-03-31,MON-01,score_psi,0.0020812507194819117,,ok,none,0.0021 within 0.1,model_owner,none,Warn — investigate which score bands moved and whether the shift is portfolio mix or model behaviour. Breach — the scored population is no longer the population the model was calibrated on; escalate to second line and open a redevelopment assessment.,false,"",30456,false,RISKOS_PD_001
2009Q2,2009-06-30,2009-06-30,MON-01,score_psi,0.0017403343738092226,,ok,none,0.0017 within 0.1,model_owner,none,Warn — investigate which score bands moved and whether the shift is portfolio mix or model behaviour. Breach — the scored population is no longer the population the model was calibrated on; escalate to second line and open a redevelopment assessment.,false,"",29813,false,RISKOS_PD_001
2009Q3,2009-09-30,2009-09-30,MON-01,score_psi,0.005975279456760291,,ok,none,0.0060 within 0.1,model_owner,none,Warn — investigate which score bands moved and whether the shift is portfolio mix or model behaviour. Breach — the scored population is no longer the population the model was calibrated on; escalate to second line and open a redevelopment assessment.,false,"",30087,false,RISKOS_PD_001
2009Q4,2009-12-31,2009-12-31,MON-01,score_psi,0.011347999927557431,,ok,none,0.0113 within 0.1,model_owner,none,Warn — investigate which score bands moved and whether the shift is portfolio mix or model behaviour. Breach — the scored population is no longer the population the model was calibrated on; escalate to second line and open a redevelopment assessment.,false,"",30074,false,RISKOS_PD_001
2016Q2,2016-06-30,2017-06-30,MON-05,gini,0.7816481348313449,0.787221102767375,ok,none,0.7% below the development-sample 0.7872,model_owner,none,"Measured as a proportional fall from the development-sample Gini, not an absolute floor, because what matters is whether the model still ranks as well as it did when it was approved. Breach — ranking power has gone; the model no longer supports the decisions it was approved for.",false,"",23646,false,RISKOS_PD_001
2016Q3,2016-09-30,2017-09-30,MON-05,gini,0.7831841344984487,0.787221102767375,ok,none,0.5% below the development-sample 0.7872,model_owner,none,"Measured as a proportional fall from the development-sample Gini, not an absolute floor, because what matters is whether the model still ranks as well as it did when it was approved. Breach — ranking power has gone; the model no longer supports the decisions it was approved for.",false,"",24207,false,RISKOS_PD_001
2016Q4,2016-12-31,2017-12-31,MON-05,gini,0.7164048073138982,0.787221102767375,ok,none,9.0% below the development-sample 0.7872,model_owner,none,"Measured as a proportional fall from the development-sample Gini, not an absolute floor, because what matters is whether the model still ranks as well as it did when it was approved. Breach — ranking power has gone; the model no longer supports the decisions it was approved for.",false,"",24719,false,RISKOS_PD_001
2017Q3,2017-09-30,2018-09-30,MON-05,gini,0.7386458197062094,0.787221102767375,ok,none,6.2% below the development-sample 0.7872,model_owner,none,"Measured as a proportional fall from the development-sample Gini, not an absolute floor, because what matters is whether the model still ranks as well as it did when it was approved. Breach — ranking power has gone; the model no longer supports the decisions it was approved for.",false,"",27040,false,RISKOS_PD_001
2017Q4,2017-12-31,2018-12-31,MON-05,gini,0.7348897359540927,0.787221102767375,ok,none,6.6% below the development-sample 0.7872,model_owner,none,"Measured as a proportional fall from the development-sample Gini, not an absolute floor, because what matters is whether the model still ranks as well as it did when it was approved. Breach — ranking power has gone; the model no longer supports the decisions it was approved for.",false,"",27875,false,RISKOS_PD_001
2018Q2,2018-06-30,2019-06-30,MON-05,gini,0.725036150783432,0.787221102767375,ok,none,7.9% below the development-sample 0.7872,model_owner,none,"Measured as a proportional fall from the development-sample Gini, not an absolute floor, because what matters is whether the model still ranks as well as it did when it was approved. Breach — ranking power has gone; the model no longer supports the decisions it was approved for.",false,"",29341,false,RISKOS_PD_001
2018Q3,2018-09-30,2019-09-30,MON-05,gini,0.7137563983248023,0.787221102767375,ok,none,9.3% below the development-sample 0.7872,model_owner,none,"Measured as a proportional fall from the development-sample Gini, not an absolute floor, because what matters is whether the model still ranks as well as it did when it was approved. Breach — ranking power has gone; the model no longer supports the decisions it was approved for.",false,"",30206,false,RISKOS_PD_001
2018Q4,2018-12-31,2019-12-31,MON-05,gini,0.7218357045105355,0.787221102767375,ok,none,8.3% below the development-sample 0.7872,model_owner,none,"Measured as a proportional fall from the development-sample Gini, not an absolute floor, because what matters is whether the model still ranks as well as it did when it was approved. Breach — ranking power has gone; the model no longer supports the decisions it was approved for.",false,"",31059,false,RISKOS_PD_001
1999Q1,1999-03-31,2000-03-31,MON-04,observed_over_expected,0.41156173258985523,,breach,high,"0.4116 outside breach band [0.5, 2.0]",model_owner,second_line_and_model_risk_committee,"Calibration is the dimension that converts directly into a money number: ECL is PD x LGD x EAD, so a ratio of 2.0 understates the provision by half. Warn — recalibrate at the next scheduled review. Breach — the reported provision is materially wrong; notify finance and second line in the same reporting period.",false,"",3275,true,RISKOS_PD_002
1999Q2,1999-06-30,2000-06-30,MON-04,observed_over_expected,0.48191996026157935,,breach,high,"0.4819 outside breach band [0.5, 2.0]",model_owner,second_line_and_model_risk_committee,"Calibration is the dimension that converts directly into a money number: ECL is PD x LGD x EAD, so a ratio of 2.0 understates the provision by half. Warn — recalibrate at the next scheduled review. Breach — the reported provision is materially wrong; notify finance and second line in the same reporting period.",false,"",13833,true,RISKOS_PD_002
2008Q1,2008-03-31,2009-03-31,MON-04,observed_over_expected,2.6314640526506543,,breach,high,"2.6315 outside breach band [0.5, 2.0]",model_owner,second_line_and_model_risk_committee,"Calibration is the dimension that converts directly into a money number: ECL is PD x LGD x EAD, so a ratio of 2.0 understates the provision by half. Warn — recalibrate at the next scheduled review. Breach — the reported provision is materially wrong; notify finance and second line in the same reporting period.",false,"",28124,false,RISKOS_PD_002
2008Q2,2008-06-30,2009-06-30,MON-04,observed_over_expected,3.1694195597656876,,breach,high,"3.1694 outside breach band [0.5, 2.0]",model_owner,second_line_and_model_risk_committee,"Calibration is the dimension that converts directly into a money number: ECL is PD x LGD x EAD, so a ratio of 2.0 understates the provision by half. Warn — recalibrate at the next scheduled review. Breach — the reported provision is materially wrong; notify finance and second line in the same reporting period.",false,"",29120,false,RISKOS_PD_002
2008Q3,2008-09-30,2009-09-30,MON-04,observed_over_expected,3.3663429461126073,,breach,high,"3.3663 outside breach band [0.5, 2.0]",model_owner,second_line_and_model_risk_committee,"Calibration is the dimension that converts directly into a money number: ECL is PD x LGD x EAD, so a ratio of 2.0 understates the provision by half. Warn — recalibrate at the next scheduled review. Breach — the reported provision is materially wrong; notify finance and second line in the same reporting period.",false,"",30034,false,RISKOS_PD_002
2008Q4,2008-12-31,2009-12-31,MON-04,observed_over_expected,3.4093712447771893,,breach,high,"3.4094 outside breach band [0.5, 2.0]",model_owner,second_line_and_model_risk_committee,"Calibration is the dimension that converts directly into a money number: ECL is PD x LGD x EAD, so a ratio of 2.0 understates the provision by half. Warn — recalibrate at the next scheduled review. Breach — the reported provision is materially wrong; notify finance and second line in the same reporting period.",false,"",30800,false,RISKOS_PD_002
2009Q1,2009-03-31,2010-03-31,MON-04,observed_over_expected,3.9132587631389826,,breach,high,"3.9133 outside breach band [0.5, 2.0]",model_owner,second_line_and_model_risk_committee,"Calibration is the dimension that converts directly into a money number: ECL is PD x LGD x EAD, so a ratio of 2.0 understates the provision by half. Warn — recalibrate at the next scheduled review. Breach — the reported provision is materially wrong; notify finance and second line in the same reporting period.",false,"",30456,false,RISKOS_PD_002
2009Q2,2009-06-30,2010-06-30,MON-04,observed_over_expected,3.554505311788488,,breach,high,"3.5545 outside breach band [0.5, 2.0]",model_owner,second_line_and_model_risk_committee,"Calibration is the dimension that converts directly into a money number: ECL is PD x LGD x EAD, so a ratio of 2.0 understates the provision by half. Warn — recalibrate at the next scheduled review. Breach — the reported provision is materially wrong; notify finance and second line in the same reporting period.",false,"",29813,false,RISKOS_PD_002
2009Q3,2009-09-30,2010-09-30,MON-04,observed_over_expected,2.8778619837440025,,breach,high,"2.8779 outside breach band [0.5, 2.0]",model_owner,second_line_and_model_risk_committee,"Calibration is the dimension that converts directly into a money number: ECL is PD x LGD x EAD, so a ratio of 2.0 understates the provision by half. Warn — recalibrate at the next scheduled review. Breach — the reported provision is materially wrong; notify finance and second line in the same reporting period.",false,"",30087,false,RISKOS_PD_002
2009Q4,2009-12-31,2010-12-31,MON-04,observed_over_expected,2.6320133968853843,,breach,high,"2.6320 outside breach band [0.5, 2.0]",model_owner,second_line_and_model_risk_committee,"Calibration is the dimension that converts directly into a money number: ECL is PD x LGD x EAD, so a ratio of 2.0 understates the provision by half. Warn — recalibrate at the next scheduled review. Breach — the reported provision is materially wrong; notify finance and second line in the same reporting period.",false,"",30074,false,RISKOS_PD_002
2017Q2,2017-06-30,2018-06-30,MON-04,observed_over_expected,2.1332524324294346,,breach,high,"2.1333 outside breach band [0.5, 2.0]",model_owner,second_line_and_model_risk_committee,"Calibration is the dimension that converts directly into a money number: ECL is PD x LGD x EAD, so a ratio of 2.0 understates the provision by half. Warn — recalibrate at the next scheduled review. Breach — the reported provision is materially wrong; notify finance and second line in the same reporting period.",false,"",26348,false,RISKOS_PD_002
2019Q2,2019-06-30,2020-06-30,MON-05,gini,0.4688298248181908,0.8324545923162128,breach,high,43.7% below the development-sample 0.8325 (breach at 25%),model_owner,second_line_and_model_risk_committee,"Measured as a proportional fall from the development-sample Gini, not an absolute floor, because what matters is whether the model still ranks as well as it did when it was approved. Breach — ranking power has gone; the model no longer supports the decisions it was approved for.",false,"",32532,false,RISKOS_PD_002
2019Q2,2019-06-30,2020-06-30,MON-04,observed_over_expected,5.616130956524922,,breach,high,"5.6161 outside breach band [0.5, 2.0]",model_owner,second_line_and_model_risk_committee,"Calibration is the dimension that converts directly into a money number: ECL is PD x LGD x EAD, so a ratio of 2.0 understates the provision by half. Warn — recalibrate at the next scheduled review. Breach — the reported provision is materially wrong; notify finance and second line in the same reporting period.",false,"",32532,false,RISKOS_PD_002
2019Q3,2019-09-30,2020-09-30,MON-05,gini,0.4345284734365107,0.8324545923162128,breach,high,47.8% below the development-sample 0.8325 (breach at 25%),model_owner,second_line_and_model_risk_committee,"Measured as a proportional fall from the development-sample Gini, not an absolute floor, because what matters is whether the model still ranks as well as it did when it was approved. Breach — ranking power has gone; the model no longer supports the decisions it was approved for.",false,"",32681,false,RISKOS_PD_002
2019Q3,2019-09-30,2020-09-30,MON-04,observed_over_expected,9.424629161773254,,breach,high,"9.4246 outside breach band [0.5, 2.0]",model_owner,second_line_and_model_risk_committee,"Calibration is the dimension that converts directly into a money number: ECL is PD x LGD x EAD, so a ratio of 2.0 understates the provision by half. Warn — recalibrate at the next scheduled review. Breach — the reported provision is materially wrong; notify finance and second line in the same reporting period.",false,"",32681,false,RISKOS_PD_002
2019Q4,2019-12-31,2020-12-31,MON-04,observed_over_expected,10.103464905901117,,breach,high,"10.1035 outside breach band [0.5, 2.0]",model_owner,second_line_and_model_risk_committee,"Calibration is the dimension that converts directly into a money number: ECL is PD x LGD x EAD, so a ratio of 2.0 understates the provision by half. Warn — recalibrate at the next scheduled review. Breach — the reported provision is materially wrong; notify finance and second line in the same reporting period.",false,"",32789,false,RISKOS_PD_002
2019Q4,2019-12-31,2020-12-31,MON-05,gini,0.4312936985836313,0.8324545923162128,breach,high,48.2% below the development-sample 0.8325 (breach at 25%),model_owner,second_line_and_model_risk_committee,"Measured as a proportional fall from the development-sample Gini, not an absolute floor, because what matters is whether the model still ranks as well as it did when it was approved. Breach — ranking power has gone; the model no longer supports the decisions it was approved for.",false,"",32789,false,RISKOS_PD_002
1999Q1,1999-03-31,1999-03-31,MON-02,max_feature_csi,12.404373315285838,,breach,medium,12.4044 above breach threshold 0.25,model_owner,model_owner_and_second_line,Identify the feature and decide whether the shift is a data-supply change (a vendor field changing coverage) or a genuine portfolio change. The two have opposite remediations and the metric cannot tell them apart.,false,"",3275,true,RISKOS_PD_002
1999Q1,1999-03-31,1999-03-31,MON-03,n_features_csi_significant,3.0,,breach,medium,3.0000 above breach threshold 2.0,model_owner,model_owner_and_second_line,"One drifting input is a feature problem. Three at once is usually an upstream data problem, and the first check is the ingest layer, not the model.",false,"",3275,true,RISKOS_PD_002
1999Q2,1999-06-30,1999-06-30,MON-02,max_feature_csi,10.411308908141281,,breach,medium,10.4113 above breach threshold 0.25,model_owner,model_owner_and_second_line,Identify the feature and decide whether the shift is a data-supply change (a vendor field changing coverage) or a genuine portfolio change. The two have opposite remediations and the metric cannot tell them apart.,false,"",13833,true,RISKOS_PD_002
1999Q2,1999-06-30,1999-06-30,MON-03,n_features_csi_significant,3.0,,breach,medium,3.0000 above breach threshold 2.0,model_owner,model_owner_and_second_line,"One drifting input is a feature problem. Three at once is usually an upstream data problem, and the first check is the ingest layer, not the model.",false,"",13833,true,RISKOS_PD_002
1999Q3,1999-09-30,2000-09-30,MON-04,observed_over_expected,0.6107400887001186,,warn,medium,"0.6107 outside warn band [0.8, 1.25]",model_owner,model_owner_and_second_line,"Calibration is the dimension that converts directly into a money number: ECL is PD x LGD x EAD, so a ratio of 2.0 understates the provision by half. Warn — recalibrate at the next scheduled review. Breach — the reported provision is materially wrong; notify finance and second line in the same reporting period.",false,"",22414,true,RISKOS_PD_002
1999Q3,1999-09-30,2000-09-30,MON-06,brier_reliability,8.07956936033419e-6,1.3076600799743053e-6,breach,medium,517.9% above the development-sample 0.0000 (breach at 400%),model_owner,model_owner_and_second_line,Reliability isolates miscalibration from the irreducible base-rate variance that moves the headline Brier score whenever the default rate moves. A rising reliability term with a flat Gini is the signature of a model that still ranks but no longer predicts a level.,false,"",22414,true,RISKOS_PD_002
1999Q3,1999-09-30,1999-09-30,MON-03,n_features_csi_significant,3.0,,breach,medium,3.0000 above breach threshold 2.0,model_owner,model_owner_and_second_line,"One drifting input is a feature problem. Three at once is usually an upstream data problem, and the first check is the ingest layer, not the model.",false,"",22414,true,RISKOS_PD_002
1999Q3,1999-09-30,1999-09-30,MON-02,max_feature_csi,8.830881526630687,,breach,medium,8.8309 above breach threshold 0.25,model_owner,model_owner_and_second_line,Identify the feature and decide whether the shift is a data-supply change (a vendor field changing coverage) or a genuine portfolio change. The two have opposite remediations and the metric cannot tell them apart.,false,"",22414,true,RISKOS_PD_002
1999Q4,1999-12-31,1999-12-31,MON-02,max_feature_csi,7.1215803684126815,,breach,medium,7.1216 above breach threshold 0.25,model_owner,model_owner_and_second_line,Identify the feature and decide whether the shift is a data-supply change (a vendor field changing coverage) or a genuine portfolio change. The two have opposite remediations and the metric cannot tell them apart.,false,"",29213,true,RISKOS_PD_002
1999Q4,1999-12-31,2000-12-31,MON-04,observed_over_expected,0.6824418995162624,,warn,medium,"0.6824 outside warn band [0.8, 1.25]",model_owner,model_owner_and_second_line,"Calibration is the dimension that converts directly into a money number: ECL is PD x LGD x EAD, so a ratio of 2.0 understates the provision by half. Warn — recalibrate at the next scheduled review. Breach — the reported provision is materially wrong; notify finance and second line in the same reporting period.",false,"",29213,true,RISKOS_PD_002
1999Q4,1999-12-31,1999-12-31,MON-03,n_features_csi_significant,3.0,,breach,medium,3.0000 above breach threshold 2.0,model_owner,model_owner_and_second_line,"One drifting input is a feature problem. Three at once is usually an upstream data problem, and the first check is the ingest layer, not the model.",false,"",29213,true,RISKOS_PD_002
2000Q1,2000-03-31,2000-03-31,MON-03,n_features_csi_significant,3.0,,breach,medium,3.0000 above breach threshold 2.0,model_owner,model_owner_and_second_line,"One drifting input is a feature problem. Three at once is usually an upstream data problem, and the first check is the ingest layer, not the model.",false,"",38146,true,RISKOS_PD_002
2000Q1,2000-03-31,2000-03-31,MON-02,max_feature_csi,6.074367471823111,,breach,medium,6.0744 above breach threshold 0.25,model_owner,model_owner_and_second_line,Identify the feature and decide whether the shift is a data-supply change (a vendor field changing coverage) or a genuine portfolio change. The two have opposite remediations and the metric cannot tell them apart.,false,"",38146,true,RISKOS_PD_002
2000Q2,2000-06-30,2000-06-30,MON-02,max_feature_csi,4.900256015436931,,breach,medium,4.9003 above breach threshold 0.25,model_owner,model_owner_and_second_line,Identify the feature and decide whether the shift is a data-supply change (a vendor field changing coverage) or a genuine portfolio change. The two have opposite remediations and the metric cannot tell them apart.,false,"",46408,true,RISKOS_PD_002
2000Q2,2000-06-30,2000-06-30,MON-03,n_features_csi_significant,3.0,,breach,medium,3.0000 above breach threshold 2.0,model_owner,model_owner_and_second_line,"One drifting input is a feature problem. Three at once is usually an upstream data problem, and the first check is the ingest layer, not the model.",false,"",46408,true,RISKOS_PD_002
2000Q3,2000-09-30,2000-09-30,MON-03,n_features_csi_significant,3.0,,breach,medium,3.0000 above breach threshold 2.0,model_owner,model_owner_and_second_line,"One drifting input is a feature problem. Three at once is usually an upstream data problem, and the first check is the ingest layer, not the model.",false,"",55501,true,RISKOS_PD_002
2000Q3,2000-09-30,2000-09-30,MON-02,max_feature_csi,3.996593450263378,,breach,medium,3.9966 above breach threshold 0.25,model_owner,model_owner_and_second_line,Identify the feature and decide whether the shift is a data-supply change (a vendor field changing coverage) or a genuine portfolio change. The two have opposite remediations and the metric cannot tell them apart.,false,"",55501,true,RISKOS_PD_002
2000Q3,2000-09-30,2000-09-30,MON-01,score_psi,0.11233290326356216,,warn,medium,0.1123 above warn threshold 0.1,model_owner,model_owner_and_second_line,Warn — investigate which score bands moved and whether the shift is portfolio mix or model behaviour. Breach — the scored population is no longer the population the model was calibrated on; escalate to second line and open a redevelopment assessment.,false,"",55501,true,RISKOS_PD_002
2000Q4,2000-12-31,2000-12-31,MON-03,n_features_csi_significant,3.0,,breach,medium,3.0000 above breach threshold 2.0,model_owner,model_owner_and_second_line,"One drifting input is a feature problem. Three at once is usually an upstream data problem, and the first check is the ingest layer, not the model.",false,"",64034,true,RISKOS_PD_002
2000Q4,2000-12-31,2000-12-31,MON-02,max_feature_csi,3.396730541048772,,breach,medium,3.3967 above breach threshold 0.25,model_owner,model_owner_and_second_line,Identify the feature and decide whether the shift is a data-supply change (a vendor field changing coverage) or a genuine portfolio change. The two have opposite remediations and the metric cannot tell them apart.,false,"",64034,true,RISKOS_PD_002
2000Q4,2000-12-31,2000-12-31,MON-01,score_psi,0.12905904214030084,,warn,medium,0.1291 above warn threshold 0.1,model_owner,model_owner_and_second_line,Warn — investigate which score bands moved and whether the shift is portfolio mix or model behaviour. Breach — the scored population is no longer the population the model was calibrated on; escalate to second line and open a redevelopment assessment.,false,"",64034,true,RISKOS_PD_002
2001Q1,2001-03-31,2001-03-31,MON-01,score_psi,0.12044038908894505,,warn,medium,0.1204 above warn threshold 0.1,model_owner,model_owner_and_second_line,Warn — investigate which score bands moved and whether the shift is portfolio mix or model behaviour. Breach — the scored population is no longer the population the model was calibrated on; escalate to second line and open a redevelopment assessment.,false,"",68530,true,RISKOS_PD_002
2001Q1,2001-03-31,2001-03-31,MON-02,max_feature_csi,2.819201996126866,,breach,medium,2.8192 above breach threshold 0.25,model_owner,model_owner_and_second_line,Identify the feature and decide whether the shift is a data-supply change (a vendor field changing coverage) or a genuine portfolio change. The two have opposite remediations and the metric cannot tell them apart.,false,"",68530,true,RISKOS_PD_002
2001Q1,2001-03-31,2001-03-31,MON-03,n_features_csi_significant,3.0,,breach,medium,3.0000 above breach threshold 2.0,model_owner,model_owner_and_second_line,"One drifting input is a feature problem. Three at once is usually an upstream data problem, and the first check is the ingest layer, not the model.",false,"",68530,true,RISKOS_PD_002
2001Q2,2001-06-30,2001-06-30,MON-03,n_features_csi_significant,3.0,,breach,medium,3.0000 above breach threshold 2.0,model_owner,model_owner_and_second_line,"One drifting input is a feature problem. Three at once is usually an upstream data problem, and the first check is the ingest layer, not the model.",false,"",73447,true,RISKOS_PD_002
2001Q2,2001-06-30,2001-06-30,MON-02,max_feature_csi,2.398500028685287,,breach,medium,2.3985 above breach threshold 0.25,model_owner,model_owner_and_second_line,Identify the feature and decide whether the shift is a data-supply change (a vendor field changing coverage) or a genuine portfolio change. The two have opposite remediations and the metric cannot tell them apart.,false,"",73447,true,RISKOS_PD_002
2001Q3,2001-09-30,2001-09-30,MON-03,n_features_csi_significant,3.0,,breach,medium,3.0000 above breach threshold 2.0,model_owner,model_owner_and_second_line,"One drifting input is a feature problem. Three at once is usually an upstream data problem, and the first check is the ingest layer, not the model.",false,"",79142,true,RISKOS_PD_002
2001Q3,2001-09-30,2001-09-30,MON-02,max_feature_csi,2.3117075162996454,,breach,medium,2.3117 above breach threshold 0.25,model_owner,model_owner_and_second_line,Identify the feature and decide whether the shift is a data-supply change (a vendor field changing coverage) or a genuine portfolio change. The two have opposite remediations and the metric cannot tell them apart.,false,"",79142,true,RISKOS_PD_002
2001Q4,2001-12-31,2001-12-31,MON-02,max_feature_csi,1.8941173645549694,,breach,medium,1.8941 above breach threshold 0.25,model_owner,model_owner_and_second_line,Identify the feature and decide whether the shift is a data-supply change (a vendor field changing coverage) or a genuine portfolio change. The two have opposite remediations and the metric cannot tell them apart.,false,"",78769,true,RISKOS_PD_002
2002Q1,2002-03-31,2002-03-31,MON-02,max_feature_csi,1.603940103560439,,breach,medium,1.6039 above breach threshold 0.25,model_owner,model_owner_and_second_line,Identify the feature and decide whether the shift is a data-supply change (a vendor field changing coverage) or a genuine portfolio change. The two have opposite remediations and the metric cannot tell them apart.,false,"",82599,true,RISKOS_PD_002
2002Q2,2002-06-30,2002-06-30,MON-02,max_feature_csi,1.5670851334665754,,breach,medium,1.5671 above breach threshold 0.25,model_owner,model_owner_and_second_line,Identify the feature and decide whether the shift is a data-supply change (a vendor field changing coverage) or a genuine portfolio change. The two have opposite remediations and the metric cannot tell them apart.,false,"",87680,true,RISKOS_PD_002
2002Q3,2002-09-30,2002-09-30,MON-02,max_feature_csi,1.2912630313797786,,breach,medium,1.2913 above breach threshold 0.25,model_owner,model_owner_and_second_line,Identify the feature and decide whether the shift is a data-supply change (a vendor field changing coverage) or a genuine portfolio change. The two have opposite remediations and the metric cannot tell them apart.,false,"",88460,true,RISKOS_PD_002
2002Q4,2002-12-31,2002-12-31,MON-02,max_feature_csi,0.5948961791976964,,breach,medium,0.5949 above breach threshold 0.25,model_owner,model_owner_and_second_line,Identify the feature and decide whether the shift is a data-supply change (a vendor field changing coverage) or a genuine portfolio change. The two have opposite remediations and the metric cannot tell them apart.,false,"",86206,true,RISKOS_PD_002
2003Q1,2003-03-31,2003-03-31,MON-02,max_feature_csi,0.29590081110183614,,breach,medium,0.2959 above breach threshold 0.25,model_owner,model_owner_and_second_line,Identify the feature and decide whether the shift is a data-supply change (a vendor field changing coverage) or a genuine portfolio change. The two have opposite remediations and the metric cannot tell them apart.,false,"",83709,true,RISKOS_PD_002
2004Q1,2004-03-31,2005-03-31,MON-06,brier_reliability,0.000011137391430826473,1.3076600799743053e-6,breach,medium,751.7% above the development-sample 0.0000 (breach at 400%),model_owner,model_owner_and_second_line,Reliability isolates miscalibration from the irreducible base-rate variance that moves the headline Brier score whenever the default rate moves. A rising reliability term with a flat Gini is the signature of a model that still ranks but no longer predicts a level.,false,"",82499,true,RISKOS_PD_002
2004Q2,2004-06-30,2004-06-30,MON-02,max_feature_csi,0.2680981617971081,,breach,medium,0.2681 above breach threshold 0.25,model_owner,model_owner_and_second_line,Identify the feature and decide whether the shift is a data-supply change (a vendor field changing coverage) or a genuine portfolio change. The two have opposite remediations and the metric cannot tell them apart.,false,"",87569,true,RISKOS_PD_002
2004Q3,2004-09-30,2004-09-30,MON-02,max_feature_csi,0.31347617012114726,,breach,medium,0.3135 above breach threshold 0.25,model_owner,model_owner_and_second_line,Identify the feature and decide whether the shift is a data-supply change (a vendor field changing coverage) or a genuine portfolio change. The two have opposite remediations and the metric cannot tell them apart.,false,"",92234,true,RISKOS_PD_002
2004Q4,2004-12-31,2004-12-31,MON-02,max_feature_csi,0.38775439719298826,,breach,medium,0.3878 above breach threshold 0.25,model_owner,model_owner_and_second_line,Identify the feature and decide whether the shift is a data-supply change (a vendor field changing coverage) or a genuine portfolio change. The two have opposite remediations and the metric cannot tell them apart.,false,"",97277,true,RISKOS_PD_002
2005Q1,2005-03-31,2006-03-31,MON-06,brier_reliability,0.000011161784180227308,1.3076600799743053e-6,breach,medium,753.6% above the development-sample 0.0000 (breach at 400%),model_owner,model_owner_and_second_line,Reliability isolates miscalibration from the irreducible base-rate variance that moves the headline Brier score whenever the default rate moves. A rising reliability term with a flat Gini is the signature of a model that still ranks but no longer predicts a level.,false,"",102257,true,RISKOS_PD_002
2005Q1,2005-03-31,2005-03-31,MON-02,max_feature_csi,0.46636746811854946,,breach,medium,0.4664 above breach threshold 0.25,model_owner,model_owner_and_second_line,Identify the feature and decide whether the shift is a data-supply change (a vendor field changing coverage) or a genuine portfolio change. The two have opposite remediations and the metric cannot tell them apart.,false,"",102257,true,RISKOS_PD_002
2005Q2,2005-06-30,2006-06-30,MON-06,brier_reliability,8.0540700735569e-6,1.3076600799743053e-6,breach,medium,515.9% above the development-sample 0.0000 (breach at 400%),model_owner,model_owner_and_second_line,Reliability isolates miscalibration from the irreducible base-rate variance that moves the headline Brier score whenever the default rate moves. A rising reliability term with a flat Gini is the signature of a model that still ranks but no longer predicts a level.,false,"",108062,true,RISKOS_PD_002
2005Q2,2005-06-30,2005-06-30,MON-02,max_feature_csi,0.5430590860214045,,breach,medium,0.5431 above breach threshold 0.25,model_owner,model_owner_and_second_line,Identify the feature and decide whether the shift is a data-supply change (a vendor field changing coverage) or a genuine portfolio change. The two have opposite remediations and the metric cannot tell them apart.,false,"",108062,true,RISKOS_PD_002
2005Q3,2005-09-30,2005-09-30,MON-02,max_feature_csi,0.6308109341707172,,breach,medium,0.6308 above breach threshold 0.25,model_owner,model_owner_and_second_line,Identify the feature and decide whether the shift is a data-supply change (a vendor field changing coverage) or a genuine portfolio change. The two have opposite remediations and the metric cannot tell them apart.,false,"",112787,true,RISKOS_PD_002
2005Q4,2005-12-31,2005-12-31,MON-02,max_feature_csi,0.6861407706057236,,breach,medium,0.6861 above breach threshold 0.25,model_owner,model_owner_and_second_line,Identify the feature and decide whether the shift is a data-supply change (a vendor field changing coverage) or a genuine portfolio change. The two have opposite remediations and the metric cannot tell them apart.,false,"",117977,true,RISKOS_PD_002
2006Q1,2006-03-31,2006-03-31,MON-02,max_feature_csi,0.6923998257092705,,breach,medium,0.6924 above breach threshold 0.25,model_owner,model_owner_and_second_line,Identify the feature and decide whether the shift is a data-supply change (a vendor field changing coverage) or a genuine portfolio change. The two have opposite remediations and the metric cannot tell them apart.,false,"",123557,true,RISKOS_PD_002
2006Q2,2006-06-30,2006-06-30,MON-02,max_feature_csi,0.6666875511775527,,breach,medium,0.6667 above breach threshold 0.25,model_owner,model_owner_and_second_line,Identify the feature and decide whether the shift is a data-supply change (a vendor field changing coverage) or a genuine portfolio change. The two have opposite remediations and the metric cannot tell them apart.,false,"",129059,true,RISKOS_PD_002
2006Q3,2006-09-30,2006-09-30,MON-02,max_feature_csi,0.5923467618873953,,breach,medium,0.5923 above breach threshold 0.25,model_owner,model_owner_and_second_line,Identify the feature and decide whether the shift is a data-supply change (a vendor field changing coverage) or a genuine portfolio change. The two have opposite remediations and the metric cannot tell them apart.,false,"",135327,true,RISKOS_PD_002
2006Q4,2006-12-31,2006-12-31,MON-02,max_feature_csi,0.5932390357713224,,breach,medium,0.5932 above breach threshold 0.25,model_owner,model_owner_and_second_line,Identify the feature and decide whether the shift is a data-supply change (a vendor field changing coverage) or a genuine portfolio change. The two have opposite remediations and the metric cannot tell them apart.,false,"",140753,true,RISKOS_PD_002
2007Q1,2007-03-31,2008-03-31,MON-05,gini,0.7208539188139977,0.8324545923162128,warn,medium,13.4% below the development-sample 0.8325 (warn at 10%),model_owner,model_owner_and_second_line,"Measured as a proportional fall from the development-sample Gini, not an absolute floor, because what matters is whether the model still ranks as well as it did when it was approved. Breach — ranking power has gone; the model no longer supports the decisions it was approved for.",false,"",24632,false,RISKOS_PD_002
2007Q1,2007-03-31,2008-03-31,MON-06,brier_reliability,0.000012193193948799935,1.3076600799743053e-6,breach,medium,832.4% above the development-sample 0.0000 (breach at 400%),model_owner,model_owner_and_second_line,Reliability isolates miscalibration from the irreducible base-rate variance that moves the headline Brier score whenever the default rate moves. A rising reliability term with a flat Gini is the signature of a model that still ranks but no longer predicts a level.,false,"",24632,false,RISKOS_PD_002
2007Q1,2007-03-31,2008-03-31,MON-04,observed_over_expected,1.3715059723906395,,warn,medium,"1.3715 outside warn band [0.8, 1.25]",model_owner,model_owner_and_second_line,"Calibration is the dimension that converts directly into a money number: ECL is PD x LGD x EAD, so a ratio of 2.0 understates the provision by half. Warn — recalibrate at the next scheduled review. Breach — the reported provision is materially wrong; notify finance and second line in the same reporting period.",false,"",24632,false,RISKOS_PD_002
2007Q1,2007-03-31,2007-03-31,MON-02,max_feature_csi,0.6361473174146355,,breach,medium,0.6361 above breach threshold 0.25,model_owner,model_owner_and_second_line,Identify the feature and decide whether the shift is a data-supply change (a vendor field changing coverage) or a genuine portfolio change. The two have opposite remediations and the metric cannot tell them apart.,false,"",24632,false,RISKOS_PD_002
2007Q2,2007-06-30,2008-06-30,MON-04,observed_over_expected,1.5269690806014344,,warn,medium,"1.5270 outside warn band [0.8, 1.25]",model_owner,model_owner_and_second_line,"Calibration is the dimension that converts directly into a money number: ECL is PD x LGD x EAD, so a ratio of 2.0 understates the provision by half. Warn — recalibrate at the next scheduled review. Breach — the reported provision is materially wrong; notify finance and second line in the same reporting period.",false,"",25550,false,RISKOS_PD_002
2007Q2,2007-06-30,2008-06-30,MON-05,gini,0.6903614775030935,0.8324545923162128,warn,medium,17.1% below the development-sample 0.8325 (warn at 10%),model_owner,model_owner_and_second_line,"Measured as a proportional fall from the development-sample Gini, not an absolute floor, because what matters is whether the model still ranks as well as it did when it was approved. Breach — ranking power has gone; the model no longer supports the decisions it was approved for.",false,"",25550,false,RISKOS_PD_002
2007Q2,2007-06-30,2008-06-30,MON-06,brier_reliability,0.000020336895337099406,1.3076600799743053e-6,breach,medium,1455.2% above the development-sample 0.0000 (breach at 400%),model_owner,model_owner_and_second_line,Reliability isolates miscalibration from the irreducible base-rate variance that moves the headline Brier score whenever the default rate moves. A rising reliability term with a flat Gini is the signature of a model that still ranks but no longer predicts a level.,false,"",25550,false,RISKOS_PD_002
2007Q2,2007-06-30,2007-06-30,MON-03,n_features_csi_significant,3.0,,breach,medium,3.0000 above breach threshold 2.0,model_owner,model_owner_and_second_line,"One drifting input is a feature problem. Three at once is usually an upstream data problem, and the first check is the ingest layer, not the model.",false,"",25550,false,RISKOS_PD_002
2007Q2,2007-06-30,2007-06-30,MON-02,max_feature_csi,0.6626737178321525,,breach,medium,0.6627 above breach threshold 0.25,model_owner,model_owner_and_second_line,Identify the feature and decide whether the shift is a data-supply change (a vendor field changing coverage) or a genuine portfolio change. The two have opposite remediations and the metric cannot tell them apart.,false,"",25550,false,RISKOS_PD_002
2007Q3,2007-09-30,2007-09-30,MON-03,n_features_csi_significant,3.0,,breach,medium,3.0000 above breach threshold 2.0,model_owner,model_owner_and_second_line,"One drifting input is a feature problem. Three at once is usually an upstream data problem, and the first check is the ingest layer, not the model.",false,"",26464,false,RISKOS_PD_002
2007Q3,2007-09-30,2007-09-30,MON-02,max_feature_csi,0.6279156424466157,,breach,medium,0.6279 above breach threshold 0.25,model_owner,model_owner_and_second_line,Identify the feature and decide whether the shift is a data-supply change (a vendor field changing coverage) or a genuine portfolio change. The two have opposite remediations and the metric cannot tell them apart.,false,"",26464,false,RISKOS_PD_002
2007Q3,2007-09-30,2008-09-30,MON-04,observed_over_expected,1.5675588965776228,,warn,medium,"1.5676 outside warn band [0.8, 1.25]",model_owner,model_owner_and_second_line,"Calibration is the dimension that converts directly into a money number: ECL is PD x LGD x EAD, so a ratio of 2.0 understates the provision by half. Warn — recalibrate at the next scheduled review. Breach — the reported provision is materially wrong; notify finance and second line in the same reporting period.",false,"",26464,false,RISKOS_PD_002
2007Q3,2007-09-30,2008-09-30,MON-05,gini,0.7146674014946752,0.8324545923162128,warn,medium,14.1% below the development-sample 0.8325 (warn at 10%),model_owner,model_owner_and_second_line,"Measured as a proportional fall from the development-sample Gini, not an absolute floor, because what matters is whether the model still ranks as well as it did when it was approved. Breach — ranking power has gone; the model no longer supports the decisions it was approved for.",false,"",26464,false,RISKOS_PD_002
2007Q3,2007-09-30,2008-09-30,MON-06,brier_reliability,0.0000326037749597868,1.3076600799743053e-6,breach,medium,2393.3% above the development-sample 0.0000 (breach at 400%),model_owner,model_owner_and_second_line,Reliability isolates miscalibration from the irreducible base-rate variance that moves the headline Brier score whenever the default rate moves. A rising reliability term with a flat Gini is the signature of a model that still ranks but no longer predicts a level.,false,"",26464,false,RISKOS_PD_002
2007Q4,2007-12-31,2007-12-31,MON-02,max_feature_csi,0.6197322442076076,,breach,medium,0.6197 above breach threshold 0.25,model_owner,model_owner_and_second_line,Identify the feature and decide whether the shift is a data-supply change (a vendor field changing coverage) or a genuine portfolio change. The two have opposite remediations and the metric cannot tell them apart.,false,"",27449,false,RISKOS_PD_002
2007Q4,2007-12-31,2007-12-31,MON-03,n_features_csi_significant,3.0,,breach,medium,3.0000 above breach threshold 2.0,model_owner,model_owner_and_second_line,"One drifting input is a feature problem. Three at once is usually an upstream data problem, and the first check is the ingest layer, not the model.",false,"",27449,false,RISKOS_PD_002
2007Q4,2007-12-31,2008-12-31,MON-06,brier_reliability,0.00010117862670869908,1.3076600799743053e-6,breach,medium,7637.4% above the development-sample 0.0000 (breach at 400%),model_owner,model_owner_and_second_line,Reliability isolates miscalibration from the irreducible base-rate variance that moves the headline Brier score whenever the default rate moves. A rising reliability term with a flat Gini is the signature of a model that still ranks but no longer predicts a level.,false,"",27449,false,RISKOS_PD_002
2007Q4,2007-12-31,2008-12-31,MON-05,gini,0.705472913920038,0.8324545923162128,warn,medium,15.3% below the development-sample 0.8325 (warn at 10%),model_owner,model_owner_and_second_line,"Measured as a proportional fall from the development-sample Gini, not an absolute floor, because what matters is whether the model still ranks as well as it did when it was approved. Breach — ranking power has gone; the model no longer supports the decisions it was approved for.",false,"",27449,false,RISKOS_PD_002
2007Q4,2007-12-31,2008-12-31,MON-04,observed_over_expected,1.9252593339673862,,warn,medium,"1.9253 outside warn band [0.8, 1.25]",model_owner,model_owner_and_second_line,"Calibration is the dimension that converts directly into a money number: ECL is PD x LGD x EAD, so a ratio of 2.0 understates the provision by half. Warn — recalibrate at the next scheduled review. Breach — the reported provision is materially wrong; notify finance and second line in the same reporting period.",false,"",27449,false,RISKOS_PD_002
2008Q1,2008-03-31,2009-03-31,MON-06,brier_reliability,0.0002861173839379015,1.3076600799743053e-6,breach,medium,21780.1% above the development-sample 0.0000 (breach at 400%),model_owner,model_owner_and_second_line,Reliability isolates miscalibration from the irreducible base-rate variance that moves the headline Brier score whenever the default rate moves. A rising reliability term with a flat Gini is the signature of a model that still ranks but no longer predicts a level.,false,"",28124,false,RISKOS_PD_002
2008Q1,2008-03-31,2008-03-31,MON-02,max_feature_csi,0.6371667172662245,,breach,medium,0.6372 above breach threshold 0.25,model_owner,model_owner_and_second_line,Identify the feature and decide whether the shift is a data-supply change (a vendor field changing coverage) or a genuine portfolio change. The two have opposite remediations and the metric cannot tell them apart.,false,"",28124,false,RISKOS_PD_002
2008Q1,2008-03-31,2008-03-31,MON-03,n_features_csi_significant,3.0,,breach,medium,3.0000 above breach threshold 2.0,model_owner,model_owner_and_second_line,"One drifting input is a feature problem. Three at once is usually an upstream data problem, and the first check is the ingest layer, not the model.",false,"",28124,false,RISKOS_PD_002
2008Q1,2008-03-31,2009-03-31,MON-05,gini,0.667460665732216,0.8324545923162128,warn,medium,19.8% below the development-sample 0.8325 (warn at 10%),model_owner,model_owner_and_second_line,"Measured as a proportional fall from the development-sample Gini, not an absolute floor, because what matters is whether the model still ranks as well as it did when it was approved. Breach — ranking power has gone; the model no longer supports the decisions it was approved for.",false,"",28124,false,RISKOS_PD_002
2008Q2,2008-06-30,2009-06-30,MON-06,brier_reliability,0.0004887519259947341,1.3076600799743053e-6,breach,medium,37276.1% above the development-sample 0.0000 (breach at 400%),model_owner,model_owner_and_second_line,Reliability isolates miscalibration from the irreducible base-rate variance that moves the headline Brier score whenever the default rate moves. A rising reliability term with a flat Gini is the signature of a model that still ranks but no longer predicts a level.,false,"",29120,false,RISKOS_PD_002
2008Q2,2008-06-30,2008-06-30,MON-02,max_feature_csi,0.6658951492433463,,breach,medium,0.6659 above breach threshold 0.25,model_owner,model_owner_and_second_line,Identify the feature and decide whether the shift is a data-supply change (a vendor field changing coverage) or a genuine portfolio change. The two have opposite remediations and the metric cannot tell them apart.,false,"",29120,false,RISKOS_PD_002
2008Q2,2008-06-30,2008-06-30,MON-03,n_features_csi_significant,3.0,,breach,medium,3.0000 above breach threshold 2.0,model_owner,model_owner_and_second_line,"One drifting input is a feature problem. Three at once is usually an upstream data problem, and the first check is the ingest layer, not the model.",false,"",29120,false,RISKOS_PD_002
2008Q2,2008-06-30,2009-06-30,MON-05,gini,0.6415413757158863,0.8324545923162128,warn,medium,22.9% below the development-sample 0.8325 (warn at 10%),model_owner,model_owner_and_second_line,"Measured as a proportional fall from the development-sample Gini, not an absolute floor, because what matters is whether the model still ranks as well as it did when it was approved. Breach — ranking power has gone; the model no longer supports the decisions it was approved for.",false,"",29120,false,RISKOS_PD_002
2008Q3,2008-09-30,2009-09-30,MON-05,gini,0.6583903380721006,0.8324545923162128,warn,medium,20.9% below the development-sample 0.8325 (warn at 10%),model_owner,model_owner_and_second_line,"Measured as a proportional fall from the development-sample Gini, not an absolute floor, because what matters is whether the model still ranks as well as it did when it was approved. Breach — ranking power has gone; the model no longer supports the decisions it was approved for.",false,"",30034,false,RISKOS_PD_002
2008Q3,2008-09-30,2008-09-30,MON-02,max_feature_csi,0.6721340749248712,,breach,medium,0.6721 above breach threshold 0.25,model_owner,model_owner_and_second_line,Identify the feature and decide whether the shift is a data-supply change (a vendor field changing coverage) or a genuine portfolio change. The two have opposite remediations and the metric cannot tell them apart.,false,"",30034,false,RISKOS_PD_002
2008Q3,2008-09-30,2008-09-30,MON-03,n_features_csi_significant,3.0,,breach,medium,3.0000 above breach threshold 2.0,model_owner,model_owner_and_second_line,"One drifting input is a feature problem. Three at once is usually an upstream data problem, and the first check is the ingest layer, not the model.",false,"",30034,false,RISKOS_PD_002
2008Q3,2008-09-30,2009-09-30,MON-06,brier_reliability,0.0007446541651742574,1.3076600799743053e-6,breach,medium,56845.5% above the development-sample 0.0000 (breach at 400%),model_owner,model_owner_and_second_line,Reliability isolates miscalibration from the irreducible base-rate variance that moves the headline Brier score whenever the default rate moves. A rising reliability term with a flat Gini is the signature of a model that still ranks but no longer predicts a level.,false,"",30034,false,RISKOS_PD_002
2008Q4,2008-12-31,2008-12-31,MON-03,n_features_csi_significant,4.0,,breach,medium,4.0000 above breach threshold 2.0,model_owner,model_owner_and_second_line,"One drifting input is a feature problem. Three at once is usually an upstream data problem, and the first check is the ingest layer, not the model.",false,"",30800,false,RISKOS_PD_002
2008Q4,2008-12-31,2008-12-31,MON-02,max_feature_csi,0.679908534711654,,breach,medium,0.6799 above breach threshold 0.25,model_owner,model_owner_and_second_line,Identify the feature and decide whether the shift is a data-supply change (a vendor field changing coverage) or a genuine portfolio change. The two have opposite remediations and the metric cannot tell them apart.,false,"",30800,false,RISKOS_PD_002
2008Q4,2008-12-31,2009-12-31,MON-06,brier_reliability,0.0009627216625120626,1.3076600799743053e-6,breach,medium,73521.7% above the development-sample 0.0000 (breach at 400%),model_owner,model_owner_and_second_line,Reliability isolates miscalibration from the irreducible base-rate variance that moves the headline Brier score whenever the default rate moves. A rising reliability term with a flat Gini is the signature of a model that still ranks but no longer predicts a level.,false,"",30800,false,RISKOS_PD_002
2008Q4,2008-12-31,2009-12-31,MON-05,gini,0.6552432443696232,0.8324545923162128,warn,medium,21.3% below the development-sample 0.8325 (warn at 10%),model_owner,model_owner_and_second_line,"Measured as a proportional fall from the development-sample Gini, not an absolute floor, because what matters is whether the model still ranks as well as it did when it was approved. Breach — ranking power has gone; the model no longer supports the decisions it was approved for.",false,"",30800,false,RISKOS_PD_002
2009Q1,2009-03-31,2009-03-31,MON-02,max_feature_csi,0.7050332462372076,,breach,medium,0.7050 above breach threshold 0.25,model_owner,model_owner_and_second_line,Identify the feature and decide whether the shift is a data-supply change (a vendor field changing coverage) or a genuine portfolio change. The two have opposite remediations and the metric cannot tell them apart.,false,"",30456,false,RISKOS_PD_002
2009Q1,2009-03-31,2010-03-31,MON-06,brier_reliability,0.0012337260201960092,1.3076600799743053e-6,breach,medium,94246.1% above the development-sample 0.0000 (breach at 400%),model_owner,model_owner_and_second_line,Reliability isolates miscalibration from the irreducible base-rate variance that moves the headline Brier score whenever the default rate moves. A rising reliability term with a flat Gini is the signature of a model that still ranks but no longer predicts a level.,false,"",30456,false,RISKOS_PD_002
2009Q1,2009-03-31,2010-03-31,MON-05,gini,0.641450343380271,0.8324545923162128,warn,medium,22.9% below the development-sample 0.8325 (warn at 10%),model_owner,model_owner_and_second_line,"Measured as a proportional fall from the development-sample Gini, not an absolute floor, because what matters is whether the model still ranks as well as it did when it was approved. Breach — ranking power has gone; the model no longer supports the decisions it was approved for.",false,"",30456,false,RISKOS_PD_002
2009Q1,2009-03-31,2009-03-31,MON-03,n_features_csi_significant,4.0,,breach,medium,4.0000 above breach threshold 2.0,model_owner,model_owner_and_second_line,"One drifting input is a feature problem. Three at once is usually an upstream data problem, and the first check is the ingest layer, not the model.",false,"",30456,false,RISKOS_PD_002
2009Q2,2009-06-30,2009-06-30,MON-02,max_feature_csi,0.7607302443267043,,breach,medium,0.7607 above breach threshold 0.25,model_owner,model_owner_and_second_line,Identify the feature and decide whether the shift is a data-supply change (a vendor field changing coverage) or a genuine portfolio change. The two have opposite remediations and the metric cannot tell them apart.,false,"",29813,false,RISKOS_PD_002
2009Q2,2009-06-30,2009-06-30,MON-03,n_features_csi_significant,4.0,,breach,medium,4.0000 above breach threshold 2.0,model_owner,model_owner_and_second_line,"One drifting input is a feature problem. Three at once is usually an upstream data problem, and the first check is the ingest layer, not the model.",false,"",29813,false,RISKOS_PD_002
2009Q2,2009-06-30,2010-06-30,MON-06,brier_reliability,0.0010903367964378392,1.3076600799743053e-6,breach,medium,83280.8% above the development-sample 0.0000 (breach at 400%),model_owner,model_owner_and_second_line,Reliability isolates miscalibration from the irreducible base-rate variance that moves the headline Brier score whenever the default rate moves. A rising reliability term with a flat Gini is the signature of a model that still ranks but no longer predicts a level.,false,"",29813,false,RISKOS_PD_002
2009Q2,2009-06-30,2010-06-30,MON-05,gini,0.641367093906708,0.8324545923162128,warn,medium,23.0% below the development-sample 0.8325 (warn at 10%),model_owner,model_owner_and_second_line,"Measured as a proportional fall from the development-sample Gini, not an absolute floor, because what matters is whether the model still ranks as well as it did when it was approved. Breach — ranking power has gone; the model no longer supports the decisions it was approved for.",false,"",29813,false,RISKOS_PD_002
2009Q3,2009-09-30,2009-09-30,MON-03,n_features_csi_significant,4.0,,breach,medium,4.0000 above breach threshold 2.0,model_owner,model_owner_and_second_line,"One drifting input is a feature problem. Three at once is usually an upstream data problem, and the first check is the ingest layer, not the model.",false,"",30087,false,RISKOS_PD_002
2009Q3,2009-09-30,2010-09-30,MON-06,brier_reliability,0.0008617458983180948,1.3076600799743053e-6,breach,medium,65799.8% above the development-sample 0.0000 (breach at 400%),model_owner,model_owner_and_second_line,Reliability isolates miscalibration from the irreducible base-rate variance that moves the headline Brier score whenever the default rate moves. A rising reliability term with a flat Gini is the signature of a model that still ranks but no longer predicts a level.,false,"",30087,false,RISKOS_PD_002
2009Q3,2009-09-30,2010-09-30,MON-05,gini,0.6816925881167923,0.8324545923162128,warn,medium,18.1% below the development-sample 0.8325 (warn at 10%),model_owner,model_owner_and_second_line,"Measured as a proportional fall from the development-sample Gini, not an absolute floor, because what matters is whether the model still ranks as well as it did when it was approved. Breach — ranking power has gone; the model no longer supports the decisions it was approved for.",false,"",30087,false,RISKOS_PD_002
2009Q3,2009-09-30,2009-09-30,MON-02,max_feature_csi,0.7760689259678308,,breach,medium,0.7761 above breach threshold 0.25,model_owner,model_owner_and_second_line,Identify the feature and decide whether the shift is a data-supply change (a vendor field changing coverage) or a genuine portfolio change. The two have opposite remediations and the metric cannot tell them apart.,false,"",30087,false,RISKOS_PD_002
2009Q4,2009-12-31,2009-12-31,MON-02,max_feature_csi,0.8014367588336857,,breach,medium,0.8014 above breach threshold 0.25,model_owner,model_owner_and_second_line,Identify the feature and decide whether the shift is a data-supply change (a vendor field changing coverage) or a genuine portfolio change. The two have opposite remediations and the metric cannot tell them apart.,false,"",30074,false,RISKOS_PD_002
2009Q4,2009-12-31,2009-12-31,MON-03,n_features_csi_significant,4.0,,breach,medium,4.0000 above breach threshold 2.0,model_owner,model_owner_and_second_line,"One drifting input is a feature problem. Three at once is usually an upstream data problem, and the first check is the ingest layer, not the model.",false,"",30074,false,RISKOS_PD_002
2009Q4,2009-12-31,2010-12-31,MON-05,gini,0.696224237333857,0.8324545923162128,warn,medium,16.4% below the development-sample 0.8325 (warn at 10%),model_owner,model_owner_and_second_line,"Measured as a proportional fall from the development-sample Gini, not an absolute floor, because what matters is whether the model still ranks as well as it did when it was approved. Breach — ranking power has gone; the model no longer supports the decisions it was approved for.",false,"",30074,false,RISKOS_PD_002
2009Q4,2009-12-31,2010-12-31,MON-06,brier_reliability,0.0005832402021367556,1.3076600799743053e-6,breach,medium,44501.8% above the development-sample 0.0000 (breach at 400%),model_owner,model_owner_and_second_line,Reliability isolates miscalibration from the irreducible base-rate variance that moves the headline Brier score whenever the default rate moves. A rising reliability term with a flat Gini is the signature of a model that still ranks but no longer predicts a level.,false,"",30074,false,RISKOS_PD_002
2015Q1,2015-03-31,2016-03-31,MON-06,brier_reliability,0.000019293164322672033,1.3076600799743053e-6,breach,medium,1375.4% above the development-sample 0.0000 (breach at 400%),model_owner,model_owner_and_second_line,Reliability isolates miscalibration from the irreducible base-rate variance that moves the headline Brier score whenever the default rate moves. A rising reliability term with a flat Gini is the signature of a model that still ranks but no longer predicts a level.,false,"",20085,false,RISKOS_PD_002
2015Q1,2015-03-31,2015-03-31,MON-02,max_feature_csi,5.564150399877427,,breach,medium,5.5642 above breach threshold 0.25,model_owner,model_owner_and_second_line,Identify the feature and decide whether the shift is a data-supply change (a vendor field changing coverage) or a genuine portfolio change. The two have opposite remediations and the metric cannot tell them apart.,false,"",20085,false,RISKOS_PD_002
2015Q1,2015-03-31,2015-03-31,MON-01,score_psi,0.10307649984692557,,warn,medium,0.1031 above warn threshold 0.1,model_owner,model_owner_and_second_line,Warn — investigate which score bands moved and whether the shift is portfolio mix or model behaviour. Breach — the scored population is no longer the population the model was calibrated on; escalate to second line and open a redevelopment assessment.,false,"",20085,false,RISKOS_PD_002
2015Q1,2015-03-31,2016-03-31,MON-05,gini,0.6712194632555806,0.8324545923162128,warn,medium,19.4% below the development-sample 0.8325 (warn at 10%),model_owner,model_owner_and_second_line,"Measured as a proportional fall from the development-sample Gini, not an absolute floor, because what matters is whether the model still ranks as well as it did when it was approved. Breach — ranking power has gone; the model no longer supports the decisions it was approved for.",false,"",20085,false,RISKOS_PD_002
2015Q1,2015-03-31,2015-03-31,MON-03,n_features_csi_significant,7.0,,breach,medium,7.0000 above breach threshold 2.0,model_owner,model_owner_and_second_line,"One drifting input is a feature problem. Three at once is usually an upstream data problem, and the first check is the ingest layer, not the model.",false,"",20085,false,RISKOS_PD_002
2015Q1,2015-03-31,2016-03-31,MON-04,observed_over_expected,1.7383702203574023,,warn,medium,"1.7384 outside warn band [0.8, 1.25]",model_owner,model_owner_and_second_line,"Calibration is the dimension that converts directly into a money number: ECL is PD x LGD x EAD, so a ratio of 2.0 understates the provision by half. Warn — recalibrate at the next scheduled review. Breach — the reported provision is materially wrong; notify finance and second line in the same reporting period.",false,"",20085,false,RISKOS_PD_002
2015Q2,2015-06-30,2016-06-30,MON-06,brier_reliability,0.00001133209774873377,1.3076600799743053e-6,breach,medium,766.6% above the development-sample 0.0000 (breach at 400%),model_owner,model_owner_and_second_line,Reliability isolates miscalibration from the irreducible base-rate variance that moves the headline Brier score whenever the default rate moves. A rising reliability term with a flat Gini is the signature of a model that still ranks but no longer predicts a level.,false,"",20828,false,RISKOS_PD_002
2015Q2,2015-06-30,2016-06-30,MON-04,observed_over_expected,1.5757873196874195,,warn,medium,"1.5758 outside warn band [0.8, 1.25]",model_owner,model_owner_and_second_line,"Calibration is the dimension that converts directly into a money number: ECL is PD x LGD x EAD, so a ratio of 2.0 understates the provision by half. Warn — recalibrate at the next scheduled review. Breach — the reported provision is materially wrong; notify finance and second line in the same reporting period.",false,"",20828,false,RISKOS_PD_002
2015Q2,2015-06-30,2015-06-30,MON-03,n_features_csi_significant,7.0,,breach,medium,7.0000 above breach threshold 2.0,model_owner,model_owner_and_second_line,"One drifting input is a feature problem. Three at once is usually an upstream data problem, and the first check is the ingest layer, not the model.",false,"",20828,false,RISKOS_PD_002
2015Q2,2015-06-30,2015-06-30,MON-02,max_feature_csi,5.0304237121203705,,breach,medium,5.0304 above breach threshold 0.25,model_owner,model_owner_and_second_line,Identify the feature and decide whether the shift is a data-supply change (a vendor field changing coverage) or a genuine portfolio change. The two have opposite remediations and the metric cannot tell them apart.,false,"",20828,false,RISKOS_PD_002
2015Q2,2015-06-30,2015-06-30,MON-01,score_psi,0.12456969948853536,,warn,medium,0.1246 above warn threshold 0.1,model_owner,model_owner_and_second_line,Warn — investigate which score bands moved and whether the shift is portfolio mix or model behaviour. Breach — the scored population is no longer the population the model was calibrated on; escalate to second line and open a redevelopment assessment.,false,"",20828,false,RISKOS_PD_002
2015Q2,2015-06-30,2016-06-30,MON-05,gini,0.7016720252730086,0.8324545923162128,warn,medium,15.7% below the development-sample 0.8325 (warn at 10%),model_owner,model_owner_and_second_line,"Measured as a proportional fall from the development-sample Gini, not an absolute floor, because what matters is whether the model still ranks as well as it did when it was approved. Breach — ranking power has gone; the model no longer supports the decisions it was approved for.",false,"",20828,false,RISKOS_PD_002
2015Q3,2015-09-30,2015-09-30,MON-03,n_features_csi_significant,7.0,,breach,medium,7.0000 above breach threshold 2.0,model_owner,model_owner_and_second_line,"One drifting input is a feature problem. Three at once is usually an upstream data problem, and the first check is the ingest layer, not the model.",false,"",21548,false,RISKOS_PD_002
2015Q3,2015-09-30,2015-09-30,MON-02,max_feature_csi,4.676640585264604,,breach,medium,4.6766 above breach threshold 0.25,model_owner,model_owner_and_second_line,Identify the feature and decide whether the shift is a data-supply change (a vendor field changing coverage) or a genuine portfolio change. The two have opposite remediations and the metric cannot tell them apart.,false,"",21548,false,RISKOS_PD_002
2015Q3,2015-09-30,2015-09-30,MON-01,score_psi,0.1387511556910223,,warn,medium,0.1388 above warn threshold 0.1,model_owner,model_owner_and_second_line,Warn — investigate which score bands moved and whether the shift is portfolio mix or model behaviour. Breach — the scored population is no longer the population the model was calibrated on; escalate to second line and open a redevelopment assessment.,false,"",21548,false,RISKOS_PD_002
2015Q3,2015-09-30,2016-09-30,MON-06,brier_reliability,9.205101230180943e-6,1.3076600799743053e-6,breach,medium,603.9% above the development-sample 0.0000 (breach at 400%),model_owner,model_owner_and_second_line,Reliability isolates miscalibration from the irreducible base-rate variance that moves the headline Brier score whenever the default rate moves. A rising reliability term with a flat Gini is the signature of a model that still ranks but no longer predicts a level.,false,"",21548,false,RISKOS_PD_002
2015Q3,2015-09-30,2016-09-30,MON-05,gini,0.6779448270339525,0.8324545923162128,warn,medium,18.6% below the development-sample 0.8325 (warn at 10%),model_owner,model_owner_and_second_line,"Measured as a proportional fall from the development-sample Gini, not an absolute floor, because what matters is whether the model still ranks as well as it did when it was approved. Breach — ranking power has gone; the model no longer supports the decisions it was approved for.",false,"",21548,false,RISKOS_PD_002
2015Q3,2015-09-30,2016-09-30,MON-04,observed_over_expected,1.5002566714771093,,warn,medium,"1.5003 outside warn band [0.8, 1.25]",model_owner,model_owner_and_second_line,"Calibration is the dimension that converts directly into a money number: ECL is PD x LGD x EAD, so a ratio of 2.0 understates the provision by half. Warn — recalibrate at the next scheduled review. Breach — the reported provision is materially wrong; notify finance and second line in the same reporting period.",false,"",21548,false,RISKOS_PD_002
2015Q4,2015-12-31,2015-12-31,MON-01,score_psi,0.1471879398206533,,warn,medium,0.1472 above warn threshold 0.1,model_owner,model_owner_and_second_line,Warn — investigate which score bands moved and whether the shift is portfolio mix or model behaviour. Breach — the scored population is no longer the population the model was calibrated on; escalate to second line and open a redevelopment assessment.,false,"",22248,false,RISKOS_PD_002
2015Q4,2015-12-31,2016-12-31,MON-04,observed_over_expected,1.533139035019204,,warn,medium,"1.5331 outside warn band [0.8, 1.25]",model_owner,model_owner_and_second_line,"Calibration is the dimension that converts directly into a money number: ECL is PD x LGD x EAD, so a ratio of 2.0 understates the provision by half. Warn — recalibrate at the next scheduled review. Breach — the reported provision is materially wrong; notify finance and second line in the same reporting period.",false,"",22248,false,RISKOS_PD_002
2015Q4,2015-12-31,2016-12-31,MON-05,gini,0.6996584328628304,0.8324545923162128,warn,medium,16.0% below the development-sample 0.8325 (warn at 10%),model_owner,model_owner_and_second_line,"Measured as a proportional fall from the development-sample Gini, not an absolute floor, because what matters is whether the model still ranks as well as it did when it was approved. Breach — ranking power has gone; the model no longer supports the decisions it was approved for.",false,"",22248,false,RISKOS_PD_002
2015Q4,2015-12-31,2016-12-31,MON-06,brier_reliability,0.000011256642283570513,1.3076600799743053e-6,breach,medium,760.8% above the development-sample 0.0000 (breach at 400%),model_owner,model_owner_and_second_line,Reliability isolates miscalibration from the irreducible base-rate variance that moves the headline Brier score whenever the default rate moves. A rising reliability term with a flat Gini is the signature of a model that still ranks but no longer predicts a level.,false,"",22248,false,RISKOS_PD_002
2015Q4,2015-12-31,2015-12-31,MON-02,max_feature_csi,4.005684728236095,,breach,medium,4.0057 above breach threshold 0.25,model_owner,model_owner_and_second_line,Identify the feature and decide whether the shift is a data-supply change (a vendor field changing coverage) or a genuine portfolio change. The two have opposite remediations and the metric cannot tell them apart.,false,"",22248,false,RISKOS_PD_002
2015Q4,2015-12-31,2015-12-31,MON-03,n_features_csi_significant,7.0,,breach,medium,7.0000 above breach threshold 2.0,model_owner,model_owner_and_second_line,"One drifting input is a feature problem. Three at once is usually an upstream data problem, and the first check is the ingest layer, not the model.",false,"",22248,false,RISKOS_PD_002
2016Q1,2016-03-31,2016-03-31,MON-03,n_features_csi_significant,8.0,,breach,medium,8.0000 above breach threshold 2.0,model_owner,model_owner_and_second_line,"One drifting input is a feature problem. Three at once is usually an upstream data problem, and the first check is the ingest layer, not the model.",false,"",22932,false,RISKOS_PD_002
2016Q1,2016-03-31,2017-03-31,MON-06,brier_reliability,0.000010542026493011201,1.3076600799743053e-6,breach,medium,706.2% above the development-sample 0.0000 (breach at 400%),model_owner,model_owner_and_second_line,Reliability isolates miscalibration from the irreducible base-rate variance that moves the headline Brier score whenever the default rate moves. A rising reliability term with a flat Gini is the signature of a model that still ranks but no longer predicts a level.,false,"",22932,false,RISKOS_PD_002
2016Q1,2016-03-31,2017-03-31,MON-05,gini,0.6707717225784404,0.8324545923162128,warn,medium,19.4% below the development-sample 0.8325 (warn at 10%),model_owner,model_owner_and_second_line,"Measured as a proportional fall from the development-sample Gini, not an absolute floor, because what matters is whether the model still ranks as well as it did when it was approved. Breach — ranking power has gone; the model no longer supports the decisions it was approved for.",false,"",22932,false,RISKOS_PD_002
2016Q1,2016-03-31,2017-03-31,MON-04,observed_over_expected,1.6068532682711985,,warn,medium,"1.6069 outside warn band [0.8, 1.25]",model_owner,model_owner_and_second_line,"Calibration is the dimension that converts directly into a money number: ECL is PD x LGD x EAD, so a ratio of 2.0 understates the provision by half. Warn — recalibrate at the next scheduled review. Breach — the reported provision is materially wrong; notify finance and second line in the same reporting period.",false,"",22932,false,RISKOS_PD_002
2016Q1,2016-03-31,2016-03-31,MON-01,score_psi,0.15413053942357077,,warn,medium,0.1541 above warn threshold 0.1,model_owner,model_owner_and_second_line,Warn — investigate which score bands moved and whether the shift is portfolio mix or model behaviour. Breach — the scored population is no longer the population the model was calibrated on; escalate to second line and open a redevelopment assessment.,false,"",22932,false,RISKOS_PD_002
2016Q1,2016-03-31,2016-03-31,MON-02,max_feature_csi,3.2476644364026797,,breach,medium,3.2477 above breach threshold 0.25,model_owner,model_owner_and_second_line,Identify the feature and decide whether the shift is a data-supply change (a vendor field changing coverage) or a genuine portfolio change. The two have opposite remediations and the metric cannot tell them apart.,false,"",22932,false,RISKOS_PD_002
2016Q2,2016-06-30,2016-06-30,MON-01,score_psi,0.15698712158774453,,warn,medium,0.1570 above warn threshold 0.1,model_owner,model_owner_and_second_line,Warn — investigate which score bands moved and whether the shift is portfolio mix or model behaviour. Breach — the scored population is no longer the population the model was calibrated on; escalate to second line and open a redevelopment assessment.,false,"",23646,false,RISKOS_PD_002
2016Q2,2016-06-30,2016-06-30,MON-02,max_feature_csi,3.066233508056353,,breach,medium,3.0662 above breach threshold 0.25,model_owner,model_owner_and_second_line,Identify the feature and decide whether the shift is a data-supply change (a vendor field changing coverage) or a genuine portfolio change. The two have opposite remediations and the metric cannot tell them apart.,false,"",23646,false,RISKOS_PD_002
2016Q2,2016-06-30,2016-06-30,MON-03,n_features_csi_significant,8.0,,breach,medium,8.0000 above breach threshold 2.0,model_owner,model_owner_and_second_line,"One drifting input is a feature problem. Three at once is usually an upstream data problem, and the first check is the ingest layer, not the model.",false,"",23646,false,RISKOS_PD_002
2016Q2,2016-06-30,2017-06-30,MON-04,observed_over_expected,1.4646175401364183,,warn,medium,"1.4646 outside warn band [0.8, 1.25]",model_owner,model_owner_and_second_line,"Calibration is the dimension that converts directly into a money number: ECL is PD x LGD x EAD, so a ratio of 2.0 understates the provision by half. Warn — recalibrate at the next scheduled review. Breach — the reported provision is materially wrong; notify finance and second line in the same reporting period.",false,"",23646,false,RISKOS_PD_002
2016Q2,2016-06-30,2017-06-30,MON-06,brier_reliability,0.000012404015339201856,1.3076600799743053e-6,breach,medium,848.6% above the development-sample 0.0000 (breach at 400%),model_owner,model_owner_and_second_line,Reliability isolates miscalibration from the irreducible base-rate variance that moves the headline Brier score whenever the default rate moves. A rising reliability term with a flat Gini is the signature of a model that still ranks but no longer predicts a level.,false,"",23646,false,RISKOS_PD_002
2016Q3,2016-09-30,2016-09-30,MON-01,score_psi,0.16153849281581317,,warn,medium,0.1615 above warn threshold 0.1,model_owner,model_owner_and_second_line,Warn — investigate which score bands moved and whether the shift is portfolio mix or model behaviour. Breach — the scored population is no longer the population the model was calibrated on; escalate to second line and open a redevelopment assessment.,false,"",24207,false,RISKOS_PD_002
2016Q3,2016-09-30,2016-09-30,MON-02,max_feature_csi,3.1734974313785713,,breach,medium,3.1735 above breach threshold 0.25,model_owner,model_owner_and_second_line,Identify the feature and decide whether the shift is a data-supply change (a vendor field changing coverage) or a genuine portfolio change. The two have opposite remediations and the metric cannot tell them apart.,false,"",24207,false,RISKOS_PD_002
2016Q3,2016-09-30,2016-09-30,MON-03,n_features_csi_significant,8.0,,breach,medium,8.0000 above breach threshold 2.0,model_owner,model_owner_and_second_line,"One drifting input is a feature problem. Three at once is usually an upstream data problem, and the first check is the ingest layer, not the model.",false,"",24207,false,RISKOS_PD_002
2016Q3,2016-09-30,2017-09-30,MON-04,observed_over_expected,1.3766016162744261,,warn,medium,"1.3766 outside warn band [0.8, 1.25]",model_owner,model_owner_and_second_line,"Calibration is the dimension that converts directly into a money number: ECL is PD x LGD x EAD, so a ratio of 2.0 understates the provision by half. Warn — recalibrate at the next scheduled review. Breach — the reported provision is materially wrong; notify finance and second line in the same reporting period.",false,"",24207,false,RISKOS_PD_002
2016Q3,2016-09-30,2017-09-30,MON-06,brier_reliability,7.613218621546267e-6,1.3076600799743053e-6,breach,medium,482.2% above the development-sample 0.0000 (breach at 400%),model_owner,model_owner_and_second_line,Reliability isolates miscalibration from the irreducible base-rate variance that moves the headline Brier score whenever the default rate moves. A rising reliability term with a flat Gini is the signature of a model that still ranks but no longer predicts a level.,false,"",24207,false,RISKOS_PD_002
2016Q4,2016-12-31,2017-12-31,MON-06,brier_reliability,0.000016688157298883842,1.3076600799743053e-6,breach,medium,1176.2% above the development-sample 0.0000 (breach at 400%),model_owner,model_owner_and_second_line,Reliability isolates miscalibration from the irreducible base-rate variance that moves the headline Brier score whenever the default rate moves. A rising reliability term with a flat Gini is the signature of a model that still ranks but no longer predicts a level.,false,"",24719,false,RISKOS_PD_002
2016Q4,2016-12-31,2016-12-31,MON-01,score_psi,0.163362905466828,,warn,medium,0.1634 above warn threshold 0.1,model_owner,model_owner_and_second_line,Warn — investigate which score bands moved and whether the shift is portfolio mix or model behaviour. Breach — the scored population is no longer the population the model was calibrated on; escalate to second line and open a redevelopment assessment.,false,"",24719,false,RISKOS_PD_002
2016Q4,2016-12-31,2016-12-31,MON-02,max_feature_csi,3.2882500263694405,,breach,medium,3.2883 above breach threshold 0.25,model_owner,model_owner_and_second_line,Identify the feature and decide whether the shift is a data-supply change (a vendor field changing coverage) or a genuine portfolio change. The two have opposite remediations and the metric cannot tell them apart.,false,"",24719,false,RISKOS_PD_002
2016Q4,2016-12-31,2016-12-31,MON-03,n_features_csi_significant,8.0,,breach,medium,8.0000 above breach threshold 2.0,model_owner,model_owner_and_second_line,"One drifting input is a feature problem. Three at once is usually an upstream data problem, and the first check is the ingest layer, not the model.",false,"",24719,false,RISKOS_PD_002
2016Q4,2016-12-31,2017-12-31,MON-04,observed_over_expected,1.7020196616600285,,warn,medium,"1.7020 outside warn band [0.8, 1.25]",model_owner,model_owner_and_second_line,"Calibration is the dimension that converts directly into a money number: ECL is PD x LGD x EAD, so a ratio of 2.0 understates the provision by half. Warn — recalibrate at the next scheduled review. Breach — the reported provision is materially wrong; notify finance and second line in the same reporting period.",false,"",24719,false,RISKOS_PD_002
2016Q4,2016-12-31,2017-12-31,MON-05,gini,0.7106508956038737,0.8324545923162128,warn,medium,14.6% below the development-sample 0.8325 (warn at 10%),model_owner,model_owner_and_second_line,"Measured as a proportional fall from the development-sample Gini, not an absolute floor, because what matters is whether the model still ranks as well as it did when it was approved. Breach — ranking power has gone; the model no longer supports the decisions it was approved for.",false,"",24719,false,RISKOS_PD_002
2017Q1,2017-03-31,2018-03-31,MON-06,brier_reliability,0.000023183985626791204,1.3076600799743053e-6,breach,medium,1672.9% above the development-sample 0.0000 (breach at 400%),model_owner,model_owner_and_second_line,Reliability isolates miscalibration from the irreducible base-rate variance that moves the headline Brier score whenever the default rate moves. A rising reliability term with a flat Gini is the signature of a model that still ranks but no longer predicts a level.,false,"",25573,false,RISKOS_PD_002
2017Q1,2017-03-31,2017-03-31,MON-02,max_feature_csi,3.406516729191703,,breach,medium,3.4065 above breach threshold 0.25,model_owner,model_owner_and_second_line,Identify the feature and decide whether the shift is a data-supply change (a vendor field changing coverage) or a genuine portfolio change. The two have opposite remediations and the metric cannot tell them apart.,false,"",25573,false,RISKOS_PD_002
2017Q1,2017-03-31,2017-03-31,MON-01,score_psi,0.16577789609186375,,warn,medium,0.1658 above warn threshold 0.1,model_owner,model_owner_and_second_line,Warn — investigate which score bands moved and whether the shift is portfolio mix or model behaviour. Breach — the scored population is no longer the population the model was calibrated on; escalate to second line and open a redevelopment assessment.,false,"",25573,false,RISKOS_PD_002
2017Q1,2017-03-31,2018-03-31,MON-04,observed_over_expected,1.9430959863717707,,warn,medium,"1.9431 outside warn band [0.8, 1.25]",model_owner,model_owner_and_second_line,"Calibration is the dimension that converts directly into a money number: ECL is PD x LGD x EAD, so a ratio of 2.0 understates the provision by half. Warn — recalibrate at the next scheduled review. Breach — the reported provision is materially wrong; notify finance and second line in the same reporting period.",false,"",25573,false,RISKOS_PD_002
2017Q1,2017-03-31,2018-03-31,MON-05,gini,0.6829929843532647,0.8324545923162128,warn,medium,18.0% below the development-sample 0.8325 (warn at 10%),model_owner,model_owner_and_second_line,"Measured as a proportional fall from the development-sample Gini, not an absolute floor, because what matters is whether the model still ranks as well as it did when it was approved. Breach — ranking power has gone; the model no longer supports the decisions it was approved for.",false,"",25573,false,RISKOS_PD_002
2017Q1,2017-03-31,2017-03-31,MON-03,n_features_csi_significant,8.0,,breach,medium,8.0000 above breach threshold 2.0,model_owner,model_owner_and_second_line,"One drifting input is a feature problem. Three at once is usually an upstream data problem, and the first check is the ingest layer, not the model.",false,"",25573,false,RISKOS_PD_002
2017Q2,2017-06-30,2017-06-30,MON-01,score_psi,0.16220884492126422,,warn,medium,0.1622 above warn threshold 0.1,model_owner,model_owner_and_second_line,Warn — investigate which score bands moved and whether the shift is portfolio mix or model behaviour. Breach — the scored population is no longer the population the model was calibrated on; escalate to second line and open a redevelopment assessment.,false,"",26348,false,RISKOS_PD_002
2017Q2,2017-06-30,2017-06-30,MON-02,max_feature_csi,3.5151500768469557,,breach,medium,3.5152 above breach threshold 0.25,model_owner,model_owner_and_second_line,Identify the feature and decide whether the shift is a data-supply change (a vendor field changing coverage) or a genuine portfolio change. The two have opposite remediations and the metric cannot tell them apart.,false,"",26348,false,RISKOS_PD_002
2017Q2,2017-06-30,2017-06-30,MON-03,n_features_csi_significant,9.0,,breach,medium,9.0000 above breach threshold 2.0,model_owner,model_owner_and_second_line,"One drifting input is a feature problem. Three at once is usually an upstream data problem, and the first check is the ingest layer, not the model.",false,"",26348,false,RISKOS_PD_002
2017Q2,2017-06-30,2018-06-30,MON-05,gini,0.6580611276084278,0.8324545923162128,warn,medium,20.9% below the development-sample 0.8325 (warn at 10%),model_owner,model_owner_and_second_line,"Measured as a proportional fall from the development-sample Gini, not an absolute floor, because what matters is whether the model still ranks as well as it did when it was approved. Breach — ranking power has gone; the model no longer supports the decisions it was approved for.",false,"",26348,false,RISKOS_PD_002
2017Q2,2017-06-30,2018-06-30,MON-06,brier_reliability,0.000026704127445747908,1.3076600799743053e-6,breach,medium,1942.1% above the development-sample 0.0000 (breach at 400%),model_owner,model_owner_and_second_line,Reliability isolates miscalibration from the irreducible base-rate variance that moves the headline Brier score whenever the default rate moves. A rising reliability term with a flat Gini is the signature of a model that still ranks but no longer predicts a level.,false,"",26348,false,RISKOS_PD_002
2017Q3,2017-09-30,2018-09-30,MON-05,gini,0.7473398640923821,0.8324545923162128,warn,medium,10.2% below the development-sample 0.8325 (warn at 10%),model_owner,model_owner_and_second_line,"Measured as a proportional fall from the development-sample Gini, not an absolute floor, because what matters is whether the model still ranks as well as it did when it was approved. Breach — ranking power has gone; the model no longer supports the decisions it was approved for.",false,"",27040,false,RISKOS_PD_002
2017Q3,2017-09-30,2017-09-30,MON-03,n_features_csi_significant,9.0,,breach,medium,9.0000 above breach threshold 2.0,model_owner,model_owner_and_second_line,"One drifting input is a feature problem. Three at once is usually an upstream data problem, and the first check is the ingest layer, not the model.",false,"",27040,false,RISKOS_PD_002
2017Q3,2017-09-30,2017-09-30,MON-01,score_psi,0.1509279101650709,,warn,medium,0.1509 above warn threshold 0.1,model_owner,model_owner_and_second_line,Warn — investigate which score bands moved and whether the shift is portfolio mix or model behaviour. Breach — the scored population is no longer the population the model was calibrated on; escalate to second line and open a redevelopment assessment.,false,"",27040,false,RISKOS_PD_002
2017Q3,2017-09-30,2017-09-30,MON-02,max_feature_csi,3.617250896587096,,breach,medium,3.6173 above breach threshold 0.25,model_owner,model_owner_and_second_line,Identify the feature and decide whether the shift is a data-supply change (a vendor field changing coverage) or a genuine portfolio change. The two have opposite remediations and the metric cannot tell them apart.,false,"",27040,false,RISKOS_PD_002
2017Q3,2017-09-30,2018-09-30,MON-04,observed_over_expected,1.733432593558739,,warn,medium,"1.7334 outside warn band [0.8, 1.25]",model_owner,model_owner_and_second_line,"Calibration is the dimension that converts directly into a money number: ECL is PD x LGD x EAD, so a ratio of 2.0 understates the provision by half. Warn — recalibrate at the next scheduled review. Breach — the reported provision is materially wrong; notify finance and second line in the same reporting period.",false,"",27040,false,RISKOS_PD_002
2017Q3,2017-09-30,2018-09-30,MON-06,brier_reliability,0.000024422413415326293,1.3076600799743053e-6,breach,medium,1767.6% above the development-sample 0.0000 (breach at 400%),model_owner,model_owner_and_second_line,Reliability isolates miscalibration from the irreducible base-rate variance that moves the headline Brier score whenever the default rate moves. A rising reliability term with a flat Gini is the signature of a model that still ranks but no longer predicts a level.,false,"",27040,false,RISKOS_PD_002
2017Q4,2017-12-31,2018-12-31,MON-05,gini,0.7294353458251013,0.8324545923162128,warn,medium,12.4% below the development-sample 0.8325 (warn at 10%),model_owner,model_owner_and_second_line,"Measured as a proportional fall from the development-sample Gini, not an absolute floor, because what matters is whether the model still ranks as well as it did when it was approved. Breach — ranking power has gone; the model no longer supports the decisions it was approved for.",false,"",27875,false,RISKOS_PD_002
2017Q4,2017-12-31,2017-12-31,MON-01,score_psi,0.1510373495999861,,warn,medium,0.1510 above warn threshold 0.1,model_owner,model_owner_and_second_line,Warn — investigate which score bands moved and whether the shift is portfolio mix or model behaviour. Breach — the scored population is no longer the population the model was calibrated on; escalate to second line and open a redevelopment assessment.,false,"",27875,false,RISKOS_PD_002
2017Q4,2017-12-31,2017-12-31,MON-03,n_features_csi_significant,9.0,,breach,medium,9.0000 above breach threshold 2.0,model_owner,model_owner_and_second_line,"One drifting input is a feature problem. Three at once is usually an upstream data problem, and the first check is the ingest layer, not the model.",false,"",27875,false,RISKOS_PD_002
2017Q4,2017-12-31,2017-12-31,MON-02,max_feature_csi,3.7248822283630716,,breach,medium,3.7249 above breach threshold 0.25,model_owner,model_owner_and_second_line,Identify the feature and decide whether the shift is a data-supply change (a vendor field changing coverage) or a genuine portfolio change. The two have opposite remediations and the metric cannot tell them apart.,false,"",27875,false,RISKOS_PD_002
2018Q1,2018-03-31,2019-03-31,MON-05,gini,0.6904084033451827,0.8324545923162128,warn,medium,17.1% below the development-sample 0.8325 (warn at 10%),model_owner,model_owner_and_second_line,"Measured as a proportional fall from the development-sample Gini, not an absolute floor, because what matters is whether the model still ranks as well as it did when it was approved. Breach — ranking power has gone; the model no longer supports the decisions it was approved for.",false,"",28471,false,RISKOS_PD_002
2018Q1,2018-03-31,2018-03-31,MON-03,n_features_csi_significant,10.0,,breach,medium,10.0000 above breach threshold 2.0,model_owner,model_owner_and_second_line,"One drifting input is a feature problem. Three at once is usually an upstream data problem, and the first check is the ingest layer, not the model.",false,"",28471,false,RISKOS_PD_002
2018Q1,2018-03-31,2018-03-31,MON-02,max_feature_csi,3.815652315588357,,breach,medium,3.8157 above breach threshold 0.25,model_owner,model_owner_and_second_line,Identify the feature and decide whether the shift is a data-supply change (a vendor field changing coverage) or a genuine portfolio change. The two have opposite remediations and the metric cannot tell them apart.,false,"",28471,false,RISKOS_PD_002
2018Q1,2018-03-31,2018-03-31,MON-01,score_psi,0.15458064527900583,,warn,medium,0.1546 above warn threshold 0.1,model_owner,model_owner_and_second_line,Warn — investigate which score bands moved and whether the shift is portfolio mix or model behaviour. Breach — the scored population is no longer the population the model was calibrated on; escalate to second line and open a redevelopment assessment.,false,"",28471,false,RISKOS_PD_002
2018Q2,2018-06-30,2019-06-30,MON-05,gini,0.7290230914817408,0.8324545923162128,warn,medium,12.4% below the development-sample 0.8325 (warn at 10%),model_owner,model_owner_and_second_line,"Measured as a proportional fall from the development-sample Gini, not an absolute floor, because what matters is whether the model still ranks as well as it did when it was approved. Breach — ranking power has gone; the model no longer supports the decisions it was approved for.",false,"",29341,false,RISKOS_PD_002
2018Q2,2018-06-30,2018-06-30,MON-03,n_features_csi_significant,10.0,,breach,medium,10.0000 above breach threshold 2.0,model_owner,model_owner_and_second_line,"One drifting input is a feature problem. Three at once is usually an upstream data problem, and the first check is the ingest layer, not the model.",false,"",29341,false,RISKOS_PD_002
2018Q2,2018-06-30,2018-06-30,MON-02,max_feature_csi,3.8867583582804817,,breach,medium,3.8868 above breach threshold 0.25,model_owner,model_owner_and_second_line,Identify the feature and decide whether the shift is a data-supply change (a vendor field changing coverage) or a genuine portfolio change. The two have opposite remediations and the metric cannot tell them apart.,false,"",29341,false,RISKOS_PD_002
2018Q2,2018-06-30,2018-06-30,MON-01,score_psi,0.1510957591963013,,warn,medium,0.1511 above warn threshold 0.1,model_owner,model_owner_and_second_line,Warn — investigate which score bands moved and whether the shift is portfolio mix or model behaviour. Breach — the scored population is no longer the population the model was calibrated on; escalate to second line and open a redevelopment assessment.,false,"",29341,false,RISKOS_PD_002
2018Q3,2018-09-30,2018-09-30,MON-02,max_feature_csi,3.937087186754304,,breach,medium,3.9371 above breach threshold 0.25,model_owner,model_owner_and_second_line,Identify the feature and decide whether the shift is a data-supply change (a vendor field changing coverage) or a genuine portfolio change. The two have opposite remediations and the metric cannot tell them apart.,false,"",30206,false,RISKOS_PD_002
2018Q3,2018-09-30,2018-09-30,MON-01,score_psi,0.1446015854895089,,warn,medium,0.1446 above warn threshold 0.1,model_owner,model_owner_and_second_line,Warn — investigate which score bands moved and whether the shift is portfolio mix or model behaviour. Breach — the scored population is no longer the population the model was calibrated on; escalate to second line and open a redevelopment assessment.,false,"",30206,false,RISKOS_PD_002
2018Q3,2018-09-30,2018-09-30,MON-03,n_features_csi_significant,10.0,,breach,medium,10.0000 above breach threshold 2.0,model_owner,model_owner_and_second_line,"One drifting input is a feature problem. Three at once is usually an upstream data problem, and the first check is the ingest layer, not the model.",false,"",30206,false,RISKOS_PD_002
2018Q3,2018-09-30,2019-09-30,MON-05,gini,0.7187407210441179,0.8324545923162128,warn,medium,13.7% below the development-sample 0.8325 (warn at 10%),model_owner,model_owner_and_second_line,"Measured as a proportional fall from the development-sample Gini, not an absolute floor, because what matters is whether the model still ranks as well as it did when it was approved. Breach — ranking power has gone; the model no longer supports the decisions it was approved for.",false,"",30206,false,RISKOS_PD_002
2018Q4,2018-12-31,2018-12-31,MON-03,n_features_csi_significant,10.0,,breach,medium,10.0000 above breach threshold 2.0,model_owner,model_owner_and_second_line,"One drifting input is a feature problem. Three at once is usually an upstream data problem, and the first check is the ingest layer, not the model.",false,"",31059,false,RISKOS_PD_002
2018Q4,2018-12-31,2018-12-31,MON-02,max_feature_csi,3.9429831096672343,,breach,medium,3.9430 above breach threshold 0.25,model_owner,model_owner_and_second_line,Identify the feature and decide whether the shift is a data-supply change (a vendor field changing coverage) or a genuine portfolio change. The two have opposite remediations and the metric cannot tell them apart.,false,"",31059,false,RISKOS_PD_002
2018Q4,2018-12-31,2018-12-31,MON-01,score_psi,0.14227451639037736,,warn,medium,0.1423 above warn threshold 0.1,model_owner,model_owner_and_second_line,Warn — investigate which score bands moved and whether the shift is portfolio mix or model behaviour. Breach — the scored population is no longer the population the model was calibrated on; escalate to second line and open a redevelopment assessment.,false,"",31059,false,RISKOS_PD_002
2018Q4,2018-12-31,2019-12-31,MON-04,observed_over_expected,1.279018700122554,,warn,medium,"1.2790 outside warn band [0.8, 1.25]",model_owner,model_owner_and_second_line,"Calibration is the dimension that converts directly into a money number: ECL is PD x LGD x EAD, so a ratio of 2.0 understates the provision by half. Warn — recalibrate at the next scheduled review. Breach — the reported provision is materially wrong; notify finance and second line in the same reporting period.",false,"",31059,false,RISKOS_PD_002
2018Q4,2018-12-31,2019-12-31,MON-05,gini,0.7315731981966482,0.8324545923162128,warn,medium,12.1% below the development-sample 0.8325 (warn at 10%),model_owner,model_owner_and_second_line,"Measured as a proportional fall from the development-sample Gini, not an absolute floor, because what matters is whether the model still ranks as well as it did when it was approved. Breach — ranking power has gone; the model no longer supports the decisions it was approved for.",false,"",31059,false,RISKOS_PD_002
2019Q1,2019-03-31,2019-03-31,MON-03,n_features_csi_significant,10.0,,breach,medium,10.0000 above breach threshold 2.0,model_owner,model_owner_and_second_line,"One drifting input is a feature problem. Three at once is usually an upstream data problem, and the first check is the ingest layer, not the model.",false,"",31900,false,RISKOS_PD_002
2019Q1,2019-03-31,2019-03-31,MON-02,max_feature_csi,3.959025667410639,,breach,medium,3.9590 above breach threshold 0.25,model_owner,model_owner_and_second_line,Identify the feature and decide whether the shift is a data-supply change (a vendor field changing coverage) or a genuine portfolio change. The two have opposite remediations and the metric cannot tell them apart.,false,"",31900,false,RISKOS_PD_002
2019Q1,2019-03-31,2019-03-31,MON-01,score_psi,0.14272242129432128,,warn,medium,0.1427 above warn threshold 0.1,model_owner,model_owner_and_second_line,Warn — investigate which score bands moved and whether the shift is portfolio mix or model behaviour. Breach — the scored population is no longer the population the model was calibrated on; escalate to second line and open a redevelopment assessment.,false,"",31900,false,RISKOS_PD_002
2019Q1,2019-03-31,2020-03-31,MON-05,gini,0.6814429395551989,0.8324545923162128,warn,medium,18.1% below the development-sample 0.8325 (warn at 10%),model_owner,model_owner_and_second_line,"Measured as a proportional fall from the development-sample Gini, not an absolute floor, because what matters is whether the model still ranks as well as it did when it was approved. Breach — ranking power has gone; the model no longer supports the decisions it was approved for.",false,"",31900,false,RISKOS_PD_002
2019Q2,2019-06-30,2019-06-30,MON-03,n_features_csi_significant,10.0,,breach,medium,10.0000 above breach threshold 2.0,model_owner,model_owner_and_second_line,"One drifting input is a feature problem. Three at once is usually an upstream data problem, and the first check is the ingest layer, not the model.",false,"",32532,false,RISKOS_PD_002
2019Q2,2019-06-30,2019-06-30,MON-02,max_feature_csi,4.005888386883528,,breach,medium,4.0059 above breach threshold 0.25,model_owner,model_owner_and_second_line,Identify the feature and decide whether the shift is a data-supply change (a vendor field changing coverage) or a genuine portfolio change. The two have opposite remediations and the metric cannot tell them apart.,false,"",32532,false,RISKOS_PD_002
2019Q2,2019-06-30,2019-06-30,MON-01,score_psi,0.1322471360533975,,warn,medium,0.1322 above warn threshold 0.1,model_owner,model_owner_and_second_line,Warn — investigate which score bands moved and whether the shift is portfolio mix or model behaviour. Breach — the scored population is no longer the population the model was calibrated on; escalate to second line and open a redevelopment assessment.,false,"",32532,false,RISKOS_PD_002
2019Q2,2019-06-30,2020-06-30,MON-06,brier_reliability,0.0004506118633898085,1.3076600799743053e-6,breach,medium,34359.4% above the development-sample 0.0000 (breach at 400%),model_owner,model_owner_and_second_line,Reliability isolates miscalibration from the irreducible base-rate variance that moves the headline Brier score whenever the default rate moves. A rising reliability term with a flat Gini is the signature of a model that still ranks but no longer predicts a level.,false,"",32532,false,RISKOS_PD_002
2019Q3,2019-09-30,2019-09-30,MON-03,n_features_csi_significant,9.0,,breach,medium,9.0000 above breach threshold 2.0,model_owner,model_owner_and_second_line,"One drifting input is a feature problem. Three at once is usually an upstream data problem, and the first check is the ingest layer, not the model.",false,"",32681,false,RISKOS_PD_002
2019Q3,2019-09-30,2019-09-30,MON-02,max_feature_csi,4.062952173541383,,breach,medium,4.0630 above breach threshold 0.25,model_owner,model_owner_and_second_line,Identify the feature and decide whether the shift is a data-supply change (a vendor field changing coverage) or a genuine portfolio change. The two have opposite remediations and the metric cannot tell them apart.,false,"",32681,false,RISKOS_PD_002
2019Q3,2019-09-30,2019-09-30,MON-01,score_psi,0.1393728298857608,,warn,medium,0.1394 above warn threshold 0.1,model_owner,model_owner_and_second_line,Warn — investigate which score bands moved and whether the shift is portfolio mix or model behaviour. Breach — the scored population is no longer the population the model was calibrated on; escalate to second line and open a redevelopment assessment.,false,"",32681,false,RISKOS_PD_002
2019Q3,2019-09-30,2020-09-30,MON-06,brier_reliability,0.0013692533415112728,1.3076600799743053e-6,breach,medium,104610.2% above the development-sample 0.0000 (breach at 400%),model_owner,model_owner_and_second_line,Reliability isolates miscalibration from the irreducible base-rate variance that moves the headline Brier score whenever the default rate moves. A rising reliability term with a flat Gini is the signature of a model that still ranks but no longer predicts a level.,false,"",32681,false,RISKOS_PD_002
2019Q4,2019-12-31,2019-12-31,MON-03,n_features_csi_significant,9.0,,breach,medium,9.0000 above breach threshold 2.0,model_owner,model_owner_and_second_line,"One drifting input is a feature problem. Three at once is usually an upstream data problem, and the first check is the ingest layer, not the model.",false,"",32789,false,RISKOS_PD_002
2019Q4,2019-12-31,2019-12-31,MON-01,score_psi,0.1372708708544766,,warn,medium,0.1373 above warn threshold 0.1,model_owner,model_owner_and_second_line,Warn — investigate which score bands moved and whether the shift is portfolio mix or model behaviour. Breach — the scored population is no longer the population the model was calibrated on; escalate to second line and open a redevelopment assessment.,false,"",32789,false,RISKOS_PD_002
2019Q4,2019-12-31,2020-12-31,MON-06,brier_reliability,0.001751009756130812,1.3076600799743053e-6,breach,medium,133804.0% above the development-sample 0.0000 (breach at 400%),model_owner,model_owner_and_second_line,Reliability isolates miscalibration from the irreducible base-rate variance that moves the headline Brier score whenever the default rate moves. A rising reliability term with a flat Gini is the signature of a model that still ranks but no longer predicts a level.,false,"",32789,false,RISKOS_PD_002
2019Q4,2019-12-31,2019-12-31,MON-02,max_feature_csi,4.1215541320622595,,breach,medium,4.1216 above breach threshold 0.25,model_owner,model_owner_and_second_line,Identify the feature and decide whether the shift is a data-supply change (a vendor field changing coverage) or a genuine portfolio change. The two have opposite remediations and the metric cannot tell them apart.,false,"",32789,false,RISKOS_PD_002
1999Q4,1999-12-31,2000-12-31,MON-06,brier_reliability,3.278086115479131e-6,1.3076600799743053e-6,warn,low,150.7% above the development-sample 0.0000 (warn at 100%),model_owner,model_owner,Reliability isolates miscalibration from the irreducible base-rate variance that moves the headline Brier score whenever the default rate moves. A rising reliability term with a flat Gini is the signature of a model that still ranks but no longer predicts a level.,false,"",29213,true,RISKOS_PD_002
2001Q3,2001-09-30,2002-09-30,MON-06,brier_reliability,4.116881436675124e-6,1.3076600799743053e-6,warn,low,214.8% above the development-sample 0.0000 (warn at 100%),model_owner,model_owner,Reliability isolates miscalibration from the irreducible base-rate variance that moves the headline Brier score whenever the default rate moves. A rising reliability term with a flat Gini is the signature of a model that still ranks but no longer predicts a level.,false,"",79142,true,RISKOS_PD_002
2001Q4,2001-12-31,2001-12-31,MON-03,n_features_csi_significant,2.0,,warn,low,2.0000 above warn threshold 0.0,model_owner,model_owner,"One drifting input is a feature problem. Three at once is usually an upstream data problem, and the first check is the ingest layer, not the model.",false,"",78769,true,RISKOS_PD_002
2001Q4,2001-12-31,2002-12-31,MON-06,brier_reliability,2.8792067112601736e-6,1.3076600799743053e-6,warn,low,120.2% above the development-sample 0.0000 (warn at 100%),model_owner,model_owner,Reliability isolates miscalibration from the irreducible base-rate variance that moves the headline Brier score whenever the default rate moves. A rising reliability term with a flat Gini is the signature of a model that still ranks but no longer predicts a level.,false,"",78769,true,RISKOS_PD_002
2002Q1,2002-03-31,2002-03-31,MON-03,n_features_csi_significant,2.0,,warn,low,2.0000 above warn threshold 0.0,model_owner,model_owner,"One drifting input is a feature problem. Three at once is usually an upstream data problem, and the first check is the ingest layer, not the model.",false,"",82599,true,RISKOS_PD_002
2002Q2,2002-06-30,2003-06-30,MON-06,brier_reliability,2.8278368354639718e-6,1.3076600799743053e-6,warn,low,116.3% above the development-sample 0.0000 (warn at 100%),model_owner,model_owner,Reliability isolates miscalibration from the irreducible base-rate variance that moves the headline Brier score whenever the default rate moves. A rising reliability term with a flat Gini is the signature of a model that still ranks but no longer predicts a level.,false,"",87680,true,RISKOS_PD_002
2002Q2,2002-06-30,2002-06-30,MON-03,n_features_csi_significant,2.0,,warn,low,2.0000 above warn threshold 0.0,model_owner,model_owner,"One drifting input is a feature problem. Three at once is usually an upstream data problem, and the first check is the ingest layer, not the model.",false,"",87680,true,RISKOS_PD_002
2002Q3,2002-09-30,2002-09-30,MON-03,n_features_csi_significant,1.0,,warn,low,1.0000 above warn threshold 0.0,model_owner,model_owner,"One drifting input is a feature problem. Three at once is usually an upstream data problem, and the first check is the ingest layer, not the model.",false,"",88460,true,RISKOS_PD_002
2002Q4,2002-12-31,2002-12-31,MON-03,n_features_csi_significant,1.0,,warn,low,1.0000 above warn threshold 0.0,model_owner,model_owner,"One drifting input is a feature problem. Three at once is usually an upstream data problem, and the first check is the ingest layer, not the model.",false,"",86206,true,RISKOS_PD_002
2003Q1,2003-03-31,2003-03-31,MON-03,n_features_csi_significant,1.0,,warn,low,1.0000 above warn threshold 0.0,model_owner,model_owner,"One drifting input is a feature problem. Three at once is usually an upstream data problem, and the first check is the ingest layer, not the model.",false,"",83709,true,RISKOS_PD_002
2003Q4,2003-12-31,2004-12-31,MON-06,brier_reliability,3.7519500457656434e-6,1.3076600799743053e-6,warn,low,186.9% above the development-sample 0.0000 (warn at 100%),model_owner,model_owner,Reliability isolates miscalibration from the irreducible base-rate variance that moves the headline Brier score whenever the default rate moves. A rising reliability term with a flat Gini is the signature of a model that still ranks but no longer predicts a level.,false,"",78999,true,RISKOS_PD_002
2004Q1,2004-03-31,2004-03-31,MON-02,max_feature_csi,0.15603499083892763,,warn,low,0.1560 above warn threshold 0.1,model_owner,model_owner,Identify the feature and decide whether the shift is a data-supply change (a vendor field changing coverage) or a genuine portfolio change. The two have opposite remediations and the metric cannot tell them apart.,false,"",82499,true,RISKOS_PD_002
2004Q2,2004-06-30,2005-06-30,MON-06,brier_reliability,5.505326255745155e-6,1.3076600799743053e-6,warn,low,321.0% above the development-sample 0.0000 (warn at 100%),model_owner,model_owner,Reliability isolates miscalibration from the irreducible base-rate variance that moves the headline Brier score whenever the default rate moves. A rising reliability term with a flat Gini is the signature of a model that still ranks but no longer predicts a level.,false,"",87569,true,RISKOS_PD_002
2004Q2,2004-06-30,2004-06-30,MON-03,n_features_csi_significant,1.0,,warn,low,1.0000 above warn threshold 0.0,model_owner,model_owner,"One drifting input is a feature problem. Three at once is usually an upstream data problem, and the first check is the ingest layer, not the model.",false,"",87569,true,RISKOS_PD_002
2004Q3,2004-09-30,2004-09-30,MON-03,n_features_csi_significant,1.0,,warn,low,1.0000 above warn threshold 0.0,model_owner,model_owner,"One drifting input is a feature problem. Three at once is usually an upstream data problem, and the first check is the ingest layer, not the model.",false,"",92234,true,RISKOS_PD_002
2004Q4,2004-12-31,2004-12-31,MON-03,n_features_csi_significant,1.0,,warn,low,1.0000 above warn threshold 0.0,model_owner,model_owner,"One drifting input is a feature problem. Three at once is usually an upstream data problem, and the first check is the ingest layer, not the model.",false,"",97277,true,RISKOS_PD_002
2004Q4,2004-12-31,2005-12-31,MON-06,brier_reliability,3.5297890131804933e-6,1.3076600799743053e-6,warn,low,169.9% above the development-sample 0.0000 (warn at 100%),model_owner,model_owner,Reliability isolates miscalibration from the irreducible base-rate variance that moves the headline Brier score whenever the default rate moves. A rising reliability term with a flat Gini is the signature of a model that still ranks but no longer predicts a level.,false,"",97277,true,RISKOS_PD_002
2005Q1,2005-03-31,2005-03-31,MON-03,n_features_csi_significant,1.0,,warn,low,1.0000 above warn threshold 0.0,model_owner,model_owner,"One drifting input is a feature problem. Three at once is usually an upstream data problem, and the first check is the ingest layer, not the model.",false,"",102257,true,RISKOS_PD_002
2005Q2,2005-06-30,2005-06-30,MON-03,n_features_csi_significant,1.0,,warn,low,1.0000 above warn threshold 0.0,model_owner,model_owner,"One drifting input is a feature problem. Three at once is usually an upstream data problem, and the first check is the ingest layer, not the model.",false,"",108062,true,RISKOS_PD_002
2005Q3,2005-09-30,2005-09-30,MON-03,n_features_csi_significant,1.0,,warn,low,1.0000 above warn threshold 0.0,model_owner,model_owner,"One drifting input is a feature problem. Three at once is usually an upstream data problem, and the first check is the ingest layer, not the model.",false,"",112787,true,RISKOS_PD_002
2005Q3,2005-09-30,2006-09-30,MON-06,brier_reliability,3.169150914799058e-6,1.3076600799743053e-6,warn,low,142.4% above the development-sample 0.0000 (warn at 100%),model_owner,model_owner,Reliability isolates miscalibration from the irreducible base-rate variance that moves the headline Brier score whenever the default rate moves. A rising reliability term with a flat Gini is the signature of a model that still ranks but no longer predicts a level.,false,"",112787,true,RISKOS_PD_002
2005Q4,2005-12-31,2005-12-31,MON-03,n_features_csi_significant,1.0,,warn,low,1.0000 above warn threshold 0.0,model_owner,model_owner,"One drifting input is a feature problem. Three at once is usually an upstream data problem, and the first check is the ingest layer, not the model.",false,"",117977,true,RISKOS_PD_002
2006Q1,2006-03-31,2006-03-31,MON-03,n_features_csi_significant,1.0,,warn,low,1.0000 above warn threshold 0.0,model_owner,model_owner,"One drifting input is a feature problem. Three at once is usually an upstream data problem, and the first check is the ingest layer, not the model.",false,"",123557,true,RISKOS_PD_002
2006Q2,2006-06-30,2006-06-30,MON-03,n_features_csi_significant,1.0,,warn,low,1.0000 above warn threshold 0.0,model_owner,model_owner,"One drifting input is a feature problem. Three at once is usually an upstream data problem, and the first check is the ingest layer, not the model.",false,"",129059,true,RISKOS_PD_002
2006Q2,2006-06-30,2007-06-30,MON-06,brier_reliability,2.652072407973864e-6,1.3076600799743053e-6,warn,low,102.8% above the development-sample 0.0000 (warn at 100%),model_owner,model_owner,Reliability isolates miscalibration from the irreducible base-rate variance that moves the headline Brier score whenever the default rate moves. A rising reliability term with a flat Gini is the signature of a model that still ranks but no longer predicts a level.,false,"",129059,true,RISKOS_PD_002
2006Q3,2006-09-30,2006-09-30,MON-03,n_features_csi_significant,1.0,,warn,low,1.0000 above warn threshold 0.0,model_owner,model_owner,"One drifting input is a feature problem. Three at once is usually an upstream data problem, and the first check is the ingest layer, not the model.",false,"",135327,true,RISKOS_PD_002
2006Q4,2006-12-31,2006-12-31,MON-03,n_features_csi_significant,1.0,,warn,low,1.0000 above warn threshold 0.0,model_owner,model_owner,"One drifting input is a feature problem. Three at once is usually an upstream data problem, and the first check is the ingest layer, not the model.",false,"",140753,true,RISKOS_PD_002
2006Q4,2006-12-31,2007-12-31,MON-06,brier_reliability,5.00670567849085e-6,1.3076600799743053e-6,warn,low,282.9% above the development-sample 0.0000 (warn at 100%),model_owner,model_owner,Reliability isolates miscalibration from the irreducible base-rate variance that moves the headline Brier score whenever the default rate moves. A rising reliability term with a flat Gini is the signature of a model that still ranks but no longer predicts a level.,false,"",140753,true,RISKOS_PD_002
2007Q1,2007-03-31,2007-03-31,MON-03,n_features_csi_significant,2.0,,warn,low,2.0000 above warn threshold 0.0,model_owner,model_owner,"One drifting input is a feature problem. Three at once is usually an upstream data problem, and the first check is the ingest layer, not the model.",false,"",24632,false,RISKOS_PD_002
2018Q4,2018-12-31,2019-12-31,MON-06,brier_reliability,3.060610772116916e-6,1.3076600799743053e-6,warn,low,134.1% above the development-sample 0.0000 (warn at 100%),model_owner,model_owner,Reliability isolates miscalibration from the irreducible base-rate variance that moves the headline Brier score whenever the default rate moves. A rising reliability term with a flat Gini is the signature of a model that still ranks but no longer predicts a level.,false,"",31059,false,RISKOS_PD_002
1999Q1,1999-03-31,2000-03-31,MON-05,gini,,0.8324545923162128,not_evaluated,none,metric unavailable for this window,model_owner,none,"Measured as a proportional fall from the development-sample Gini, not an absolute floor, because what matters is whether the model still ranks as well as it did when it was approved. Breach — ranking power has gone; the model no longer supports the decisions it was approved for.",false,"",3275,true,RISKOS_PD_002
1999Q1,1999-03-31,1999-03-31,MON-01,score_psi,0.06623204516835923,,ok,none,0.0662 within 0.1,model_owner,none,Warn — investigate which score bands moved and whether the shift is portfolio mix or model behaviour. Breach — the scored population is no longer the population the model was calibrated on; escalate to second line and open a redevelopment assessment.,false,"",3275,true,RISKOS_PD_002
1999Q1,1999-03-31,2000-03-31,MON-06,brier_reliability,,1.3076600799743053e-6,not_evaluated,none,metric unavailable for this window,model_owner,none,Reliability isolates miscalibration from the irreducible base-rate variance that moves the headline Brier score whenever the default rate moves. A rising reliability term with a flat Gini is the signature of a model that still ranks but no longer predicts a level.,false,"",3275,true,RISKOS_PD_002
1999Q2,1999-06-30,1999-06-30,MON-01,score_psi,0.02882377752298398,,ok,none,0.0288 within 0.1,model_owner,none,Warn — investigate which score bands moved and whether the shift is portfolio mix or model behaviour. Breach — the scored population is no longer the population the model was calibrated on; escalate to second line and open a redevelopment assessment.,false,"",13833,true,RISKOS_PD_002
1999Q2,1999-06-30,2000-06-30,MON-06,brier_reliability,,1.3076600799743053e-6,not_evaluated,none,metric unavailable for this window,model_owner,none,Reliability isolates miscalibration from the irreducible base-rate variance that moves the headline Brier score whenever the default rate moves. A rising reliability term with a flat Gini is the signature of a model that still ranks but no longer predicts a level.,false,"",13833,true,RISKOS_PD_002
1999Q2,1999-06-30,2000-06-30,MON-05,gini,,0.8324545923162128,not_evaluated,none,metric unavailable for this window,model_owner,none,"Measured as a proportional fall from the development-sample Gini, not an absolute floor, because what matters is whether the model still ranks as well as it did when it was approved. Breach — ranking power has gone; the model no longer supports the decisions it was approved for.",false,"",13833,true,RISKOS_PD_002
1999Q3,1999-09-30,1999-09-30,MON-01,score_psi,0.01033396420904319,,ok,none,0.0103 within 0.1,model_owner,none,Warn — investigate which score bands moved and whether the shift is portfolio mix or model behaviour. Breach — the scored population is no longer the population the model was calibrated on; escalate to second line and open a redevelopment assessment.,false,"",22414,true,RISKOS_PD_002
1999Q3,1999-09-30,2000-09-30,MON-05,gini,0.7893083971221551,0.8324545923162128,ok,none,5.2% below the development-sample 0.8325,model_owner,none,"Measured as a proportional fall from the development-sample Gini, not an absolute floor, because what matters is whether the model still ranks as well as it did when it was approved. Breach — ranking power has gone; the model no longer supports the decisions it was approved for.",false,"",22414,true,RISKOS_PD_002
1999Q4,1999-12-31,2000-12-31,MON-05,gini,0.8324747283946377,0.8324545923162128,ok,none,-0.0% below the development-sample 0.8325,model_owner,none,"Measured as a proportional fall from the development-sample Gini, not an absolute floor, because what matters is whether the model still ranks as well as it did when it was approved. Breach — ranking power has gone; the model no longer supports the decisions it was approved for.",false,"",29213,true,RISKOS_PD_002
1999Q4,1999-12-31,1999-12-31,MON-01,score_psi,0.02091737922115385,,ok,none,0.0209 within 0.1,model_owner,none,Warn — investigate which score bands moved and whether the shift is portfolio mix or model behaviour. Breach — the scored population is no longer the population the model was calibrated on; escalate to second line and open a redevelopment assessment.,false,"",29213,true,RISKOS_PD_002
2000Q1,2000-03-31,2001-03-31,MON-05,gini,0.809638440457499,0.8324545923162128,ok,none,2.7% below the development-sample 0.8325,model_owner,none,"Measured as a proportional fall from the development-sample Gini, not an absolute floor, because what matters is whether the model still ranks as well as it did when it was approved. Breach — ranking power has gone; the model no longer supports the decisions it was approved for.",false,"",38146,true,RISKOS_PD_002
2000Q1,2000-03-31,2000-03-31,MON-01,score_psi,0.04599414870027787,,ok,none,0.0460 within 0.1,model_owner,none,Warn — investigate which score bands moved and whether the shift is portfolio mix or model behaviour. Breach — the scored population is no longer the population the model was calibrated on; escalate to second line and open a redevelopment assessment.,false,"",38146,true,RISKOS_PD_002
2000Q1,2000-03-31,2001-03-31,MON-06,brier_reliability,1.0680491460207614e-6,1.3076600799743053e-6,ok,none,-18.3% above the development-sample 0.0000,model_owner,none,Reliability isolates miscalibration from the irreducible base-rate variance that moves the headline Brier score whenever the default rate moves. A rising reliability term with a flat Gini is the signature of a model that still ranks but no longer predicts a level.,false,"",38146,true,RISKOS_PD_002
2000Q1,2000-03-31,2001-03-31,MON-04,observed_over_expected,0.8319861448508531,,ok,none,"0.8320 inside [0.8, 1.25]",model_owner,none,"Calibration is the dimension that converts directly into a money number: ECL is PD x LGD x EAD, so a ratio of 2.0 understates the provision by half. Warn — recalibrate at the next scheduled review. Breach — the reported provision is materially wrong; notify finance and second line in the same reporting period.",false,"",38146,true,RISKOS_PD_002
2000Q2,2000-06-30,2001-06-30,MON-04,observed_over_expected,0.914396859973427,,ok,none,"0.9144 inside [0.8, 1.25]",model_owner,none,"Calibration is the dimension that converts directly into a money number: ECL is PD x LGD x EAD, so a ratio of 2.0 understates the provision by half. Warn — recalibrate at the next scheduled review. Breach — the reported provision is materially wrong; notify finance and second line in the same reporting period.",false,"",46408,true,RISKOS_PD_002
2000Q2,2000-06-30,2000-06-30,MON-01,score_psi,0.07989876095623605,,ok,none,0.0799 within 0.1,model_owner,none,Warn — investigate which score bands moved and whether the shift is portfolio mix or model behaviour. Breach — the scored population is no longer the population the model was calibrated on; escalate to second line and open a redevelopment assessment.,false,"",46408,true,RISKOS_PD_002
2000Q2,2000-06-30,2001-06-30,MON-06,brier_reliability,1.081250747269494e-6,1.3076600799743053e-6,ok,none,-17.3% above the development-sample 0.0000,model_owner,none,Reliability isolates miscalibration from the irreducible base-rate variance that moves the headline Brier score whenever the default rate moves. A rising reliability term with a flat Gini is the signature of a model that still ranks but no longer predicts a level.,false,"",46408,true,RISKOS_PD_002
2000Q2,2000-06-30,2001-06-30,MON-05,gini,0.7754556626927729,0.8324545923162128,ok,none,6.8% below the development-sample 0.8325,model_owner,none,"Measured as a proportional fall from the development-sample Gini, not an absolute floor, because what matters is whether the model still ranks as well as it did when it was approved. Breach — ranking power has gone; the model no longer supports the decisions it was approved for.",false,"",46408,true,RISKOS_PD_002
2000Q3,2000-09-30,2001-09-30,MON-06,brier_reliability,4.5207268193280576e-7,1.3076600799743053e-6,ok,none,-65.4% above the development-sample 0.0000,model_owner,none,Reliability isolates miscalibration from the irreducible base-rate variance that moves the headline Brier score whenever the default rate moves. A rising reliability term with a flat Gini is the signature of a model that still ranks but no longer predicts a level.,false,"",55501,true,RISKOS_PD_002
2000Q3,2000-09-30,2001-09-30,MON-04,observed_over_expected,0.9198790213662666,,ok,none,"0.9199 inside [0.8, 1.25]",model_owner,none,"Calibration is the dimension that converts directly into a money number: ECL is PD x LGD x EAD, so a ratio of 2.0 understates the provision by half. Warn — recalibrate at the next scheduled review. Breach — the reported provision is materially wrong; notify finance and second line in the same reporting period.",false,"",55501,true,RISKOS_PD_002
2000Q3,2000-09-30,2001-09-30,MON-05,gini,0.7631874402001011,0.8324545923162128,ok,none,8.3% below the development-sample 0.8325,model_owner,none,"Measured as a proportional fall from the development-sample Gini, not an absolute floor, because what matters is whether the model still ranks as well as it did when it was approved. Breach — ranking power has gone; the model no longer supports the decisions it was approved for.",false,"",55501,true,RISKOS_PD_002
2000Q4,2000-12-31,2001-12-31,MON-06,brier_reliability,1.1298088939199309e-6,1.3076600799743053e-6,ok,none,-13.6% above the development-sample 0.0000,model_owner,none,Reliability isolates miscalibration from the irreducible base-rate variance that moves the headline Brier score whenever the default rate moves. A rising reliability term with a flat Gini is the signature of a model that still ranks but no longer predicts a level.,false,"",64034,true,RISKOS_PD_002
2000Q4,2000-12-31,2001-12-31,MON-05,gini,0.7753903302207534,0.8324545923162128,ok,none,6.9% below the development-sample 0.8325,model_owner,none,"Measured as a proportional fall from the development-sample Gini, not an absolute floor, because what matters is whether the model still ranks as well as it did when it was approved. Breach — ranking power has gone; the model no longer supports the decisions it was approved for.",false,"",64034,true,RISKOS_PD_002
2000Q4,2000-12-31,2001-12-31,MON-04,observed_over_expected,0.9095515344308973,,ok,none,"0.9096 inside [0.8, 1.25]",model_owner,none,"Calibration is the dimension that converts directly into a money number: ECL is PD x LGD x EAD, so a ratio of 2.0 understates the provision by half. Warn — recalibrate at the next scheduled review. Breach — the reported provision is materially wrong; notify finance and second line in the same reporting period.",false,"",64034,true,RISKOS_PD_002
2001Q1,2001-03-31,2002-03-31,MON-05,gini,0.7714787402009657,0.8324545923162128,ok,none,7.3% below the development-sample 0.8325,model_owner,none,"Measured as a proportional fall from the development-sample Gini, not an absolute floor, because what matters is whether the model still ranks as well as it did when it was approved. Breach — ranking power has gone; the model no longer supports the decisions it was approved for.",false,"",68530,true,RISKOS_PD_002
2001Q1,2001-03-31,2002-03-31,MON-06,brier_reliability,2.68177375382645e-7,1.3076600799743053e-6,ok,none,-79.5% above the development-sample 0.0000,model_owner,none,Reliability isolates miscalibration from the irreducible base-rate variance that moves the headline Brier score whenever the default rate moves. A rising reliability term with a flat Gini is the signature of a model that still ranks but no longer predicts a level.,false,"",68530,true,RISKOS_PD_002
2001Q1,2001-03-31,2002-03-31,MON-04,observed_over_expected,0.9697075739094249,,ok,none,"0.9697 inside [0.8, 1.25]",model_owner,none,"Calibration is the dimension that converts directly into a money number: ECL is PD x LGD x EAD, so a ratio of 2.0 understates the provision by half. Warn — recalibrate at the next scheduled review. Breach — the reported provision is materially wrong; notify finance and second line in the same reporting period.",false,"",68530,true,RISKOS_PD_002
2001Q2,2001-06-30,2002-06-30,MON-06,brier_reliability,2.5614740322682555e-6,1.3076600799743053e-6,ok,none,95.9% above the development-sample 0.0000,model_owner,none,Reliability isolates miscalibration from the irreducible base-rate variance that moves the headline Brier score whenever the default rate moves. A rising reliability term with a flat Gini is the signature of a model that still ranks but no longer predicts a level.,false,"",73447,true,RISKOS_PD_002
2001Q2,2001-06-30,2002-06-30,MON-05,gini,0.7962404045127245,0.8324545923162128,ok,none,4.4% below the development-sample 0.8325,model_owner,none,"Measured as a proportional fall from the development-sample Gini, not an absolute floor, because what matters is whether the model still ranks as well as it did when it was approved. Breach — ranking power has gone; the model no longer supports the decisions it was approved for.",false,"",73447,true,RISKOS_PD_002
2001Q2,2001-06-30,2001-06-30,MON-01,score_psi,0.08612052886574521,,ok,none,0.0861 within 0.1,model_owner,none,Warn — investigate which score bands moved and whether the shift is portfolio mix or model behaviour. Breach — the scored population is no longer the population the model was calibrated on; escalate to second line and open a redevelopment assessment.,false,"",73447,true,RISKOS_PD_002
2001Q2,2001-06-30,2002-06-30,MON-04,observed_over_expected,0.8935406442938554,,ok,none,"0.8935 inside [0.8, 1.25]",model_owner,none,"Calibration is the dimension that converts directly into a money number: ECL is PD x LGD x EAD, so a ratio of 2.0 understates the provision by half. Warn — recalibrate at the next scheduled review. Breach — the reported provision is materially wrong; notify finance and second line in the same reporting period.",false,"",73447,true,RISKOS_PD_002
2001Q3,2001-09-30,2002-09-30,MON-04,observed_over_expected,0.8520331942832118,,ok,none,"0.8520 inside [0.8, 1.25]",model_owner,none,"Calibration is the dimension that converts directly into a money number: ECL is PD x LGD x EAD, so a ratio of 2.0 understates the provision by half. Warn — recalibrate at the next scheduled review. Breach — the reported provision is materially wrong; notify finance and second line in the same reporting period.",false,"",79142,true,RISKOS_PD_002
2001Q3,2001-09-30,2001-09-30,MON-01,score_psi,0.07042656033665132,,ok,none,0.0704 within 0.1,model_owner,none,Warn — investigate which score bands moved and whether the shift is portfolio mix or model behaviour. Breach — the scored population is no longer the population the model was calibrated on; escalate to second line and open a redevelopment assessment.,false,"",79142,true,RISKOS_PD_002
2001Q3,2001-09-30,2002-09-30,MON-05,gini,0.8133189123225413,0.8324545923162128,ok,none,2.3% below the development-sample 0.8325,model_owner,none,"Measured as a proportional fall from the development-sample Gini, not an absolute floor, because what matters is whether the model still ranks as well as it did when it was approved. Breach — ranking power has gone; the model no longer supports the decisions it was approved for.",false,"",79142,true,RISKOS_PD_002
2001Q4,2001-12-31,2002-12-31,MON-05,gini,0.812505170421352,0.8324545923162128,ok,none,2.4% below the development-sample 0.8325,model_owner,none,"Measured as a proportional fall from the development-sample Gini, not an absolute floor, because what matters is whether the model still ranks as well as it did when it was approved. Breach — ranking power has gone; the model no longer supports the decisions it was approved for.",false,"",78769,true,RISKOS_PD_002
2001Q4,2001-12-31,2001-12-31,MON-01,score_psi,0.04958978834516933,,ok,none,0.0496 within 0.1,model_owner,none,Warn — investigate which score bands moved and whether the shift is portfolio mix or model behaviour. Breach — the scored population is no longer the population the model was calibrated on; escalate to second line and open a redevelopment assessment.,false,"",78769,true,RISKOS_PD_002
2001Q4,2001-12-31,2002-12-31,MON-04,observed_over_expected,0.8768096162660328,,ok,none,"0.8768 inside [0.8, 1.25]",model_owner,none,"Calibration is the dimension that converts directly into a money number: ECL is PD x LGD x EAD, so a ratio of 2.0 understates the provision by half. Warn — recalibrate at the next scheduled review. Breach — the reported provision is materially wrong; notify finance and second line in the same reporting period.",false,"",78769,true,RISKOS_PD_002
2002Q1,2002-03-31,2002-03-31,MON-01,score_psi,0.031775973802188266,,ok,none,0.0318 within 0.1,model_owner,none,Warn — investigate which score bands moved and whether the shift is portfolio mix or model behaviour. Breach — the scored population is no longer the population the model was calibrated on; escalate to second line and open a redevelopment assessment.,false,"",82599,true,RISKOS_PD_002
2002Q1,2002-03-31,2003-03-31,MON-04,observed_over_expected,0.9640306775902941,,ok,none,"0.9640 inside [0.8, 1.25]",model_owner,none,"Calibration is the dimension that converts directly into a money number: ECL is PD x LGD x EAD, so a ratio of 2.0 understates the provision by half. Warn — recalibrate at the next scheduled review. Breach — the reported provision is materially wrong; notify finance and second line in the same reporting period.",false,"",82599,true,RISKOS_PD_002
2002Q1,2002-03-31,2003-03-31,MON-05,gini,0.8251501764980838,0.8324545923162128,ok,none,0.9% below the development-sample 0.8325,model_owner,none,"Measured as a proportional fall from the development-sample Gini, not an absolute floor, because what matters is whether the model still ranks as well as it did when it was approved. Breach — ranking power has gone; the model no longer supports the decisions it was approved for.",false,"",82599,true,RISKOS_PD_002
2002Q1,2002-03-31,2003-03-31,MON-06,brier_reliability,2.231029676109527e-6,1.3076600799743053e-6,ok,none,70.6% above the development-sample 0.0000,model_owner,none,Reliability isolates miscalibration from the irreducible base-rate variance that moves the headline Brier score whenever the default rate moves. A rising reliability term with a flat Gini is the signature of a model that still ranks but no longer predicts a level.,false,"",82599,true,RISKOS_PD_002
2002Q2,2002-06-30,2002-06-30,MON-01,score_psi,0.029495635318858078,,ok,none,0.0295 within 0.1,model_owner,none,Warn — investigate which score bands moved and whether the shift is portfolio mix or model behaviour. Breach — the scored population is no longer the population the model was calibrated on; escalate to second line and open a redevelopment assessment.,false,"",87680,true,RISKOS_PD_002
2002Q2,2002-06-30,2003-06-30,MON-05,gini,0.8265391818669425,0.8324545923162128,ok,none,0.7% below the development-sample 0.8325,model_owner,none,"Measured as a proportional fall from the development-sample Gini, not an absolute floor, because what matters is whether the model still ranks as well as it did when it was approved. Breach — ranking power has gone; the model no longer supports the decisions it was approved for.",false,"",87680,true,RISKOS_PD_002
2002Q2,2002-06-30,2003-06-30,MON-04,observed_over_expected,1.0132346113931787,,ok,none,"1.0132 inside [0.8, 1.25]",model_owner,none,"Calibration is the dimension that converts directly into a money number: ECL is PD x LGD x EAD, so a ratio of 2.0 understates the provision by half. Warn — recalibrate at the next scheduled review. Breach — the reported provision is materially wrong; notify finance and second line in the same reporting period.",false,"",87680,true,RISKOS_PD_002
2002Q3,2002-09-30,2002-09-30,MON-01,score_psi,0.024810145986406205,,ok,none,0.0248 within 0.1,model_owner,none,Warn — investigate which score bands moved and whether the shift is portfolio mix or model behaviour. Breach — the scored population is no longer the population the model was calibrated on; escalate to second line and open a redevelopment assessment.,false,"",88460,true,RISKOS_PD_002
2002Q3,2002-09-30,2003-09-30,MON-06,brier_reliability,1.375985266312957e-6,1.3076600799743053e-6,ok,none,5.2% above the development-sample 0.0000,model_owner,none,Reliability isolates miscalibration from the irreducible base-rate variance that moves the headline Brier score whenever the default rate moves. A rising reliability term with a flat Gini is the signature of a model that still ranks but no longer predicts a level.,false,"",88460,true,RISKOS_PD_002
2002Q3,2002-09-30,2003-09-30,MON-05,gini,0.8197239600601711,0.8324545923162128,ok,none,1.5% below the development-sample 0.8325,model_owner,none,"Measured as a proportional fall from the development-sample Gini, not an absolute floor, because what matters is whether the model still ranks as well as it did when it was approved. Breach — ranking power has gone; the model no longer supports the decisions it was approved for.",false,"",88460,true,RISKOS_PD_002
2002Q3,2002-09-30,2003-09-30,MON-04,observed_over_expected,1.003856370984907,,ok,none,"1.0039 inside [0.8, 1.25]",model_owner,none,"Calibration is the dimension that converts directly into a money number: ECL is PD x LGD x EAD, so a ratio of 2.0 understates the provision by half. Warn — recalibrate at the next scheduled review. Breach — the reported provision is materially wrong; notify finance and second line in the same reporting period.",false,"",88460,true,RISKOS_PD_002
2002Q4,2002-12-31,2002-12-31,MON-01,score_psi,0.009527408722557452,,ok,none,0.0095 within 0.1,model_owner,none,Warn — investigate which score bands moved and whether the shift is portfolio mix or model behaviour. Breach — the scored population is no longer the population the model was calibrated on; escalate to second line and open a redevelopment assessment.,false,"",86206,true,RISKOS_PD_002
2002Q4,2002-12-31,2003-12-31,MON-06,brier_reliability,1.508256348231858e-6,1.3076600799743053e-6,ok,none,15.3% above the development-sample 0.0000,model_owner,none,Reliability isolates miscalibration from the irreducible base-rate variance that moves the headline Brier score whenever the default rate moves. A rising reliability term with a flat Gini is the signature of a model that still ranks but no longer predicts a level.,false,"",86206,true,RISKOS_PD_002
2002Q4,2002-12-31,2003-12-31,MON-05,gini,0.8323018625636975,0.8324545923162128,ok,none,0.0% below the development-sample 0.8325,model_owner,none,"Measured as a proportional fall from the development-sample Gini, not an absolute floor, because what matters is whether the model still ranks as well as it did when it was approved. Breach — ranking power has gone; the model no longer supports the decisions it was approved for.",false,"",86206,true,RISKOS_PD_002
2002Q4,2002-12-31,2003-12-31,MON-04,observed_over_expected,0.9364829592584224,,ok,none,"0.9365 inside [0.8, 1.25]",model_owner,none,"Calibration is the dimension that converts directly into a money number: ECL is PD x LGD x EAD, so a ratio of 2.0 understates the provision by half. Warn — recalibrate at the next scheduled review. Breach — the reported provision is materially wrong; notify finance and second line in the same reporting period.",false,"",86206,true,RISKOS_PD_002
2003Q1,2003-03-31,2004-03-31,MON-05,gini,0.8314538052937983,0.8324545923162128,ok,none,0.1% below the development-sample 0.8325,model_owner,none,"Measured as a proportional fall from the development-sample Gini, not an absolute floor, because what matters is whether the model still ranks as well as it did when it was approved. Breach — ranking power has gone; the model no longer supports the decisions it was approved for.",false,"",83709,true,RISKOS_PD_002
2003Q1,2003-03-31,2004-03-31,MON-04,observed_over_expected,1.0229461768838215,,ok,none,"1.0229 inside [0.8, 1.25]",model_owner,none,"Calibration is the dimension that converts directly into a money number: ECL is PD x LGD x EAD, so a ratio of 2.0 understates the provision by half. Warn — recalibrate at the next scheduled review. Breach — the reported provision is materially wrong; notify finance and second line in the same reporting period.",false,"",83709,true,RISKOS_PD_002
2003Q1,2003-03-31,2004-03-31,MON-06,brier_reliability,1.7224499008671159e-6,1.3076600799743053e-6,ok,none,31.7% above the development-sample 0.0000,model_owner,none,Reliability isolates miscalibration from the irreducible base-rate variance that moves the headline Brier score whenever the default rate moves. A rising reliability term with a flat Gini is the signature of a model that still ranks but no longer predicts a level.,false,"",83709,true,RISKOS_PD_002
2003Q1,2003-03-31,2003-03-31,MON-01,score_psi,0.004358894082900919,,ok,none,0.0044 within 0.1,model_owner,none,Warn — investigate which score bands moved and whether the shift is portfolio mix or model behaviour. Breach — the scored population is no longer the population the model was calibrated on; escalate to second line and open a redevelopment assessment.,false,"",83709,true,RISKOS_PD_002
2003Q2,2003-06-30,2004-06-30,MON-06,brier_reliability,1.0083958699046072e-6,1.3076600799743053e-6,ok,none,-22.9% above the development-sample 0.0000,model_owner,none,Reliability isolates miscalibration from the irreducible base-rate variance that moves the headline Brier score whenever the default rate moves. A rising reliability term with a flat Gini is the signature of a model that still ranks but no longer predicts a level.,false,"",78680,true,RISKOS_PD_002
2003Q2,2003-06-30,2003-06-30,MON-03,n_features_csi_significant,0.0,,ok,none,0.0000 within 0.0,model_owner,none,"One drifting input is a feature problem. Three at once is usually an upstream data problem, and the first check is the ingest layer, not the model.",false,"",78680,true,RISKOS_PD_002
2003Q2,2003-06-30,2003-06-30,MON-02,max_feature_csi,0.08636700210362702,,ok,none,0.0864 within 0.1,model_owner,none,Identify the feature and decide whether the shift is a data-supply change (a vendor field changing coverage) or a genuine portfolio change. The two have opposite remediations and the metric cannot tell them apart.,false,"",78680,true,RISKOS_PD_002
2003Q2,2003-06-30,2003-06-30,MON-01,score_psi,0.005783072573899932,,ok,none,0.0058 within 0.1,model_owner,none,Warn — investigate which score bands moved and whether the shift is portfolio mix or model behaviour. Breach — the scored population is no longer the population the model was calibrated on; escalate to second line and open a redevelopment assessment.,false,"",78680,true,RISKOS_PD_002
2003Q2,2003-06-30,2004-06-30,MON-04,observed_over_expected,0.9874031414289579,,ok,none,"0.9874 inside [0.8, 1.25]",model_owner,none,"Calibration is the dimension that converts directly into a money number: ECL is PD x LGD x EAD, so a ratio of 2.0 understates the provision by half. Warn — recalibrate at the next scheduled review. Breach — the reported provision is materially wrong; notify finance and second line in the same reporting period.",false,"",78680,true,RISKOS_PD_002
2003Q2,2003-06-30,2004-06-30,MON-05,gini,0.8547765206312576,0.8324545923162128,ok,none,-2.7% below the development-sample 0.8325,model_owner,none,"Measured as a proportional fall from the development-sample Gini, not an absolute floor, because what matters is whether the model still ranks as well as it did when it was approved. Breach — ranking power has gone; the model no longer supports the decisions it was approved for.",false,"",78680,true,RISKOS_PD_002
2003Q3,2003-09-30,2003-09-30,MON-02,max_feature_csi,0.06959744069516148,,ok,none,0.0696 within 0.1,model_owner,none,Identify the feature and decide whether the shift is a data-supply change (a vendor field changing coverage) or a genuine portfolio change. The two have opposite remediations and the metric cannot tell them apart.,false,"",75551,true,RISKOS_PD_002
2003Q3,2003-09-30,2003-09-30,MON-03,n_features_csi_significant,0.0,,ok,none,0.0000 within 0.0,model_owner,none,"One drifting input is a feature problem. Three at once is usually an upstream data problem, and the first check is the ingest layer, not the model.",false,"",75551,true,RISKOS_PD_002
2003Q3,2003-09-30,2003-09-30,MON-01,score_psi,0.019994553745078553,,ok,none,0.0200 within 0.1,model_owner,none,Warn — investigate which score bands moved and whether the shift is portfolio mix or model behaviour. Breach — the scored population is no longer the population the model was calibrated on; escalate to second line and open a redevelopment assessment.,false,"",75551,true,RISKOS_PD_002
2003Q3,2003-09-30,2004-09-30,MON-06,brier_reliability,7.832857856981872e-7,1.3076600799743053e-6,ok,none,-40.1% above the development-sample 0.0000,model_owner,none,Reliability isolates miscalibration from the irreducible base-rate variance that moves the headline Brier score whenever the default rate moves. A rising reliability term with a flat Gini is the signature of a model that still ranks but no longer predicts a level.,false,"",75551,true,RISKOS_PD_002
2003Q3,2003-09-30,2004-09-30,MON-04,observed_over_expected,1.0169411596881024,,ok,none,"1.0169 inside [0.8, 1.25]",model_owner,none,"Calibration is the dimension that converts directly into a money number: ECL is PD x LGD x EAD, so a ratio of 2.0 understates the provision by half. Warn — recalibrate at the next scheduled review. Breach — the reported provision is materially wrong; notify finance and second line in the same reporting period.",false,"",75551,true,RISKOS_PD_002
2003Q3,2003-09-30,2004-09-30,MON-05,gini,0.8528888623664612,0.8324545923162128,ok,none,-2.5% below the development-sample 0.8325,model_owner,none,"Measured as a proportional fall from the development-sample Gini, not an absolute floor, because what matters is whether the model still ranks as well as it did when it was approved. Breach — ranking power has gone; the model no longer supports the decisions it was approved for.",false,"",75551,true,RISKOS_PD_002
2003Q4,2003-12-31,2004-12-31,MON-04,observed_over_expected,1.0256396536463783,,ok,none,"1.0256 inside [0.8, 1.25]",model_owner,none,"Calibration is the dimension that converts directly into a money number: ECL is PD x LGD x EAD, so a ratio of 2.0 understates the provision by half. Warn — recalibrate at the next scheduled review. Breach — the reported provision is materially wrong; notify finance and second line in the same reporting period.",false,"",78999,true,RISKOS_PD_002
2003Q4,2003-12-31,2003-12-31,MON-01,score_psi,0.022003194044954582,,ok,none,0.0220 within 0.1,model_owner,none,Warn — investigate which score bands moved and whether the shift is portfolio mix or model behaviour. Breach — the scored population is no longer the population the model was calibrated on; escalate to second line and open a redevelopment assessment.,false,"",78999,true,RISKOS_PD_002
2003Q4,2003-12-31,2003-12-31,MON-02,max_feature_csi,0.09397356658712752,,ok,none,0.0940 within 0.1,model_owner,none,Identify the feature and decide whether the shift is a data-supply change (a vendor field changing coverage) or a genuine portfolio change. The two have opposite remediations and the metric cannot tell them apart.,false,"",78999,true,RISKOS_PD_002
2003Q4,2003-12-31,2003-12-31,MON-03,n_features_csi_significant,0.0,,ok,none,0.0000 within 0.0,model_owner,none,"One drifting input is a feature problem. Three at once is usually an upstream data problem, and the first check is the ingest layer, not the model.",false,"",78999,true,RISKOS_PD_002
2003Q4,2003-12-31,2004-12-31,MON-05,gini,0.8792570222714602,0.8324545923162128,ok,none,-5.6% below the development-sample 0.8325,model_owner,none,"Measured as a proportional fall from the development-sample Gini, not an absolute floor, because what matters is whether the model still ranks as well as it did when it was approved. Breach — ranking power has gone; the model no longer supports the decisions it was approved for.",false,"",78999,true,RISKOS_PD_002
2004Q1,2004-03-31,2004-03-31,MON-01,score_psi,0.021232548070509158,,ok,none,0.0212 within 0.1,model_owner,none,Warn — investigate which score bands moved and whether the shift is portfolio mix or model behaviour. Breach — the scored population is no longer the population the model was calibrated on; escalate to second line and open a redevelopment assessment.,false,"",82499,true,RISKOS_PD_002
2004Q1,2004-03-31,2004-03-31,MON-03,n_features_csi_significant,0.0,,ok,none,0.0000 within 0.0,model_owner,none,"One drifting input is a feature problem. Three at once is usually an upstream data problem, and the first check is the ingest layer, not the model.",false,"",82499,true,RISKOS_PD_002
2004Q1,2004-03-31,2005-03-31,MON-05,gini,0.8546590733945765,0.8324545923162128,ok,none,-2.7% below the development-sample 0.8325,model_owner,none,"Measured as a proportional fall from the development-sample Gini, not an absolute floor, because what matters is whether the model still ranks as well as it did when it was approved. Breach — ranking power has gone; the model no longer supports the decisions it was approved for.",false,"",82499,true,RISKOS_PD_002
2004Q1,2004-03-31,2005-03-31,MON-04,observed_over_expected,1.1410822482049534,,ok,none,"1.1411 inside [0.8, 1.25]",model_owner,none,"Calibration is the dimension that converts directly into a money number: ECL is PD x LGD x EAD, so a ratio of 2.0 understates the provision by half. Warn — recalibrate at the next scheduled review. Breach — the reported provision is materially wrong; notify finance and second line in the same reporting period.",false,"",82499,true,RISKOS_PD_002
2004Q2,2004-06-30,2005-06-30,MON-04,observed_over_expected,1.0834206962269943,,ok,none,"1.0834 inside [0.8, 1.25]",model_owner,none,"Calibration is the dimension that converts directly into a money number: ECL is PD x LGD x EAD, so a ratio of 2.0 understates the provision by half. Warn — recalibrate at the next scheduled review. Breach — the reported provision is materially wrong; notify finance and second line in the same reporting period.",false,"",87569,true,RISKOS_PD_002
2004Q2,2004-06-30,2004-06-30,MON-01,score_psi,0.029012580132083916,,ok,none,0.0290 within 0.1,model_owner,none,Warn — investigate which score bands moved and whether the shift is portfolio mix or model behaviour. Breach — the scored population is no longer the population the model was calibrated on; escalate to second line and open a redevelopment assessment.,false,"",87569,true,RISKOS_PD_002
2004Q2,2004-06-30,2005-06-30,MON-05,gini,0.8674454909933818,0.8324545923162128,ok,none,-4.2% below the development-sample 0.8325,model_owner,none,"Measured as a proportional fall from the development-sample Gini, not an absolute floor, because what matters is whether the model still ranks as well as it did when it was approved. Breach — ranking power has gone; the model no longer supports the decisions it was approved for.",false,"",87569,true,RISKOS_PD_002
2004Q3,2004-09-30,2005-09-30,MON-04,observed_over_expected,0.9705437342765304,,ok,none,"0.9705 inside [0.8, 1.25]",model_owner,none,"Calibration is the dimension that converts directly into a money number: ECL is PD x LGD x EAD, so a ratio of 2.0 understates the provision by half. Warn — recalibrate at the next scheduled review. Breach — the reported provision is materially wrong; notify finance and second line in the same reporting period.",false,"",92234,true,RISKOS_PD_002
2004Q3,2004-09-30,2004-09-30,MON-01,score_psi,0.02443673925076574,,ok,none,0.0244 within 0.1,model_owner,none,Warn — investigate which score bands moved and whether the shift is portfolio mix or model behaviour. Breach — the scored population is no longer the population the model was calibrated on; escalate to second line and open a redevelopment assessment.,false,"",92234,true,RISKOS_PD_002
2004Q3,2004-09-30,2005-09-30,MON-05,gini,0.871973031046525,0.8324545923162128,ok,none,-4.7% below the development-sample 0.8325,model_owner,none,"Measured as a proportional fall from the development-sample Gini, not an absolute floor, because what matters is whether the model still ranks as well as it did when it was approved. Breach — ranking power has gone; the model no longer supports the decisions it was approved for.",false,"",92234,true,RISKOS_PD_002
2004Q3,2004-09-30,2005-09-30,MON-06,brier_reliability,9.49423855994017e-7,1.3076600799743053e-6,ok,none,-27.4% above the development-sample 0.0000,model_owner,none,Reliability isolates miscalibration from the irreducible base-rate variance that moves the headline Brier score whenever the default rate moves. A rising reliability term with a flat Gini is the signature of a model that still ranks but no longer predicts a level.,false,"",92234,true,RISKOS_PD_002
2004Q4,2004-12-31,2005-12-31,MON-04,observed_over_expected,1.0778401017982189,,ok,none,"1.0778 inside [0.8, 1.25]",model_owner,none,"Calibration is the dimension that converts directly into a money number: ECL is PD x LGD x EAD, so a ratio of 2.0 understates the provision by half. Warn — recalibrate at the next scheduled review. Breach — the reported provision is materially wrong; notify finance and second line in the same reporting period.",false,"",97277,true,RISKOS_PD_002
2004Q4,2004-12-31,2005-12-31,MON-05,gini,0.8420006928694259,0.8324545923162128,ok,none,-1.1% below the development-sample 0.8325,model_owner,none,"Measured as a proportional fall from the development-sample Gini, not an absolute floor, because what matters is whether the model still ranks as well as it did when it was approved. Breach — ranking power has gone; the model no longer supports the decisions it was approved for.",false,"",97277,true,RISKOS_PD_002
2004Q4,2004-12-31,2004-12-31,MON-01,score_psi,0.02057111063461561,,ok,none,0.0206 within 0.1,model_owner,none,Warn — investigate which score bands moved and whether the shift is portfolio mix or model behaviour. Breach — the scored population is no longer the population the model was calibrated on; escalate to second line and open a redevelopment assessment.,false,"",97277,true,RISKOS_PD_002
2005Q1,2005-03-31,2006-03-31,MON-05,gini,0.8325943492704571,0.8324545923162128,ok,none,-0.0% below the development-sample 0.8325,model_owner,none,"Measured as a proportional fall from the development-sample Gini, not an absolute floor, because what matters is whether the model still ranks as well as it did when it was approved. Breach — ranking power has gone; the model no longer supports the decisions it was approved for.",false,"",102257,true,RISKOS_PD_002
2005Q1,2005-03-31,2006-03-31,MON-04,observed_over_expected,1.1867222157573873,,ok,none,"1.1867 inside [0.8, 1.25]",model_owner,none,"Calibration is the dimension that converts directly into a money number: ECL is PD x LGD x EAD, so a ratio of 2.0 understates the provision by half. Warn — recalibrate at the next scheduled review. Breach — the reported provision is materially wrong; notify finance and second line in the same reporting period.",false,"",102257,true,RISKOS_PD_002
2005Q1,2005-03-31,2005-03-31,MON-01,score_psi,0.019776981665211933,,ok,none,0.0198 within 0.1,model_owner,none,Warn — investigate which score bands moved and whether the shift is portfolio mix or model behaviour. Breach — the scored population is no longer the population the model was calibrated on; escalate to second line and open a redevelopment assessment.,false,"",102257,true,RISKOS_PD_002
2005Q2,2005-06-30,2005-06-30,MON-01,score_psi,0.018395075530580906,,ok,none,0.0184 within 0.1,model_owner,none,Warn — investigate which score bands moved and whether the shift is portfolio mix or model behaviour. Breach — the scored population is no longer the population the model was calibrated on; escalate to second line and open a redevelopment assessment.,false,"",108062,true,RISKOS_PD_002
2005Q2,2005-06-30,2006-06-30,MON-04,observed_over_expected,1.1587441993426995,,ok,none,"1.1587 inside [0.8, 1.25]",model_owner,none,"Calibration is the dimension that converts directly into a money number: ECL is PD x LGD x EAD, so a ratio of 2.0 understates the provision by half. Warn — recalibrate at the next scheduled review. Breach — the reported provision is materially wrong; notify finance and second line in the same reporting period.",false,"",108062,true,RISKOS_PD_002
2005Q2,2005-06-30,2006-06-30,MON-05,gini,0.8168976301862882,0.8324545923162128,ok,none,1.9% below the development-sample 0.8325,model_owner,none,"Measured as a proportional fall from the development-sample Gini, not an absolute floor, because what matters is whether the model still ranks as well as it did when it was approved. Breach — ranking power has gone; the model no longer supports the decisions it was approved for.",false,"",108062,true,RISKOS_PD_002
2005Q3,2005-09-30,2005-09-30,MON-01,score_psi,0.019267621694141052,,ok,none,0.0193 within 0.1,model_owner,none,Warn — investigate which score bands moved and whether the shift is portfolio mix or model behaviour. Breach — the scored population is no longer the population the model was calibrated on; escalate to second line and open a redevelopment assessment.,false,"",112787,true,RISKOS_PD_002
2005Q3,2005-09-30,2006-09-30,MON-04,observed_over_expected,1.0834191380216784,,ok,none,"1.0834 inside [0.8, 1.25]",model_owner,none,"Calibration is the dimension that converts directly into a money number: ECL is PD x LGD x EAD, so a ratio of 2.0 understates the provision by half. Warn — recalibrate at the next scheduled review. Breach — the reported provision is materially wrong; notify finance and second line in the same reporting period.",false,"",112787,true,RISKOS_PD_002
2005Q3,2005-09-30,2006-09-30,MON-05,gini,0.8236439507635864,0.8324545923162128,ok,none,1.1% below the development-sample 0.8325,model_owner,none,"Measured as a proportional fall from the development-sample Gini, not an absolute floor, because what matters is whether the model still ranks as well as it did when it was approved. Breach — ranking power has gone; the model no longer supports the decisions it was approved for.",false,"",112787,true,RISKOS_PD_002
2005Q4,2005-12-31,2005-12-31,MON-01,score_psi,0.017818672940830352,,ok,none,0.0178 within 0.1,model_owner,none,Warn — investigate which score bands moved and whether the shift is portfolio mix or model behaviour. Breach — the scored population is no longer the population the model was calibrated on; escalate to second line and open a redevelopment assessment.,false,"",117977,true,RISKOS_PD_002
2005Q4,2005-12-31,2006-12-31,MON-04,observed_over_expected,0.9310960551152062,,ok,none,"0.9311 inside [0.8, 1.25]",model_owner,none,"Calibration is the dimension that converts directly into a money number: ECL is PD x LGD x EAD, so a ratio of 2.0 understates the provision by half. Warn — recalibrate at the next scheduled review. Breach — the reported provision is materially wrong; notify finance and second line in the same reporting period.",false,"",117977,true,RISKOS_PD_002
2005Q4,2005-12-31,2006-12-31,MON-05,gini,0.8249149089917513,0.8324545923162128,ok,none,0.9% below the development-sample 0.8325,model_owner,none,"Measured as a proportional fall from the development-sample Gini, not an absolute floor, because what matters is whether the model still ranks as well as it did when it was approved. Breach — ranking power has gone; the model no longer supports the decisions it was approved for.",false,"",117977,true,RISKOS_PD_002
2005Q4,2005-12-31,2006-12-31,MON-06,brier_reliability,4.198976224498953e-7,1.3076600799743053e-6,ok,none,-67.9% above the development-sample 0.0000,model_owner,none,Reliability isolates miscalibration from the irreducible base-rate variance that moves the headline Brier score whenever the default rate moves. A rising reliability term with a flat Gini is the signature of a model that still ranks but no longer predicts a level.,false,"",117977,true,RISKOS_PD_002
2006Q1,2006-03-31,2006-03-31,MON-01,score_psi,0.01444034698835604,,ok,none,0.0144 within 0.1,model_owner,none,Warn — investigate which score bands moved and whether the shift is portfolio mix or model behaviour. Breach — the scored population is no longer the population the model was calibrated on; escalate to second line and open a redevelopment assessment.,false,"",123557,true,RISKOS_PD_002
2006Q1,2006-03-31,2007-03-31,MON-04,observed_over_expected,1.0762941350899229,,ok,none,"1.0763 inside [0.8, 1.25]",model_owner,none,"Calibration is the dimension that converts directly into a money number: ECL is PD x LGD x EAD, so a ratio of 2.0 understates the provision by half. Warn — recalibrate at the next scheduled review. Breach — the reported provision is materially wrong; notify finance and second line in the same reporting period.",false,"",123557,true,RISKOS_PD_002
2006Q1,2006-03-31,2007-03-31,MON-05,gini,0.7976775478910203,0.8324545923162128,ok,none,4.2% below the development-sample 0.8325,model_owner,none,"Measured as a proportional fall from the development-sample Gini, not an absolute floor, because what matters is whether the model still ranks as well as it did when it was approved. Breach — ranking power has gone; the model no longer supports the decisions it was approved for.",false,"",123557,true,RISKOS_PD_002
2006Q1,2006-03-31,2007-03-31,MON-06,brier_reliability,1.8739645280621416e-6,1.3076600799743053e-6,ok,none,43.3% above the development-sample 0.0000,model_owner,none,Reliability isolates miscalibration from the irreducible base-rate variance that moves the headline Brier score whenever the default rate moves. A rising reliability term with a flat Gini is the signature of a model that still ranks but no longer predicts a level.,false,"",123557,true,RISKOS_PD_002
2006Q2,2006-06-30,2007-06-30,MON-05,gini,0.8018649051468114,0.8324545923162128,ok,none,3.7% below the development-sample 0.8325,model_owner,none,"Measured as a proportional fall from the development-sample Gini, not an absolute floor, because what matters is whether the model still ranks as well as it did when it was approved. Breach — ranking power has gone; the model no longer supports the decisions it was approved for.",false,"",129059,true,RISKOS_PD_002
2006Q2,2006-06-30,2006-06-30,MON-01,score_psi,0.009846437773014607,,ok,none,0.0098 within 0.1,model_owner,none,Warn — investigate which score bands moved and whether the shift is portfolio mix or model behaviour. Breach — the scored population is no longer the population the model was calibrated on; escalate to second line and open a redevelopment assessment.,false,"",129059,true,RISKOS_PD_002
2006Q2,2006-06-30,2007-06-30,MON-04,observed_over_expected,1.110487473137854,,ok,none,"1.1105 inside [0.8, 1.25]",model_owner,none,"Calibration is the dimension that converts directly into a money number: ECL is PD x LGD x EAD, so a ratio of 2.0 understates the provision by half. Warn — recalibrate at the next scheduled review. Breach — the reported provision is materially wrong; notify finance and second line in the same reporting period.",false,"",129059,true,RISKOS_PD_002
2006Q3,2006-09-30,2007-09-30,MON-05,gini,0.8142599298027668,0.8324545923162128,ok,none,2.2% below the development-sample 0.8325,model_owner,none,"Measured as a proportional fall from the development-sample Gini, not an absolute floor, because what matters is whether the model still ranks as well as it did when it was approved. Breach — ranking power has gone; the model no longer supports the decisions it was approved for.",false,"",135327,true,RISKOS_PD_002
2006Q3,2006-09-30,2007-09-30,MON-06,brier_reliability,2.3102792873185717e-6,1.3076600799743053e-6,ok,none,76.7% above the development-sample 0.0000,model_owner,none,Reliability isolates miscalibration from the irreducible base-rate variance that moves the headline Brier score whenever the default rate moves. A rising reliability term with a flat Gini is the signature of a model that still ranks but no longer predicts a level.,false,"",135327,true,RISKOS_PD_002
2006Q3,2006-09-30,2006-09-30,MON-01,score_psi,0.006209938921308099,,ok,none,0.0062 within 0.1,model_owner,none,Warn — investigate which score bands moved and whether the shift is portfolio mix or model behaviour. Breach — the scored population is no longer the population the model was calibrated on; escalate to second line and open a redevelopment assessment.,false,"",135327,true,RISKOS_PD_002
2006Q3,2006-09-30,2007-09-30,MON-04,observed_over_expected,1.0696670894534268,,ok,none,"1.0697 inside [0.8, 1.25]",model_owner,none,"Calibration is the dimension that converts directly into a money number: ECL is PD x LGD x EAD, so a ratio of 2.0 understates the provision by half. Warn — recalibrate at the next scheduled review. Breach — the reported provision is materially wrong; notify finance and second line in the same reporting period.",false,"",135327,true,RISKOS_PD_002
2006Q4,2006-12-31,2006-12-31,MON-01,score_psi,0.003844084374193544,,ok,none,0.0038 within 0.1,model_owner,none,Warn — investigate which score bands moved and whether the shift is portfolio mix or model behaviour. Breach — the scored population is no longer the population the model was calibrated on; escalate to second line and open a redevelopment assessment.,false,"",140753,true,RISKOS_PD_002
2006Q4,2006-12-31,2007-12-31,MON-04,observed_over_expected,1.1554825338450656,,ok,none,"1.1555 inside [0.8, 1.25]",model_owner,none,"Calibration is the dimension that converts directly into a money number: ECL is PD x LGD x EAD, so a ratio of 2.0 understates the provision by half. Warn — recalibrate at the next scheduled review. Breach — the reported provision is materially wrong; notify finance and second line in the same reporting period.",false,"",140753,true,RISKOS_PD_002
2006Q4,2006-12-31,2007-12-31,MON-05,gini,0.7940965846887007,0.8324545923162128,ok,none,4.6% below the development-sample 0.8325,model_owner,none,"Measured as a proportional fall from the development-sample Gini, not an absolute floor, because what matters is whether the model still ranks as well as it did when it was approved. Breach — ranking power has gone; the model no longer supports the decisions it was approved for.",false,"",140753,true,RISKOS_PD_002
2007Q1,2007-03-31,2007-03-31,MON-01,score_psi,0.003698861778530749,,ok,none,0.0037 within 0.1,model_owner,none,Warn — investigate which score bands moved and whether the shift is portfolio mix or model behaviour. Breach — the scored population is no longer the population the model was calibrated on; escalate to second line and open a redevelopment assessment.,false,"",24632,false,RISKOS_PD_002
2007Q2,2007-06-30,2007-06-30,MON-01,score_psi,0.0022015960347445,,ok,none,0.0022 within 0.1,model_owner,none,Warn — investigate which score bands moved and whether the shift is portfolio mix or model behaviour. Breach — the scored population is no longer the population the model was calibrated on; escalate to second line and open a redevelopment assessment.,false,"",25550,false,RISKOS_PD_002
2007Q3,2007-09-30,2007-09-30,MON-01,score_psi,0.0010645406035066616,,ok,none,0.0011 within 0.1,model_owner,none,Warn — investigate which score bands moved and whether the shift is portfolio mix or model behaviour. Breach — the scored population is no longer the population the model was calibrated on; escalate to second line and open a redevelopment assessment.,false,"",26464,false,RISKOS_PD_002
2007Q4,2007-12-31,2007-12-31,MON-01,score_psi,0.0012404317768933669,,ok,none,0.0012 within 0.1,model_owner,none,Warn — investigate which score bands moved and whether the shift is portfolio mix or model behaviour. Breach — the scored population is no longer the population the model was calibrated on; escalate to second line and open a redevelopment assessment.,false,"",27449,false,RISKOS_PD_002
2008Q1,2008-03-31,2008-03-31,MON-01,score_psi,0.001344950784287974,,ok,none,0.0013 within 0.1,model_owner,none,Warn — investigate which score bands moved and whether the shift is portfolio mix or model behaviour. Breach — the scored population is no longer the population the model was calibrated on; escalate to second line and open a redevelopment assessment.,false,"",28124,false,RISKOS_PD_002
2008Q2,2008-06-30,2008-06-30,MON-01,score_psi,0.0007286274542126472,,ok,none,0.0007 within 0.1,model_owner,none,Warn — investigate which score bands moved and whether the shift is portfolio mix or model behaviour. Breach — the scored population is no longer the population the model was calibrated on; escalate to second line and open a redevelopment assessment.,false,"",29120,false,RISKOS_PD_002
2008Q3,2008-09-30,2008-09-30,MON-01,score_psi,0.0007012604515785413,,ok,none,0.0007 within 0.1,model_owner,none,Warn — investigate which score bands moved and whether the shift is portfolio mix or model behaviour. Breach — the scored population is no longer the population the model was calibrated on; escalate to second line and open a redevelopment assessment.,false,"",30034,false,RISKOS_PD_002
2008Q4,2008-12-31,2008-12-31,MON-01,score_psi,0.0008516742491722148,,ok,none,0.0009 within 0.1,model_owner,none,Warn — investigate which score bands moved and whether the shift is portfolio mix or model behaviour. Breach — the scored population is no longer the population the model was calibrated on; escalate to second line and open a redevelopment assessment.,false,"",30800,false,RISKOS_PD_002
2009Q1,2009-03-31,2009-03-31,MON-01,score_psi,0.0006001058542697035,,ok,none,0.0006 within 0.1,model_owner,none,Warn — investigate which score bands moved and whether the shift is portfolio mix or model behaviour. Breach — the scored population is no longer the population the model was calibrated on; escalate to second line and open a redevelopment assessment.,false,"",30456,false,RISKOS_PD_002
2009Q2,2009-06-30,2009-06-30,MON-01,score_psi,0.0029231045384438153,,ok,none,0.0029 within 0.1,model_owner,none,Warn — investigate which score bands moved and whether the shift is portfolio mix or model behaviour. Breach — the scored population is no longer the population the model was calibrated on; escalate to second line and open a redevelopment assessment.,false,"",29813,false,RISKOS_PD_002
2009Q3,2009-09-30,2009-09-30,MON-01,score_psi,0.007494496993719642,,ok,none,0.0075 within 0.1,model_owner,none,Warn — investigate which score bands moved and whether the shift is portfolio mix or model behaviour. Breach — the scored population is no longer the population the model was calibrated on; escalate to second line and open a redevelopment assessment.,false,"",30087,false,RISKOS_PD_002
2009Q4,2009-12-31,2009-12-31,MON-01,score_psi,0.011185839001835403,,ok,none,0.0112 within 0.1,model_owner,none,Warn — investigate which score bands moved and whether the shift is portfolio mix or model behaviour. Breach — the scored population is no longer the population the model was calibrated on; escalate to second line and open a redevelopment assessment.,false,"",30074,false,RISKOS_PD_002
2016Q2,2016-06-30,2017-06-30,MON-05,gini,0.7605082465378459,0.8324545923162128,ok,none,8.6% below the development-sample 0.8325,model_owner,none,"Measured as a proportional fall from the development-sample Gini, not an absolute floor, because what matters is whether the model still ranks as well as it did when it was approved. Breach — ranking power has gone; the model no longer supports the decisions it was approved for.",false,"",23646,false,RISKOS_PD_002
2016Q3,2016-09-30,2017-09-30,MON-05,gini,0.7592839774227591,0.8324545923162128,ok,none,8.8% below the development-sample 0.8325,model_owner,none,"Measured as a proportional fall from the development-sample Gini, not an absolute floor, because what matters is whether the model still ranks as well as it did when it was approved. Breach — ranking power has gone; the model no longer supports the decisions it was approved for.",false,"",24207,false,RISKOS_PD_002
2017Q4,2017-12-31,2018-12-31,MON-04,observed_over_expected,1.058462867754942,,ok,none,"1.0585 inside [0.8, 1.25]",model_owner,none,"Calibration is the dimension that converts directly into a money number: ECL is PD x LGD x EAD, so a ratio of 2.0 understates the provision by half. Warn — recalibrate at the next scheduled review. Breach — the reported provision is materially wrong; notify finance and second line in the same reporting period.",false,"",27875,false,RISKOS_PD_002
2017Q4,2017-12-31,2018-12-31,MON-06,brier_reliability,4.3006100228711485e-7,1.3076600799743053e-6,ok,none,-67.1% above the development-sample 0.0000,model_owner,none,Reliability isolates miscalibration from the irreducible base-rate variance that moves the headline Brier score whenever the default rate moves. A rising reliability term with a flat Gini is the signature of a model that still ranks but no longer predicts a level.,false,"",27875,false,RISKOS_PD_002
2018Q1,2018-03-31,2019-03-31,MON-06,brier_reliability,9.872034421845643e-7,1.3076600799743053e-6,ok,none,-24.5% above the development-sample 0.0000,model_owner,none,Reliability isolates miscalibration from the irreducible base-rate variance that moves the headline Brier score whenever the default rate moves. A rising reliability term with a flat Gini is the signature of a model that still ranks but no longer predicts a level.,false,"",28471,false,RISKOS_PD_002
2018Q1,2018-03-31,2019-03-31,MON-04,observed_over_expected,1.1534415782146026,,ok,none,"1.1534 inside [0.8, 1.25]",model_owner,none,"Calibration is the dimension that converts directly into a money number: ECL is PD x LGD x EAD, so a ratio of 2.0 understates the provision by half. Warn — recalibrate at the next scheduled review. Breach — the reported provision is materially wrong; notify finance and second line in the same reporting period.",false,"",28471,false,RISKOS_PD_002
2018Q2,2018-06-30,2019-06-30,MON-06,brier_reliability,1.0070788406742617e-6,1.3076600799743053e-6,ok,none,-23.0% above the development-sample 0.0000,model_owner,none,Reliability isolates miscalibration from the irreducible base-rate variance that moves the headline Brier score whenever the default rate moves. A rising reliability term with a flat Gini is the signature of a model that still ranks but no longer predicts a level.,false,"",29341,false,RISKOS_PD_002
2018Q2,2018-06-30,2019-06-30,MON-04,observed_over_expected,1.1558116677255885,,ok,none,"1.1558 inside [0.8, 1.25]",model_owner,none,"Calibration is the dimension that converts directly into a money number: ECL is PD x LGD x EAD, so a ratio of 2.0 understates the provision by half. Warn — recalibrate at the next scheduled review. Breach — the reported provision is materially wrong; notify finance and second line in the same reporting period.",false,"",29341,false,RISKOS_PD_002
2018Q3,2018-09-30,2019-09-30,MON-06,brier_reliability,8.355031792624328e-7,1.3076600799743053e-6,ok,none,-36.1% above the development-sample 0.0000,model_owner,none,Reliability isolates miscalibration from the irreducible base-rate variance that moves the headline Brier score whenever the default rate moves. A rising reliability term with a flat Gini is the signature of a model that still ranks but no longer predicts a level.,false,"",30206,false,RISKOS_PD_002
2018Q3,2018-09-30,2019-09-30,MON-04,observed_over_expected,1.1101189422312048,,ok,none,"1.1101 inside [0.8, 1.25]",model_owner,none,"Calibration is the dimension that converts directly into a money number: ECL is PD x LGD x EAD, so a ratio of 2.0 understates the provision by half. Warn — recalibrate at the next scheduled review. Breach — the reported provision is materially wrong; notify finance and second line in the same reporting period.",false,"",30206,false,RISKOS_PD_002
2019Q1,2019-03-31,2020-03-31,MON-04,observed_over_expected,1.1814428789500728,,ok,none,"1.1814 inside [0.8, 1.25]",model_owner,none,"Calibration is the dimension that converts directly into a money number: ECL is PD x LGD x EAD, so a ratio of 2.0 understates the provision by half. Warn — recalibrate at the next scheduled review. Breach — the reported provision is materially wrong; notify finance and second line in the same reporting period.",false,"",31900,false,RISKOS_PD_002
2019Q1,2019-03-31,2020-03-31,MON-06,brier_reliability,1.070235987728685e-6,1.3076600799743053e-6,ok,none,-18.2% above the development-sample 0.0000,model_owner,none,Reliability isolates miscalibration from the irreducible base-rate variance that moves the headline Brier score whenever the default rate moves. A rising reliability term with a flat Gini is the signature of a model that still ranks but no longer predicts a level.,false,"",31900,false,RISKOS_PD_002
