feature,csi,band,n_bins,empty_bins,window,window_end
loan_age,12.404373315285838,significant,11,10,1999Q1,1999-03-31
remaining_months_to_legal_maturity,6.170846397962425,significant,11,3,1999Q1,1999-03-31
original_interest_rate,3.112995924890985,significant,11,2,1999Q1,1999-03-31
loan_purpose,0.13098411274499916,moderate,5,2,1999Q1,1999-03-31
property_state,0.12570252082450475,moderate,56,4,1999Q1,1999-03-31
original_upb,0.09066097182572093,stable,11,1,1999Q1,1999-03-31
original_dti,0.07766850254449024,stable,11,0,1999Q1,1999-03-31
original_cltv,0.06693426042728846,stable,11,1,1999Q1,1999-03-31
current_actual_upb,0.06509184007560173,stable,11,1,1999Q1,1999-03-31
credit_score,0.057224910401080825,stable,11,0,1999Q1,1999-03-31
original_ltv,0.05414466323618141,stable,10,1,1999Q1,1999-03-31
first_time_homebuyer_flag,0.045280048767692115,stable,4,2,1999Q1,1999-03-31
property_type,0.04412941759844784,stable,7,3,1999Q1,1999-03-31
number_of_borrowers,0.03387868284016236,stable,4,1,1999Q1,1999-03-31
current_loan_delinquency_status,0.013659329846261392,stable,5,2,1999Q1,1999-03-31
occupancy_status,0.013625167279526174,stable,5,2,1999Q1,1999-03-31
prepayment_penalty_flag,0.008974218145837059,stable,4,2,1999Q1,1999-03-31
channel,0.008118886945187243,stable,6,3,1999Q1,1999-03-31
mi_percentage,0.005074201762037359,stable,4,1,1999Q1,1999-03-31
original_loan_term,0.004786644603433941,stable,4,2,1999Q1,1999-03-31
number_of_units,0.0005374605155952162,stable,3,1,1999Q1,1999-03-31
modification_flag,0.00008931486228292908,stable,4,3,1999Q1,1999-03-31
amortization_type,0.0,stable,3,2,1999Q1,1999-03-31
super_conforming_flag,0.0,stable,3,2,1999Q1,1999-03-31
harp_indicator,0.0,stable,3,2,1999Q1,1999-03-31
interest_only_flag,0.0,stable,3,2,1999Q1,1999-03-31
current_deferred_upb,0.0,stable,3,2,1999Q1,1999-03-31
loan_age,10.411308908141281,significant,11,9,1999Q2,1999-06-30
remaining_months_to_legal_maturity,3.4406600346854392,significant,11,1,1999Q2,1999-06-30
original_interest_rate,2.9020660899813033,significant,11,2,1999Q2,1999-06-30
original_upb,0.08481293405151905,stable,11,1,1999Q2,1999-06-30
current_actual_upb,0.061461250915672457,stable,11,1,1999Q2,1999-06-30
property_state,0.059382978559346565,stable,56,3,1999Q2,1999-06-30
credit_score,0.05018548427523661,stable,11,0,1999Q2,1999-06-30
original_dti,0.039760207320585245,stable,11,0,1999Q2,1999-06-30
original_cltv,0.02244866715057241,stable,11,0,1999Q2,1999-06-30
original_ltv,0.020228644744889678,stable,10,0,1999Q2,1999-06-30
loan_purpose,0.019545235387343752,stable,5,1,1999Q2,1999-06-30
number_of_borrowers,0.015982207376447732,stable,4,1,1999Q2,1999-06-30
property_type,0.01451723753098781,stable,7,2,1999Q2,1999-06-30
first_time_homebuyer_flag,0.010066737103296456,stable,4,1,1999Q2,1999-06-30
occupancy_status,0.007062397918683231,stable,5,2,1999Q2,1999-06-30
current_loan_delinquency_status,0.006657036399919155,stable,5,2,1999Q2,1999-06-30
channel,0.005314643894921795,stable,6,2,1999Q2,1999-06-30
prepayment_penalty_flag,0.00363866036383826,stable,4,2,1999Q2,1999-06-30
mi_percentage,0.0011653297310511455,stable,4,0,1999Q2,1999-06-30
original_loan_term,0.00044884225521898144,stable,4,2,1999Q2,1999-06-30
number_of_units,0.00012808288540961678,stable,3,0,1999Q2,1999-06-30
modification_flag,0.00008931486228292908,stable,4,3,1999Q2,1999-06-30
amortization_type,0.0,stable,3,2,1999Q2,1999-06-30
super_conforming_flag,0.0,stable,3,2,1999Q2,1999-06-30
harp_indicator,0.0,stable,3,2,1999Q2,1999-06-30
interest_only_flag,0.0,stable,3,2,1999Q2,1999-06-30
current_deferred_upb,0.0,stable,3,2,1999Q2,1999-06-30
loan_age,8.830881526630687,significant,11,8,1999Q3,1999-09-30
remaining_months_to_legal_maturity,3.165288329034402,significant,11,1,1999Q3,1999-09-30
original_interest_rate,2.627092112154559,significant,11,2,1999Q3,1999-09-30
original_upb,0.07583662066338312,stable,11,1,1999Q3,1999-09-30
credit_score,0.0525434587392497,stable,11,0,1999Q3,1999-09-30
current_actual_upb,0.05220036349424087,stable,11,1,1999Q3,1999-09-30
property_state,0.03389753856348723,stable,56,3,1999Q3,1999-09-30
original_dti,0.023315811819906142,stable,11,0,1999Q3,1999-09-30
mi_percentage,0.012882139984517548,stable,4,0,1999Q3,1999-09-30
original_ltv,0.012414709688446253,stable,10,0,1999Q3,1999-09-30
loan_purpose,0.012253445521240115,stable,5,1,1999Q3,1999-09-30
number_of_borrowers,0.009770582441001822,stable,4,1,1999Q3,1999-09-30
first_time_homebuyer_flag,0.009089498378002074,stable,4,1,1999Q3,1999-09-30
property_type,0.00797163065601975,stable,7,2,1999Q3,1999-09-30
original_cltv,0.007389481526997498,stable,11,0,1999Q3,1999-09-30
current_loan_delinquency_status,0.0056698589242829885,stable,5,2,1999Q3,1999-09-30
channel,0.0036120133649481505,stable,6,2,1999Q3,1999-09-30
occupancy_status,0.0030734616473236708,stable,5,2,1999Q3,1999-09-30
prepayment_penalty_flag,0.002366307893928074,stable,4,2,1999Q3,1999-09-30
original_loan_term,0.0022349179499053626,stable,4,2,1999Q3,1999-09-30
modification_flag,0.00008931486228292908,stable,4,3,1999Q3,1999-09-30
number_of_units,0.00005161094984308745,stable,3,0,1999Q3,1999-09-30
amortization_type,0.0,stable,3,2,1999Q3,1999-09-30
super_conforming_flag,0.0,stable,3,2,1999Q3,1999-09-30
harp_indicator,0.0,stable,3,2,1999Q3,1999-09-30
interest_only_flag,0.0,stable,3,2,1999Q3,1999-09-30
current_deferred_upb,0.0,stable,3,2,1999Q3,1999-09-30
loan_age,7.1215803684126815,significant,11,7,1999Q4,1999-12-31
original_interest_rate,2.673614836170709,significant,11,2,1999Q4,1999-12-31
remaining_months_to_legal_maturity,2.6319989778457877,significant,11,1,1999Q4,1999-12-31
original_upb,0.07796963633797208,stable,11,1,1999Q4,1999-12-31
current_actual_upb,0.05398286124760656,stable,11,1,1999Q4,1999-12-31
loan_purpose,0.05075437698936795,stable,5,1,1999Q4,1999-12-31
credit_score,0.04906472799423268,stable,11,0,1999Q4,1999-12-31
mi_percentage,0.031524967567837174,stable,4,0,1999Q4,1999-12-31
property_state,0.023915576642697573,stable,56,3,1999Q4,1999-12-31
original_dti,0.016744061708698455,stable,11,0,1999Q4,1999-12-31
original_ltv,0.015574694622846986,stable,10,0,1999Q4,1999-12-31
first_time_homebuyer_flag,0.011184318058674958,stable,4,1,1999Q4,1999-12-31
original_loan_term,0.008740451755034484,stable,4,2,1999Q4,1999-12-31
original_cltv,0.007691501386732062,stable,11,0,1999Q4,1999-12-31
property_type,0.006423725337031811,stable,7,2,1999Q4,1999-12-31
number_of_borrowers,0.0050336007622669415,stable,4,1,1999Q4,1999-12-31
channel,0.003857287593910335,stable,6,2,1999Q4,1999-12-31
current_loan_delinquency_status,0.0032897890683207098,stable,5,2,1999Q4,1999-12-31
prepayment_penalty_flag,0.0010949049322291377,stable,4,2,1999Q4,1999-12-31
occupancy_status,0.0006699204277163742,stable,5,2,1999Q4,1999-12-31
number_of_units,0.0001292114201936492,stable,3,0,1999Q4,1999-12-31
modification_flag,0.00008931486228292908,stable,4,3,1999Q4,1999-12-31
amortization_type,0.0,stable,3,2,1999Q4,1999-12-31
super_conforming_flag,0.0,stable,3,2,1999Q4,1999-12-31
harp_indicator,0.0,stable,3,2,1999Q4,1999-12-31
interest_only_flag,0.0,stable,3,2,1999Q4,1999-12-31
current_deferred_upb,0.0,stable,3,2,1999Q4,1999-12-31
loan_age,6.074367471823111,significant,11,6,2000Q1,2000-03-31
original_interest_rate,2.842146281196529,significant,11,2,2000Q1,2000-03-31
remaining_months_to_legal_maturity,2.5114921266150176,significant,11,1,2000Q1,2000-03-31
loan_purpose,0.10179959970236566,moderate,5,1,2000Q1,2000-03-31
original_upb,0.0691575508337285,stable,11,1,2000Q1,2000-03-31
credit_score,0.04848748511485955,stable,11,0,2000Q1,2000-03-31
current_actual_upb,0.047932779428441145,stable,11,1,2000Q1,2000-03-31
mi_percentage,0.045791350318797094,stable,4,0,2000Q1,2000-03-31
original_loan_term,0.02418861543130276,stable,4,2,2000Q1,2000-03-31
original_ltv,0.021342366592193535,stable,10,0,2000Q1,2000-03-31
property_state,0.018920874341513606,stable,56,3,2000Q1,2000-03-31
first_time_homebuyer_flag,0.017365465386492793,stable,4,1,2000Q1,2000-03-31
original_dti,0.01584480429641244,stable,11,0,2000Q1,2000-03-31
original_cltv,0.012041011559638581,stable,11,0,2000Q1,2000-03-31
property_type,0.004667639213168605,stable,7,2,2000Q1,2000-03-31
current_loan_delinquency_status,0.0040905722131099696,stable,5,2,2000Q1,2000-03-31
number_of_borrowers,0.0028455305623422086,stable,4,1,2000Q1,2000-03-31
channel,0.0012182092493262266,stable,6,1,2000Q1,2000-03-31
prepayment_penalty_flag,0.0003495544801226993,stable,4,2,2000Q1,2000-03-31
modification_flag,0.00008931486228292908,stable,4,3,2000Q1,2000-03-31
number_of_units,0.00004369585046369649,stable,3,0,2000Q1,2000-03-31
occupancy_status,0.000027689791217939764,stable,5,2,2000Q1,2000-03-31
amortization_type,0.0,stable,3,2,2000Q1,2000-03-31
super_conforming_flag,0.0,stable,3,2,2000Q1,2000-03-31
harp_indicator,0.0,stable,3,2,2000Q1,2000-03-31
interest_only_flag,0.0,stable,3,2,2000Q1,2000-03-31
current_deferred_upb,0.0,stable,3,2,2000Q1,2000-03-31
loan_age,4.900256015436931,significant,11,5,2000Q2,2000-06-30
original_interest_rate,3.013078616648885,significant,11,2,2000Q2,2000-06-30
remaining_months_to_legal_maturity,1.4495531839536338,significant,11,1,2000Q2,2000-06-30
loan_purpose,0.14835185941383855,moderate,5,1,2000Q2,2000-06-30
original_upb,0.0634054212314274,stable,11,1,2000Q2,2000-06-30
credit_score,0.04818806157669725,stable,11,0,2000Q2,2000-06-30
current_actual_upb,0.04426320101664045,stable,11,1,2000Q2,2000-06-30
mi_percentage,0.041718717100444856,stable,4,0,2000Q2,2000-06-30
original_loan_term,0.03541962064885876,stable,4,2,2000Q2,2000-06-30
original_ltv,0.025960689245465424,stable,10,0,2000Q2,2000-06-30
first_time_homebuyer_flag,0.01978098023920704,stable,4,1,2000Q2,2000-06-30
property_state,0.016701234800138874,stable,56,3,2000Q2,2000-06-30
original_cltv,0.01599331609816668,stable,11,0,2000Q2,2000-06-30
original_dti,0.01563501579527044,stable,11,0,2000Q2,2000-06-30
property_type,0.004420555716324068,stable,7,2,2000Q2,2000-06-30
current_loan_delinquency_status,0.0017734606220906341,stable,5,2,2000Q2,2000-06-30
number_of_borrowers,0.0013449051029538713,stable,4,1,2000Q2,2000-06-30
channel,0.0006483968121388414,stable,6,1,2000Q2,2000-06-30
modification_flag,0.00008931486228292908,stable,4,3,2000Q2,2000-06-30
prepayment_penalty_flag,0.00006537004572973785,stable,4,2,2000Q2,2000-06-30
occupancy_status,0.00003314693768048043,stable,5,2,2000Q2,2000-06-30
number_of_units,0.000026609383667283486,stable,3,0,2000Q2,2000-06-30
amortization_type,0.0,stable,3,2,2000Q2,2000-06-30
super_conforming_flag,0.0,stable,3,2,2000Q2,2000-06-30
harp_indicator,0.0,stable,3,2,2000Q2,2000-06-30
interest_only_flag,0.0,stable,3,2,2000Q2,2000-06-30
current_deferred_upb,0.0,stable,3,2,2000Q2,2000-06-30
loan_age,3.996593450263378,significant,11,4,2000Q3,2000-09-30
original_interest_rate,2.6459913404871576,significant,11,1,2000Q3,2000-09-30
remaining_months_to_legal_maturity,1.4302684572974724,significant,11,1,2000Q3,2000-09-30
loan_purpose,0.2082130043161768,moderate,5,1,2000Q3,2000-09-30
original_upb,0.05455852945918637,stable,11,1,2000Q3,2000-09-30
original_loan_term,0.050596675916151544,stable,4,2,2000Q3,2000-09-30
mi_percentage,0.04274939597126489,stable,4,0,2000Q3,2000-09-30
current_actual_upb,0.04047922815006342,stable,11,1,2000Q3,2000-09-30
credit_score,0.039887103075883064,stable,11,0,2000Q3,2000-09-30
original_ltv,0.03397506859117237,stable,10,0,2000Q3,2000-09-30
first_time_homebuyer_flag,0.03282132626393302,stable,4,1,2000Q3,2000-09-30
original_cltv,0.02247957194744859,stable,11,0,2000Q3,2000-09-30
original_dti,0.015180662187015895,stable,11,0,2000Q3,2000-09-30
property_state,0.014020824202956052,stable,56,3,2000Q3,2000-09-30
property_type,0.004730468119496285,stable,7,1,2000Q3,2000-09-30
number_of_borrowers,0.0009904214566773088,stable,4,1,2000Q3,2000-09-30
current_loan_delinquency_status,0.0004950781470979286,stable,5,2,2000Q3,2000-09-30
channel,0.0004257746547467007,stable,6,1,2000Q3,2000-09-30
modification_flag,0.00008931486228292908,stable,4,3,2000Q3,2000-09-30
occupancy_status,0.000044480680820186503,stable,5,2,2000Q3,2000-09-30
number_of_units,0.00001700399241453272,stable,3,0,2000Q3,2000-09-30
prepayment_penalty_flag,2.916205086052551e-6,stable,4,2,2000Q3,2000-09-30
amortization_type,0.0,stable,3,2,2000Q3,2000-09-30
super_conforming_flag,0.0,stable,3,2,2000Q3,2000-09-30
harp_indicator,0.0,stable,3,2,2000Q3,2000-09-30
interest_only_flag,0.0,stable,3,2,2000Q3,2000-09-30
current_deferred_upb,0.0,stable,3,2,2000Q3,2000-09-30
loan_age,3.396730541048772,significant,11,4,2000Q4,2000-12-31
original_interest_rate,2.7938380867749624,significant,11,1,2000Q4,2000-12-31
remaining_months_to_legal_maturity,0.8059225429613319,significant,11,1,2000Q4,2000-12-31
loan_purpose,0.23774537714718247,moderate,5,1,2000Q4,2000-12-31
original_loan_term,0.06235274629032815,stable,4,2,2000Q4,2000-12-31
original_upb,0.04784887732622069,stable,11,1,2000Q4,2000-12-31
mi_percentage,0.0422697186964904,stable,4,0,2000Q4,2000-12-31
first_time_homebuyer_flag,0.039910911354668836,stable,4,1,2000Q4,2000-12-31
original_ltv,0.03950446902723864,stable,10,0,2000Q4,2000-12-31
current_actual_upb,0.03582130657242822,stable,11,1,2000Q4,2000-12-31
credit_score,0.03355284300623341,stable,11,0,2000Q4,2000-12-31
original_cltv,0.027955427189372835,stable,11,0,2000Q4,2000-12-31
original_dti,0.014773953339739463,stable,11,0,2000Q4,2000-12-31
property_state,0.012280749313758148,stable,56,3,2000Q4,2000-12-31
property_type,0.005524036683828199,stable,7,1,2000Q4,2000-12-31
number_of_borrowers,0.0007008282118812956,stable,4,1,2000Q4,2000-12-31
channel,0.00033972472548714444,stable,6,1,2000Q4,2000-12-31
occupancy_status,0.00019267828477180163,stable,5,2,2000Q4,2000-12-31
current_loan_delinquency_status,0.00011539733700277705,stable,5,2,2000Q4,2000-12-31
prepayment_penalty_flag,0.00009507458963317011,stable,4,2,2000Q4,2000-12-31
modification_flag,0.00008931486228292908,stable,4,3,2000Q4,2000-12-31
number_of_units,0.00003950100904005531,stable,3,0,2000Q4,2000-12-31
amortization_type,0.0,stable,3,2,2000Q4,2000-12-31
super_conforming_flag,0.0,stable,3,2,2000Q4,2000-12-31
harp_indicator,0.0,stable,3,2,2000Q4,2000-12-31
interest_only_flag,0.0,stable,3,2,2000Q4,2000-12-31
current_deferred_upb,0.0,stable,3,2,2000Q4,2000-12-31
loan_age,2.819201996126866,significant,11,3,2001Q1,2001-03-31
original_interest_rate,2.695245760460697,significant,11,1,2001Q1,2001-03-31
remaining_months_to_legal_maturity,0.7265278351754298,significant,11,1,2001Q1,2001-03-31
loan_purpose,0.20344466718741083,moderate,5,1,2001Q1,2001-03-31
original_loan_term,0.05619882380686471,stable,4,2,2001Q1,2001-03-31
original_upb,0.0391129421044947,stable,11,1,2001Q1,2001-03-31
mi_percentage,0.03698077652396203,stable,4,0,2001Q1,2001-03-31
original_ltv,0.036458541128218946,stable,10,0,2001Q1,2001-03-31
first_time_homebuyer_flag,0.0351936619498897,stable,4,1,2001Q1,2001-03-31
current_actual_upb,0.030041414024668294,stable,11,1,2001Q1,2001-03-31
credit_score,0.029419334190987606,stable,11,0,2001Q1,2001-03-31
original_cltv,0.02605778994054334,stable,11,0,2001Q1,2001-03-31
original_dti,0.013484233923837645,stable,11,0,2001Q1,2001-03-31
property_state,0.01039322737979839,stable,56,3,2001Q1,2001-03-31
property_type,0.005501475575638212,stable,7,1,2001Q1,2001-03-31
occupancy_status,0.00038307979481775635,stable,5,2,2001Q1,2001-03-31
channel,0.0003774238476409111,stable,6,1,2001Q1,2001-03-31
number_of_borrowers,0.00033654106190630266,stable,4,1,2001Q1,2001-03-31
prepayment_penalty_flag,0.00019078958725835747,stable,4,2,2001Q1,2001-03-31
modification_flag,0.00008931486228292908,stable,4,3,2001Q1,2001-03-31
number_of_units,0.00005725092254961508,stable,3,0,2001Q1,2001-03-31
current_loan_delinquency_status,0.00004116962121901978,stable,5,2,2001Q1,2001-03-31
amortization_type,0.0,stable,3,2,2001Q1,2001-03-31
super_conforming_flag,0.0,stable,3,2,2001Q1,2001-03-31
harp_indicator,0.0,stable,3,2,2001Q1,2001-03-31
interest_only_flag,0.0,stable,3,2,2001Q1,2001-03-31
current_deferred_upb,0.0,stable,3,2,2001Q1,2001-03-31
original_interest_rate,2.398500028685287,significant,11,1,2001Q2,2001-06-30
loan_age,2.381752607186465,significant,11,3,2001Q2,2001-06-30
remaining_months_to_legal_maturity,0.6984726852442883,significant,11,1,2001Q2,2001-06-30
loan_purpose,0.1288976778268154,moderate,5,1,2001Q2,2001-06-30
original_loan_term,0.039558257970442295,stable,4,2,2001Q2,2001-06-30
original_upb,0.029724047604117506,stable,11,1,2001Q2,2001-06-30
original_ltv,0.027569040117273805,stable,10,0,2001Q2,2001-06-30
mi_percentage,0.026066053887651933,stable,4,0,2001Q2,2001-06-30
first_time_homebuyer_flag,0.024572477680254598,stable,4,1,2001Q2,2001-06-30
credit_score,0.023455740530246544,stable,11,0,2001Q2,2001-06-30
current_actual_upb,0.023349014492011554,stable,11,1,2001Q2,2001-06-30
original_cltv,0.019695991542312906,stable,11,0,2001Q2,2001-06-30
original_dti,0.011871949840352709,stable,11,0,2001Q2,2001-06-30
property_state,0.00836617173220882,stable,56,3,2001Q2,2001-06-30
property_type,0.004225225642758363,stable,7,1,2001Q2,2001-06-30
number_of_borrowers,0.0005080296286614816,stable,4,1,2001Q2,2001-06-30
prepayment_penalty_flag,0.0003167386358851434,stable,4,2,2001Q2,2001-06-30
current_loan_delinquency_status,0.00029197145064261136,stable,5,2,2001Q2,2001-06-30
channel,0.00026571630389809553,stable,6,1,2001Q2,2001-06-30
occupancy_status,0.0002527449792730043,stable,5,2,2001Q2,2001-06-30
modification_flag,0.00008931486228292908,stable,4,3,2001Q2,2001-06-30
number_of_units,0.000040534391953464593,stable,3,0,2001Q2,2001-06-30
amortization_type,0.0,stable,3,2,2001Q2,2001-06-30
super_conforming_flag,0.0,stable,3,2,2001Q2,2001-06-30
harp_indicator,0.0,stable,3,2,2001Q2,2001-06-30
interest_only_flag,0.0,stable,3,2,2001Q2,2001-06-30
current_deferred_upb,0.0,stable,3,2,2001Q2,2001-06-30
original_interest_rate,2.3117075162996454,significant,11,1,2001Q3,2001-09-30
loan_age,1.7078014502046213,significant,11,2,2001Q3,2001-09-30
remaining_months_to_legal_maturity,0.41504767138271925,significant,11,1,2001Q3,2001-09-30
loan_purpose,0.09721374257340833,stable,5,1,2001Q3,2001-09-30
original_loan_term,0.031454015345780253,stable,4,2,2001Q3,2001-09-30
original_ltv,0.024550873864344604,stable,10,0,2001Q3,2001-09-30
original_upb,0.022140532586982897,stable,11,1,2001Q3,2001-09-30
mi_percentage,0.020237693146213293,stable,4,0,2001Q3,2001-09-30
first_time_homebuyer_flag,0.019275164782788685,stable,4,1,2001Q3,2001-09-30
credit_score,0.019037569900868058,stable,11,0,2001Q3,2001-09-30
original_cltv,0.01807183863342668,stable,11,0,2001Q3,2001-09-30
current_actual_upb,0.01749735958243127,stable,11,1,2001Q3,2001-09-30
original_dti,0.010573119653355147,stable,11,0,2001Q3,2001-09-30
property_state,0.006532327976898318,stable,56,3,2001Q3,2001-09-30
property_type,0.003691289828928983,stable,7,1,2001Q3,2001-09-30
current_loan_delinquency_status,0.0013346029538834582,stable,5,2,2001Q3,2001-09-30
number_of_borrowers,0.0006748320365915228,stable,4,1,2001Q3,2001-09-30
prepayment_penalty_flag,0.00042073474569789886,stable,4,2,2001Q3,2001-09-30
occupancy_status,0.00033058739305840947,stable,5,2,2001Q3,2001-09-30
channel,0.0002986720584593382,stable,6,1,2001Q3,2001-09-30
modification_flag,0.00008931486228292908,stable,4,3,2001Q3,2001-09-30
number_of_units,0.00005051963009200578,stable,3,0,2001Q3,2001-09-30
amortization_type,0.0,stable,3,2,2001Q3,2001-09-30
super_conforming_flag,0.0,stable,3,2,2001Q3,2001-09-30
harp_indicator,0.0,stable,3,2,2001Q3,2001-09-30
interest_only_flag,0.0,stable,3,2,2001Q3,2001-09-30
current_deferred_upb,0.0,stable,3,2,2001Q3,2001-09-30
original_interest_rate,1.8941173645549694,significant,11,1,2001Q4,2001-12-31
loan_age,1.1575449952869068,significant,11,2,2001Q4,2001-12-31
remaining_months_to_legal_maturity,0.10219560244483285,moderate,11,1,2001Q4,2001-12-31
loan_purpose,0.0501431198820414,stable,5,1,2001Q4,2001-12-31
original_upb,0.0190316733778024,stable,11,1,2001Q4,2001-12-31
original_ltv,0.01774193704633359,stable,10,0,2001Q4,2001-12-31
original_loan_term,0.017355277908378354,stable,4,2,2001Q4,2001-12-31
credit_score,0.01485816710454958,stable,11,0,2001Q4,2001-12-31
current_actual_upb,0.01420528619137899,stable,11,1,2001Q4,2001-12-31
mi_percentage,0.01310560133122474,stable,4,0,2001Q4,2001-12-31
original_cltv,0.012636651100657306,stable,11,0,2001Q4,2001-12-31
first_time_homebuyer_flag,0.011483760942017831,stable,4,1,2001Q4,2001-12-31
original_dti,0.00910137504444957,stable,11,0,2001Q4,2001-12-31
property_state,0.004834998876357276,stable,56,3,2001Q4,2001-12-31
property_type,0.0027463200287245375,stable,7,1,2001Q4,2001-12-31
current_loan_delinquency_status,0.0019297183583397194,stable,5,2,2001Q4,2001-12-31
number_of_borrowers,0.0005749305795280479,stable,4,1,2001Q4,2001-12-31
channel,0.0005521242953274986,stable,6,1,2001Q4,2001-12-31
prepayment_penalty_flag,0.0005320753667690805,stable,4,2,2001Q4,2001-12-31
occupancy_status,0.0004764974701022042,stable,5,2,2001Q4,2001-12-31
number_of_units,0.00012937218799949872,stable,3,0,2001Q4,2001-12-31
modification_flag,0.00008931486228292908,stable,4,3,2001Q4,2001-12-31
amortization_type,0.0,stable,3,2,2001Q4,2001-12-31
super_conforming_flag,0.0,stable,3,2,2001Q4,2001-12-31
harp_indicator,0.0,stable,3,2,2001Q4,2001-12-31
interest_only_flag,0.0,stable,3,2,2001Q4,2001-12-31
current_deferred_upb,0.0,stable,3,2,2001Q4,2001-12-31
original_interest_rate,1.603940103560439,significant,11,1,2002Q1,2002-03-31
loan_age,1.151723494968194,significant,11,2,2002Q1,2002-03-31
remaining_months_to_legal_maturity,0.04755379152847796,stable,11,1,2002Q1,2002-03-31
loan_purpose,0.01901231751985633,stable,5,1,2002Q1,2002-03-31
original_upb,0.01425951743532429,stable,11,1,2002Q1,2002-03-31
credit_score,0.01138853269591224,stable,11,0,2002Q1,2002-03-31
original_ltv,0.01121843462757304,stable,10,0,2002Q1,2002-03-31
current_actual_upb,0.010758063839826408,stable,11,1,2002Q1,2002-03-31
original_cltv,0.007679333949231292,stable,11,0,2002Q1,2002-03-31
mi_percentage,0.007492551933882567,stable,4,0,2002Q1,2002-03-31
original_dti,0.006962551791627605,stable,11,0,2002Q1,2002-03-31
original_loan_term,0.006587517215122127,stable,4,2,2002Q1,2002-03-31
first_time_homebuyer_flag,0.005095681458924927,stable,4,1,2002Q1,2002-03-31
property_state,0.004013975156357973,stable,56,3,2002Q1,2002-03-31
property_type,0.002312936308866402,stable,7,1,2002Q1,2002-03-31
number_of_borrowers,0.0008408733163050499,stable,4,1,2002Q1,2002-03-31
prepayment_penalty_flag,0.0007691995362816656,stable,4,2,2002Q1,2002-03-31
channel,0.0006063070039147077,stable,6,1,2002Q1,2002-03-31
occupancy_status,0.00038404374927604603,stable,5,2,2002Q1,2002-03-31
current_loan_delinquency_status,0.00024116812481643146,stable,5,2,2002Q1,2002-03-31
number_of_units,0.00013478318908293263,stable,3,0,2002Q1,2002-03-31
modification_flag,0.00008931486228292908,stable,4,3,2002Q1,2002-03-31
amortization_type,0.0,stable,3,2,2002Q1,2002-03-31
super_conforming_flag,0.0,stable,3,2,2002Q1,2002-03-31
harp_indicator,0.0,stable,3,2,2002Q1,2002-03-31
interest_only_flag,0.0,stable,3,2,2002Q1,2002-03-31
current_deferred_upb,0.0,stable,3,2,2002Q1,2002-03-31
original_interest_rate,1.5670851334665754,significant,11,1,2002Q2,2002-06-30
loan_age,1.1822639274154005,significant,11,2,2002Q2,2002-06-30
remaining_months_to_legal_maturity,0.06024183907272902,stable,11,1,2002Q2,2002-06-30
loan_purpose,0.011971637332976745,stable,5,1,2002Q2,2002-06-30
credit_score,0.01022312356696623,stable,11,0,2002Q2,2002-06-30
original_upb,0.009283948731674131,stable,11,1,2002Q2,2002-06-30
original_ltv,0.009210856618932109,stable,10,0,2002Q2,2002-06-30
current_actual_upb,0.007005841852872773,stable,11,1,2002Q2,2002-06-30
original_cltv,0.006548882238610545,stable,11,0,2002Q2,2002-06-30
mi_percentage,0.00516663445494524,stable,4,0,2002Q2,2002-06-30
original_dti,0.005109570126676426,stable,11,0,2002Q2,2002-06-30
original_loan_term,0.003779412632109306,stable,4,2,2002Q2,2002-06-30
first_time_homebuyer_flag,0.003542748473758052,stable,4,1,2002Q2,2002-06-30
property_state,0.003503770930741227,stable,56,3,2002Q2,2002-06-30
property_type,0.0017346332860036034,stable,7,1,2002Q2,2002-06-30
channel,0.0011435948397673814,stable,6,1,2002Q2,2002-06-30
prepayment_penalty_flag,0.0010225294746444501,stable,4,2,2002Q2,2002-06-30
number_of_borrowers,0.000759288428770359,stable,4,1,2002Q2,2002-06-30
occupancy_status,0.00037713409533712534,stable,5,2,2002Q2,2002-06-30
current_loan_delinquency_status,0.00024469581022032883,stable,5,2,2002Q2,2002-06-30
number_of_units,0.00017646726106805398,stable,3,0,2002Q2,2002-06-30
modification_flag,0.000014677873870342613,stable,4,2,2002Q2,2002-06-30
amortization_type,0.0,stable,3,2,2002Q2,2002-06-30
super_conforming_flag,0.0,stable,3,2,2002Q2,2002-06-30
harp_indicator,0.0,stable,3,2,2002Q2,2002-06-30
interest_only_flag,0.0,stable,3,2,2002Q2,2002-06-30
current_deferred_upb,0.0,stable,3,2,2002Q2,2002-06-30
original_interest_rate,1.2912630313797786,significant,11,1,2002Q3,2002-09-30
loan_age,0.18929655314017013,moderate,11,1,2002Q3,2002-09-30
remaining_months_to_legal_maturity,0.05113996562958332,stable,11,1,2002Q3,2002-09-30
credit_score,0.008273055919227178,stable,11,0,2002Q3,2002-09-30
original_upb,0.007655407559370483,stable,11,1,2002Q3,2002-09-30
original_ltv,0.0066985276446972645,stable,10,0,2002Q3,2002-09-30
current_actual_upb,0.0057676537876736635,stable,11,1,2002Q3,2002-09-30
loan_purpose,0.0054833770445598335,stable,5,1,2002Q3,2002-09-30
original_cltv,0.005038236717406352,stable,11,0,2002Q3,2002-09-30
original_dti,0.00413916686837322,stable,11,0,2002Q3,2002-09-30
property_state,0.0032769162628033225,stable,56,3,2002Q3,2002-09-30
mi_percentage,0.0031196720681391154,stable,4,0,2002Q3,2002-09-30
first_time_homebuyer_flag,0.0019463084534950533,stable,4,1,2002Q3,2002-09-30
original_loan_term,0.0016021685548610306,stable,4,2,2002Q3,2002-09-30
property_type,0.0015487802966677807,stable,7,1,2002Q3,2002-09-30
channel,0.0013036343683061739,stable,6,1,2002Q3,2002-09-30
prepayment_penalty_flag,0.0010645196224900405,stable,4,2,2002Q3,2002-09-30
number_of_borrowers,0.0005945348739790763,stable,4,1,2002Q3,2002-09-30
occupancy_status,0.0005724496206838419,stable,5,2,2002Q3,2002-09-30
current_loan_delinquency_status,0.000444009141515467,stable,5,2,2002Q3,2002-09-30
number_of_units,0.0001697660128965274,stable,3,0,2002Q3,2002-09-30
modification_flag,1.0916089208906418e-6,stable,4,2,2002Q3,2002-09-30
amortization_type,0.0,stable,3,2,2002Q3,2002-09-30
super_conforming_flag,0.0,stable,3,2,2002Q3,2002-09-30
harp_indicator,0.0,stable,3,2,2002Q3,2002-09-30
interest_only_flag,0.0,stable,3,2,2002Q3,2002-09-30
current_deferred_upb,0.0,stable,3,2,2002Q3,2002-09-30
original_interest_rate,0.5948961791976964,significant,11,1,2002Q4,2002-12-31
remaining_months_to_legal_maturity,0.04539911885323598,stable,11,1,2002Q4,2002-12-31
loan_age,0.03318067297470541,stable,11,1,2002Q4,2002-12-31
original_upb,0.008348174526464828,stable,11,1,2002Q4,2002-12-31
current_actual_upb,0.006090080429329264,stable,11,1,2002Q4,2002-12-31
credit_score,0.004320180619705458,stable,11,0,2002Q4,2002-12-31
original_dti,0.0031031794717153813,stable,11,0,2002Q4,2002-12-31
property_state,0.003048477472156909,stable,56,3,2002Q4,2002-12-31
original_ltv,0.00250363553948767,stable,10,0,2002Q4,2002-12-31
property_type,0.0020512421171733465,stable,7,1,2002Q4,2002-12-31
current_loan_delinquency_status,0.0019888675926708465,stable,5,2,2002Q4,2002-12-31
original_cltv,0.0018497672712326466,stable,11,0,2002Q4,2002-12-31
mi_percentage,0.0009112373245655657,stable,4,0,2002Q4,2002-12-31
prepayment_penalty_flag,0.0008584006979024671,stable,4,2,2002Q4,2002-12-31
channel,0.0008391531250444158,stable,6,1,2002Q4,2002-12-31
original_loan_term,0.0005509707700392835,stable,4,2,2002Q4,2002-12-31
number_of_borrowers,0.0005179112857980418,stable,4,1,2002Q4,2002-12-31
occupancy_status,0.0004966835195520584,stable,5,2,2002Q4,2002-12-31
loan_purpose,0.00021139664851573328,stable,5,1,2002Q4,2002-12-31
first_time_homebuyer_flag,0.00017339886178209705,stable,4,1,2002Q4,2002-12-31
number_of_units,0.00009878300339497533,stable,3,0,2002Q4,2002-12-31
modification_flag,1.549802314483713e-6,stable,4,2,2002Q4,2002-12-31
amortization_type,0.0,stable,3,2,2002Q4,2002-12-31
super_conforming_flag,0.0,stable,3,2,2002Q4,2002-12-31
harp_indicator,0.0,stable,3,2,2002Q4,2002-12-31
interest_only_flag,0.0,stable,3,2,2002Q4,2002-12-31
current_deferred_upb,0.0,stable,3,2,2002Q4,2002-12-31
original_interest_rate,0.29590081110183614,significant,11,1,2003Q1,2003-03-31
remaining_months_to_legal_maturity,0.052738943453492504,stable,11,1,2003Q1,2003-03-31
loan_age,0.03175778264992034,stable,11,1,2003Q1,2003-03-31
original_upb,0.011140437102973383,stable,11,1,2003Q1,2003-03-31
current_actual_upb,0.008798763499838718,stable,11,1,2003Q1,2003-03-31
loan_purpose,0.008207481134094715,stable,5,1,2003Q1,2003-03-31
original_loan_term,0.0058813930581307905,stable,4,2,2003Q1,2003-03-31
property_type,0.0030451385030342373,stable,7,1,2003Q1,2003-03-31
original_dti,0.0029976522821965035,stable,11,0,2003Q1,2003-03-31
credit_score,0.0027305664675874148,stable,11,0,2003Q1,2003-03-31
prepayment_penalty_flag,0.00242499729917936,stable,4,2,2003Q1,2003-03-31
property_state,0.002177818769531638,stable,56,3,2003Q1,2003-03-31
original_ltv,0.001443869781003038,stable,10,0,2003Q1,2003-03-31
original_cltv,0.0010815010531647611,stable,11,0,2003Q1,2003-03-31
occupancy_status,0.0007753723695765304,stable,5,2,2003Q1,2003-03-31
first_time_homebuyer_flag,0.0006503976643696602,stable,4,1,2003Q1,2003-03-31
channel,0.00039649907781563845,stable,6,1,2003Q1,2003-03-31
current_loan_delinquency_status,0.00029573427267112073,stable,5,2,2003Q1,2003-03-31
number_of_borrowers,0.00025685168258809997,stable,4,1,2003Q1,2003-03-31
mi_percentage,0.00008932885917206166,stable,4,0,2003Q1,2003-03-31
number_of_units,0.00005844815888831805,stable,3,0,2003Q1,2003-03-31
modification_flag,0.000027756815302967774,stable,4,1,2003Q1,2003-03-31
amortization_type,0.0,stable,3,2,2003Q1,2003-03-31
super_conforming_flag,0.0,stable,3,2,2003Q1,2003-03-31
harp_indicator,0.0,stable,3,2,2003Q1,2003-03-31
interest_only_flag,0.0,stable,3,2,2003Q1,2003-03-31
current_deferred_upb,0.0,stable,3,2,2003Q1,2003-03-31
original_interest_rate,0.08636700210362702,stable,11,1,2003Q2,2003-06-30
remaining_months_to_legal_maturity,0.05601527042728201,stable,11,1,2003Q2,2003-06-30
loan_age,0.03527693003317803,stable,11,1,2003Q2,2003-06-30
loan_purpose,0.029581122272892175,stable,5,1,2003Q2,2003-06-30
original_loan_term,0.017855866987799163,stable,4,2,2003Q2,2003-06-30
original_upb,0.017050649620187906,stable,11,1,2003Q2,2003-06-30
current_actual_upb,0.01406923418553048,stable,11,1,2003Q2,2003-06-30
original_dti,0.005639427215645852,stable,11,0,2003Q2,2003-06-30
property_type,0.0036438763291945773,stable,7,1,2003Q2,2003-06-30
original_ltv,0.0034929187415046505,stable,10,0,2003Q2,2003-06-30
first_time_homebuyer_flag,0.003019986061736737,stable,4,1,2003Q2,2003-06-30
original_cltv,0.003016658733976406,stable,11,0,2003Q2,2003-06-30
prepayment_penalty_flag,0.002965275761522903,stable,4,2,2003Q2,2003-06-30
property_state,0.0020426819816439174,stable,56,3,2003Q2,2003-06-30
credit_score,0.0013012895807679309,stable,11,0,2003Q2,2003-06-30
occupancy_status,0.0008253895002180078,stable,5,2,2003Q2,2003-06-30
current_loan_delinquency_status,0.0008149482336170456,stable,5,2,2003Q2,2003-06-30
channel,0.00044292665755211617,stable,6,1,2003Q2,2003-06-30
number_of_borrowers,0.00013935747398032125,stable,4,1,2003Q2,2003-06-30
mi_percentage,0.0001291016088147157,stable,4,0,2003Q2,2003-06-30
number_of_units,0.000023029218348612726,stable,3,0,2003Q2,2003-06-30
modification_flag,3.231056099227699e-6,stable,4,2,2003Q2,2003-06-30
amortization_type,0.0,stable,3,2,2003Q2,2003-06-30
super_conforming_flag,0.0,stable,3,2,2003Q2,2003-06-30
harp_indicator,0.0,stable,3,2,2003Q2,2003-06-30
interest_only_flag,0.0,stable,3,2,2003Q2,2003-06-30
current_deferred_upb,0.0,stable,3,2,2003Q2,2003-06-30
remaining_months_to_legal_maturity,0.06959744069516148,stable,11,1,2003Q3,2003-09-30
loan_purpose,0.06435414923778272,stable,5,1,2003Q3,2003-09-30
loan_age,0.0538233610500876,stable,11,1,2003Q3,2003-09-30
original_interest_rate,0.04951387697166154,stable,11,1,2003Q3,2003-09-30
original_loan_term,0.03288867438250711,stable,4,2,2003Q3,2003-09-30
original_upb,0.015060394419474807,stable,11,1,2003Q3,2003-09-30
current_actual_upb,0.012276518958163517,stable,11,1,2003Q3,2003-09-30
original_dti,0.010164539681442873,stable,11,0,2003Q3,2003-09-30
original_ltv,0.008844183993447427,stable,10,0,2003Q3,2003-09-30
original_cltv,0.00824451071204417,stable,11,0,2003Q3,2003-09-30
first_time_homebuyer_flag,0.007830282903151952,stable,4,1,2003Q3,2003-09-30
property_type,0.003802677395555546,stable,7,1,2003Q3,2003-09-30
prepayment_penalty_flag,0.002294039005132951,stable,4,2,2003Q3,2003-09-30
property_state,0.0022776047968811513,stable,56,3,2003Q3,2003-09-30
channel,0.0015778941932112218,stable,6,1,2003Q3,2003-09-30
credit_score,0.0012132665097559865,stable,11,0,2003Q3,2003-09-30
mi_percentage,0.0011157320995735997,stable,4,0,2003Q3,2003-09-30
occupancy_status,0.0010497321595906183,stable,5,2,2003Q3,2003-09-30
current_loan_delinquency_status,0.0008780819397674897,stable,5,2,2003Q3,2003-09-30
number_of_borrowers,0.0001754858200042037,stable,4,1,2003Q3,2003-09-30
number_of_units,4.081405633599382e-6,stable,3,0,2003Q3,2003-09-30
modification_flag,6.964554971890154e-8,stable,4,2,2003Q3,2003-09-30
amortization_type,0.0,stable,3,2,2003Q3,2003-09-30
super_conforming_flag,0.0,stable,3,2,2003Q3,2003-09-30
harp_indicator,0.0,stable,3,2,2003Q3,2003-09-30
interest_only_flag,0.0,stable,3,2,2003Q3,2003-09-30
current_deferred_upb,0.0,stable,3,2,2003Q3,2003-09-30
original_interest_rate,0.09397356658712752,stable,11,1,2003Q4,2003-12-31
remaining_months_to_legal_maturity,0.08467487598132772,stable,11,1,2003Q4,2003-12-31
loan_purpose,0.06865141595532957,stable,5,1,2003Q4,2003-12-31
loan_age,0.045757123735002916,stable,11,1,2003Q4,2003-12-31
original_loan_term,0.03475248374657759,stable,4,2,2003Q4,2003-12-31
original_dti,0.01007913745013533,stable,11,0,2003Q4,2003-12-31
original_ltv,0.010070790927527641,stable,10,0,2003Q4,2003-12-31
first_time_homebuyer_flag,0.009691536276438196,stable,4,1,2003Q4,2003-12-31
original_cltv,0.009548958448810263,stable,11,0,2003Q4,2003-12-31
original_upb,0.009388084208678352,stable,11,1,2003Q4,2003-12-31
current_actual_upb,0.008072011492444745,stable,11,1,2003Q4,2003-12-31
property_type,0.0029867751233014113,stable,7,1,2003Q4,2003-12-31
property_state,0.002284162762908844,stable,56,3,2003Q4,2003-12-31
mi_percentage,0.002156185098202839,stable,4,0,2003Q4,2003-12-31
channel,0.0018414336414525527,stable,6,1,2003Q4,2003-12-31
credit_score,0.0017987470084226448,stable,11,0,2003Q4,2003-12-31
prepayment_penalty_flag,0.0014807046260013684,stable,4,2,2003Q4,2003-12-31
occupancy_status,0.0007180061575880614,stable,5,2,2003Q4,2003-12-31
current_loan_delinquency_status,0.000662689564796801,stable,5,2,2003Q4,2003-12-31
number_of_borrowers,0.00012767157352559728,stable,4,1,2003Q4,2003-12-31
number_of_units,7.077405609167271e-6,stable,3,0,2003Q4,2003-12-31
modification_flag,3.1416913372068604e-6,stable,4,2,2003Q4,2003-12-31
amortization_type,0.0,stable,3,2,2003Q4,2003-12-31
super_conforming_flag,0.0,stable,3,2,2003Q4,2003-12-31
harp_indicator,0.0,stable,3,2,2003Q4,2003-12-31
interest_only_flag,0.0,stable,3,2,2003Q4,2003-12-31
current_deferred_upb,0.0,stable,3,2,2003Q4,2003-12-31
original_interest_rate,0.15603499083892763,moderate,11,1,2004Q1,2004-03-31
loan_purpose,0.0708580165818101,stable,5,1,2004Q1,2004-03-31
remaining_months_to_legal_maturity,0.06946144527843223,stable,11,1,2004Q1,2004-03-31
original_loan_term,0.03588941025426357,stable,4,2,2004Q1,2004-03-31
loan_age,0.029539335113044657,stable,11,1,2004Q1,2004-03-31
original_ltv,0.011224277484897039,stable,10,0,2004Q1,2004-03-31
first_time_homebuyer_flag,0.01118753201223071,stable,4,1,2004Q1,2004-03-31
original_cltv,0.010358238604027558,stable,11,0,2004Q1,2004-03-31
original_dti,0.00903610544087822,stable,11,0,2004Q1,2004-03-31
original_upb,0.005686768964526761,stable,11,1,2004Q1,2004-03-31
current_actual_upb,0.0053539702234075,stable,11,1,2004Q1,2004-03-31
mi_percentage,0.0031047275262154916,stable,4,0,2004Q1,2004-03-31
channel,0.0022379356091678463,stable,6,1,2004Q1,2004-03-31
property_state,0.002212864751413823,stable,56,3,2004Q1,2004-03-31
credit_score,0.0021604861319572195,stable,11,0,2004Q1,2004-03-31
property_type,0.0019324459989003946,stable,7,1,2004Q1,2004-03-31
prepayment_penalty_flag,0.0009932326265397592,stable,4,2,2004Q1,2004-03-31
occupancy_status,0.0005149374822276381,stable,5,2,2004Q1,2004-03-31
current_loan_delinquency_status,0.00014673982149968968,stable,5,2,2004Q1,2004-03-31
number_of_borrowers,0.000035663609871210676,stable,4,1,2004Q1,2004-03-31
number_of_units,0.000022848085880085035,stable,3,0,2004Q1,2004-03-31
modification_flag,0.000011444764919762866,stable,4,2,2004Q1,2004-03-31
amortization_type,0.0,stable,3,2,2004Q1,2004-03-31
super_conforming_flag,0.0,stable,3,2,2004Q1,2004-03-31
harp_indicator,0.0,stable,3,2,2004Q1,2004-03-31
interest_only_flag,0.0,stable,3,2,2004Q1,2004-03-31
current_deferred_upb,0.0,stable,3,2,2004Q1,2004-03-31
original_interest_rate,0.2680981617971081,significant,11,1,2004Q2,2004-06-30
loan_purpose,0.074007224675178,stable,5,1,2004Q2,2004-06-30
remaining_months_to_legal_maturity,0.05490419456905979,stable,11,1,2004Q2,2004-06-30
original_loan_term,0.034081268813135855,stable,4,2,2004Q2,2004-06-30
loan_age,0.026762104151793913,stable,11,1,2004Q2,2004-06-30
first_time_homebuyer_flag,0.012763542357397663,stable,4,1,2004Q2,2004-06-30
original_ltv,0.01220942898098673,stable,10,0,2004Q2,2004-06-30
original_cltv,0.011152134080329909,stable,11,0,2004Q2,2004-06-30
original_dti,0.008349731897158133,stable,11,0,2004Q2,2004-06-30
mi_percentage,0.004840718450223076,stable,4,0,2004Q2,2004-06-30
credit_score,0.0034742518578819034,stable,11,0,2004Q2,2004-06-30
property_state,0.0019496866357239413,stable,56,3,2004Q2,2004-06-30
channel,0.0019149423167268104,stable,6,1,2004Q2,2004-06-30
current_actual_upb,0.0018588464238883944,stable,11,1,2004Q2,2004-06-30
original_upb,0.0016187416122702576,stable,11,1,2004Q2,2004-06-30
property_type,0.001287773236306097,stable,7,1,2004Q2,2004-06-30
prepayment_penalty_flag,0.00040054004946321186,stable,4,2,2004Q2,2004-06-30
occupancy_status,0.00033130602330505875,stable,5,2,2004Q2,2004-06-30
number_of_borrowers,0.0002016418898308765,stable,4,1,2004Q2,2004-06-30
number_of_units,0.000025758929542666773,stable,3,0,2004Q2,2004-06-30
modification_flag,8.82455848133572e-6,stable,4,2,2004Q2,2004-06-30
current_loan_delinquency_status,6.883021359827284e-6,stable,5,2,2004Q2,2004-06-30
amortization_type,0.0,stable,3,2,2004Q2,2004-06-30
super_conforming_flag,0.0,stable,3,2,2004Q2,2004-06-30
harp_indicator,0.0,stable,3,2,2004Q2,2004-06-30
interest_only_flag,0.0,stable,3,2,2004Q2,2004-06-30
current_deferred_upb,0.0,stable,3,2,2004Q2,2004-06-30
original_interest_rate,0.31347617012114726,significant,11,1,2004Q3,2004-09-30
loan_purpose,0.049804003097485686,stable,5,1,2004Q3,2004-09-30
remaining_months_to_legal_maturity,0.04679740537129521,stable,11,1,2004Q3,2004-09-30
original_loan_term,0.02578665500286169,stable,4,2,2004Q3,2004-09-30
loan_age,0.02394023814200322,stable,11,1,2004Q3,2004-09-30
first_time_homebuyer_flag,0.010238416929582293,stable,4,1,2004Q3,2004-09-30
original_ltv,0.00940326492674348,stable,10,0,2004Q3,2004-09-30
original_cltv,0.008016264502457652,stable,11,0,2004Q3,2004-09-30
original_dti,0.006051686183125605,stable,11,0,2004Q3,2004-09-30
mi_percentage,0.005176184191187136,stable,4,0,2004Q3,2004-09-30
credit_score,0.0038602713679830496,stable,11,0,2004Q3,2004-09-30
property_state,0.0025152406971114256,stable,56,3,2004Q3,2004-09-30
channel,0.0018348845812533566,stable,6,1,2004Q3,2004-09-30
current_actual_upb,0.0011232926131764466,stable,11,1,2004Q3,2004-09-30
property_type,0.0008287703155133263,stable,7,1,2004Q3,2004-09-30
original_upb,0.000672313166264179,stable,11,1,2004Q3,2004-09-30
occupancy_status,0.00022936319442431498,stable,5,2,2004Q3,2004-09-30
prepayment_penalty_flag,0.00015192591562263023,stable,4,2,2004Q3,2004-09-30
number_of_borrowers,0.00013126664255146662,stable,4,1,2004Q3,2004-09-30
current_loan_delinquency_status,0.00002928179583752184,stable,5,2,2004Q3,2004-09-30
number_of_units,0.000014095140849768916,stable,3,0,2004Q3,2004-09-30
modification_flag,6.8755985476011475e-6,stable,4,2,2004Q3,2004-09-30
amortization_type,0.0,stable,3,2,2004Q3,2004-09-30
super_conforming_flag,0.0,stable,3,2,2004Q3,2004-09-30
harp_indicator,0.0,stable,3,2,2004Q3,2004-09-30
interest_only_flag,0.0,stable,3,2,2004Q3,2004-09-30
current_deferred_upb,0.0,stable,3,2,2004Q3,2004-09-30
original_interest_rate,0.38775439719298826,significant,11,1,2004Q4,2004-12-31
remaining_months_to_legal_maturity,0.040981988068750606,stable,11,1,2004Q4,2004-12-31
loan_purpose,0.03619217327835632,stable,5,1,2004Q4,2004-12-31
loan_age,0.030935447549541164,stable,11,1,2004Q4,2004-12-31
original_loan_term,0.017463917047867997,stable,4,2,2004Q4,2004-12-31
first_time_homebuyer_flag,0.00917453345694064,stable,4,1,2004Q4,2004-12-31
original_ltv,0.007400463833006234,stable,10,0,2004Q4,2004-12-31
original_cltv,0.005648930375371324,stable,11,0,2004Q4,2004-12-31
mi_percentage,0.005566325297065119,stable,4,0,2004Q4,2004-12-31
original_dti,0.004446818225946788,stable,11,0,2004Q4,2004-12-31
credit_score,0.004180191893400137,stable,11,0,2004Q4,2004-12-31
property_state,0.002837099572161235,stable,56,3,2004Q4,2004-12-31
current_actual_upb,0.0014424447611511115,stable,11,1,2004Q4,2004-12-31
original_upb,0.0013034157882219942,stable,11,1,2004Q4,2004-12-31
channel,0.001027471998267654,stable,6,1,2004Q4,2004-12-31
property_type,0.0006354825172928886,stable,7,1,2004Q4,2004-12-31
number_of_borrowers,0.0002357980906058535,stable,4,1,2004Q4,2004-12-31
occupancy_status,0.0000690925860333619,stable,5,2,2004Q4,2004-12-31
current_loan_delinquency_status,0.000052310513874097976,stable,5,2,2004Q4,2004-12-31
prepayment_penalty_flag,0.00003742172552774021,stable,4,2,2004Q4,2004-12-31
modification_flag,0.000014435555369618813,stable,4,2,2004Q4,2004-12-31
number_of_units,7.295194985811394e-6,stable,3,0,2004Q4,2004-12-31
amortization_type,0.0,stable,3,2,2004Q4,2004-12-31
super_conforming_flag,0.0,stable,3,2,2004Q4,2004-12-31
harp_indicator,0.0,stable,3,2,2004Q4,2004-12-31
interest_only_flag,0.0,stable,3,2,2004Q4,2004-12-31
current_deferred_upb,0.0,stable,3,2,2004Q4,2004-12-31
original_interest_rate,0.46636746811854946,significant,11,1,2005Q1,2005-03-31
remaining_months_to_legal_maturity,0.043133556999084825,stable,11,1,2005Q1,2005-03-31
loan_age,0.03986337393742402,stable,11,1,2005Q1,2005-03-31
loan_purpose,0.03156212172834677,stable,5,1,2005Q1,2005-03-31
original_loan_term,0.012813843030732632,stable,4,2,2005Q1,2005-03-31
first_time_homebuyer_flag,0.008845731357435486,stable,4,1,2005Q1,2005-03-31
original_ltv,0.007034308788134476,stable,10,0,2005Q1,2005-03-31
mi_percentage,0.006464059867747882,stable,4,0,2005Q1,2005-03-31
credit_score,0.005162807916951922,stable,11,0,2005Q1,2005-03-31
original_cltv,0.004695231028362136,stable,11,0,2005Q1,2005-03-31
original_dti,0.003958786574090464,stable,11,0,2005Q1,2005-03-31
original_upb,0.0032275178040803913,stable,11,1,2005Q1,2005-03-31
property_state,0.0030997796883430488,stable,56,2,2005Q1,2005-03-31
current_actual_upb,0.00261244567284355,stable,11,1,2005Q1,2005-03-31
current_loan_delinquency_status,0.0013619384263500315,stable,5,2,2005Q1,2005-03-31
channel,0.0007991030991314586,stable,6,1,2005Q1,2005-03-31
property_type,0.0007015139354926866,stable,7,1,2005Q1,2005-03-31
number_of_borrowers,0.0002175560496626408,stable,4,1,2005Q1,2005-03-31
modification_flag,0.000022976917610319304,stable,4,2,2005Q1,2005-03-31
occupancy_status,0.000016213354337936192,stable,5,2,2005Q1,2005-03-31
number_of_units,0.000014819733202085883,stable,3,0,2005Q1,2005-03-31
prepayment_penalty_flag,5.998773861490165e-8,stable,4,2,2005Q1,2005-03-31
amortization_type,0.0,stable,3,2,2005Q1,2005-03-31
super_conforming_flag,0.0,stable,3,2,2005Q1,2005-03-31
harp_indicator,0.0,stable,3,2,2005Q1,2005-03-31
interest_only_flag,0.0,stable,3,2,2005Q1,2005-03-31
current_deferred_upb,0.0,stable,3,2,2005Q1,2005-03-31
original_interest_rate,0.5430590860214045,significant,11,1,2005Q2,2005-06-30
loan_age,0.048743380392966065,stable,11,1,2005Q2,2005-06-30
remaining_months_to_legal_maturity,0.04177008158128443,stable,11,1,2005Q2,2005-06-30
loan_purpose,0.023424641299498127,stable,5,1,2005Q2,2005-06-30
mi_percentage,0.0076024160245265265,stable,4,0,2005Q2,2005-06-30
original_upb,0.007596744818589586,stable,11,1,2005Q2,2005-06-30
original_ltv,0.00719835705800589,stable,10,0,2005Q2,2005-06-30
first_time_homebuyer_flag,0.007037749895256764,stable,4,1,2005Q2,2005-06-30
original_loan_term,0.0068504805196847205,stable,4,1,2005Q2,2005-06-30
credit_score,0.006769316304918277,stable,11,0,2005Q2,2005-06-30
current_actual_upb,0.005600804389086745,stable,11,1,2005Q2,2005-06-30
original_cltv,0.003978865158424126,stable,11,0,2005Q2,2005-06-30
original_dti,0.003416412261313371,stable,11,0,2005Q2,2005-06-30
property_state,0.003024285348993418,stable,56,2,2005Q2,2005-06-30
property_type,0.0009314037079842092,stable,7,1,2005Q2,2005-06-30
current_loan_delinquency_status,0.000555735515693769,stable,5,2,2005Q2,2005-06-30
channel,0.0003977716490876126,stable,6,1,2005Q2,2005-06-30
number_of_borrowers,0.00034245699623473207,stable,4,1,2005Q2,2005-06-30
occupancy_status,0.0000451982928127511,stable,5,2,2005Q2,2005-06-30
number_of_units,0.000027457737220057954,stable,3,0,2005Q2,2005-06-30
modification_flag,0.00001909940844824894,stable,4,2,2005Q2,2005-06-30
prepayment_penalty_flag,6.26127052191141e-6,stable,4,2,2005Q2,2005-06-30
amortization_type,0.0,stable,3,2,2005Q2,2005-06-30
super_conforming_flag,0.0,stable,3,2,2005Q2,2005-06-30
harp_indicator,0.0,stable,3,2,2005Q2,2005-06-30
interest_only_flag,0.0,stable,3,2,2005Q2,2005-06-30
current_deferred_upb,0.0,stable,3,2,2005Q2,2005-06-30
original_interest_rate,0.6308109341707172,significant,11,1,2005Q3,2005-09-30
loan_age,0.059652028334484235,stable,11,1,2005Q3,2005-09-30
remaining_months_to_legal_maturity,0.05542391822100954,stable,11,1,2005Q3,2005-09-30
loan_purpose,0.01778518524638584,stable,5,1,2005Q3,2005-09-30
original_upb,0.014915288492963906,stable,11,1,2005Q3,2005-09-30
current_actual_upb,0.010999939976716671,stable,11,1,2005Q3,2005-09-30
credit_score,0.009653698540001882,stable,11,0,2005Q3,2005-09-30
mi_percentage,0.009354838708912643,stable,4,0,2005Q3,2005-09-30
original_ltv,0.008199295093140936,stable,10,0,2005Q3,2005-09-30
first_time_homebuyer_flag,0.005640105421514284,stable,4,1,2005Q3,2005-09-30
original_dti,0.0036087197371884017,stable,11,0,2005Q3,2005-09-30
original_cltv,0.0035587905424759743,stable,11,0,2005Q3,2005-09-30
property_state,0.0033106053894552674,stable,56,2,2005Q3,2005-09-30
original_loan_term,0.002819062517219284,stable,4,1,2005Q3,2005-09-30
property_type,0.001082635203237175,stable,7,1,2005Q3,2005-09-30
number_of_borrowers,0.0004729371529136147,stable,4,1,2005Q3,2005-09-30
channel,0.00031469057936949987,stable,6,1,2005Q3,2005-09-30
occupancy_status,0.0002683202272484833,stable,5,2,2005Q3,2005-09-30
prepayment_penalty_flag,0.00006961866360199735,stable,4,2,2005Q3,2005-09-30
number_of_units,0.000060781237620649577,stable,3,0,2005Q3,2005-09-30
current_loan_delinquency_status,0.00002343178440748261,stable,5,2,2005Q3,2005-09-30
modification_flag,7.664571240105343e-6,stable,4,2,2005Q3,2005-09-30
amortization_type,0.0,stable,3,2,2005Q3,2005-09-30
super_conforming_flag,0.0,stable,3,2,2005Q3,2005-09-30
harp_indicator,0.0,stable,3,2,2005Q3,2005-09-30
interest_only_flag,0.0,stable,3,2,2005Q3,2005-09-30
current_deferred_upb,0.0,stable,3,2,2005Q3,2005-09-30
original_interest_rate,0.6861407706057236,significant,11,1,2005Q4,2005-12-31
loan_age,0.07219402766842462,stable,11,1,2005Q4,2005-12-31
remaining_months_to_legal_maturity,0.05997429017960647,stable,11,1,2005Q4,2005-12-31
original_upb,0.022969411043146364,stable,11,1,2005Q4,2005-12-31
current_actual_upb,0.016522272068791477,stable,11,1,2005Q4,2005-12-31
loan_purpose,0.014095007107919121,stable,5,1,2005Q4,2005-12-31
credit_score,0.011928435328748202,stable,11,0,2005Q4,2005-12-31
mi_percentage,0.01092558942107568,stable,4,0,2005Q4,2005-12-31
original_ltv,0.009498166068064813,stable,10,0,2005Q4,2005-12-31
first_time_homebuyer_flag,0.004607839533777237,stable,4,1,2005Q4,2005-12-31
original_dti,0.004241275720602285,stable,11,0,2005Q4,2005-12-31
property_state,0.003309173802878364,stable,56,2,2005Q4,2005-12-31
original_cltv,0.0031286785027460403,stable,11,0,2005Q4,2005-12-31
property_type,0.001400629493729919,stable,7,1,2005Q4,2005-12-31
number_of_borrowers,0.0006100787257869844,stable,4,1,2005Q4,2005-12-31
original_loan_term,0.0005472304129175968,stable,4,1,2005Q4,2005-12-31
occupancy_status,0.0004946757777720595,stable,5,2,2005Q4,2005-12-31
channel,0.00027308009663217186,stable,6,1,2005Q4,2005-12-31
prepayment_penalty_flag,0.00017870585612332157,stable,4,2,2005Q4,2005-12-31
number_of_units,0.00014231263545778184,stable,3,0,2005Q4,2005-12-31
current_loan_delinquency_status,0.000030037733993164876,stable,5,2,2005Q4,2005-12-31
modification_flag,6.10389900381584e-6,stable,4,2,2005Q4,2005-12-31
amortization_type,0.0,stable,3,2,2005Q4,2005-12-31
super_conforming_flag,0.0,stable,3,2,2005Q4,2005-12-31
harp_indicator,0.0,stable,3,2,2005Q4,2005-12-31
interest_only_flag,0.0,stable,3,2,2005Q4,2005-12-31
current_deferred_upb,0.0,stable,3,2,2005Q4,2005-12-31
original_interest_rate,0.6923998257092705,significant,11,1,2006Q1,2006-03-31
loan_age,0.10601620037810115,moderate,11,1,2006Q1,2006-03-31
remaining_months_to_legal_maturity,0.08618748465844048,stable,11,1,2006Q1,2006-03-31
original_upb,0.03189090249902786,stable,11,1,2006Q1,2006-03-31
current_actual_upb,0.022611747351169983,stable,11,1,2006Q1,2006-03-31
credit_score,0.013005852955798002,stable,11,0,2006Q1,2006-03-31
loan_purpose,0.012086686873204633,stable,5,1,2006Q1,2006-03-31
mi_percentage,0.011936615998494701,stable,4,0,2006Q1,2006-03-31
original_ltv,0.010422878514817381,stable,10,0,2006Q1,2006-03-31
original_dti,0.005530144795074481,stable,11,0,2006Q1,2006-03-31
property_state,0.003863112679696884,stable,56,2,2006Q1,2006-03-31
first_time_homebuyer_flag,0.003694287126359956,stable,4,1,2006Q1,2006-03-31
original_cltv,0.002462915217127336,stable,11,0,2006Q1,2006-03-31
property_type,0.001990785847570128,stable,7,1,2006Q1,2006-03-31
current_loan_delinquency_status,0.0013683857984931116,stable,5,2,2006Q1,2006-03-31
number_of_borrowers,0.0009254412738906746,stable,4,1,2006Q1,2006-03-31
occupancy_status,0.0006526242378037957,stable,5,2,2006Q1,2006-03-31
channel,0.0003689032591589484,stable,6,1,2006Q1,2006-03-31
prepayment_penalty_flag,0.00030070398477053924,stable,4,2,2006Q1,2006-03-31
number_of_units,0.00016138117811146266,stable,3,0,2006Q1,2006-03-31
original_loan_term,0.00004177570093884058,stable,4,1,2006Q1,2006-03-31
modification_flag,0.000020460029950950652,stable,4,2,2006Q1,2006-03-31
amortization_type,0.0,stable,3,2,2006Q1,2006-03-31
super_conforming_flag,0.0,stable,3,2,2006Q1,2006-03-31
harp_indicator,0.0,stable,3,2,2006Q1,2006-03-31
interest_only_flag,0.0,stable,3,2,2006Q1,2006-03-31
current_deferred_upb,0.0,stable,3,2,2006Q1,2006-03-31
original_interest_rate,0.6666875511775527,significant,11,1,2006Q2,2006-06-30
loan_age,0.14527867486783444,moderate,11,1,2006Q2,2006-06-30
remaining_months_to_legal_maturity,0.12145677604488823,moderate,11,1,2006Q2,2006-06-30
original_upb,0.04009248868686924,stable,11,1,2006Q2,2006-06-30
current_actual_upb,0.028032017679588354,stable,11,1,2006Q2,2006-06-30
credit_score,0.014490378192036864,stable,11,0,2006Q2,2006-06-30
mi_percentage,0.012565524499974985,stable,4,0,2006Q2,2006-06-30
original_ltv,0.011764392940601552,stable,10,0,2006Q2,2006-06-30
loan_purpose,0.010389666297182376,stable,5,1,2006Q2,2006-06-30
original_dti,0.007841937180202294,stable,11,0,2006Q2,2006-06-30
property_state,0.004471640640755461,stable,56,2,2006Q2,2006-06-30
first_time_homebuyer_flag,0.002927347624266081,stable,4,1,2006Q2,2006-06-30
property_type,0.0027182261810414893,stable,7,1,2006Q2,2006-06-30
original_cltv,0.0021137485295440565,stable,11,0,2006Q2,2006-06-30
number_of_borrowers,0.0014026660440951506,stable,4,1,2006Q2,2006-06-30
original_loan_term,0.0010645537561830682,stable,4,1,2006Q2,2006-06-30
channel,0.0007968042285177402,stable,6,1,2006Q2,2006-06-30
occupancy_status,0.0007955511510154424,stable,5,2,2006Q2,2006-06-30
current_loan_delinquency_status,0.0006575152478397056,stable,5,2,2006Q2,2006-06-30
prepayment_penalty_flag,0.0004522071737547179,stable,4,2,2006Q2,2006-06-30
number_of_units,0.00018651986874640254,stable,3,0,2006Q2,2006-06-30
modification_flag,0.000017594726900641924,stable,4,2,2006Q2,2006-06-30
amortization_type,0.0,stable,3,2,2006Q2,2006-06-30
super_conforming_flag,0.0,stable,3,2,2006Q2,2006-06-30
harp_indicator,0.0,stable,3,2,2006Q2,2006-06-30
interest_only_flag,0.0,stable,3,2,2006Q2,2006-06-30
current_deferred_upb,0.0,stable,3,2,2006Q2,2006-06-30
original_interest_rate,0.5923467618873953,significant,11,1,2006Q3,2006-09-30
loan_age,0.1794641055347396,moderate,11,1,2006Q3,2006-09-30
remaining_months_to_legal_maturity,0.1550363578904406,moderate,11,1,2006Q3,2006-09-30
original_upb,0.050404720855315784,stable,11,1,2006Q3,2006-09-30
current_actual_upb,0.03489870122875763,stable,11,1,2006Q3,2006-09-30
credit_score,0.016497260169203276,stable,11,0,2006Q3,2006-09-30
original_ltv,0.013109760805181725,stable,10,0,2006Q3,2006-09-30
mi_percentage,0.01273812191077405,stable,4,0,2006Q3,2006-09-30
original_dti,0.01068817846713836,stable,11,0,2006Q3,2006-09-30
loan_purpose,0.008262021529926142,stable,5,1,2006Q3,2006-09-30
property_state,0.005635474594610143,stable,56,2,2006Q3,2006-09-30
original_loan_term,0.004134710165914956,stable,4,1,2006Q3,2006-09-30
property_type,0.004008585878695955,stable,7,1,2006Q3,2006-09-30
first_time_homebuyer_flag,0.002070525844535618,stable,4,1,2006Q3,2006-09-30
original_cltv,0.001994896063307358,stable,11,0,2006Q3,2006-09-30
number_of_borrowers,0.0018849800260548534,stable,4,1,2006Q3,2006-09-30
channel,0.0016037133542964408,stable,6,1,2006Q3,2006-09-30
occupancy_status,0.0008366846361200386,stable,5,2,2006Q3,2006-09-30
prepayment_penalty_flag,0.0005733578599036046,stable,4,2,2006Q3,2006-09-30
number_of_units,0.00020270776859772797,stable,3,0,2006Q3,2006-09-30
current_loan_delinquency_status,0.00006496124180541344,stable,5,2,2006Q3,2006-09-30
modification_flag,0.000014787366242407123,stable,4,2,2006Q3,2006-09-30
amortization_type,0.0,stable,3,2,2006Q3,2006-09-30
super_conforming_flag,0.0,stable,3,2,2006Q3,2006-09-30
harp_indicator,0.0,stable,3,2,2006Q3,2006-09-30
interest_only_flag,0.0,stable,3,2,2006Q3,2006-09-30
current_deferred_upb,0.0,stable,3,2,2006Q3,2006-09-30
original_interest_rate,0.5932390357713224,significant,11,1,2006Q4,2006-12-31
loan_age,0.22914995105659985,moderate,11,1,2006Q4,2006-12-31
remaining_months_to_legal_maturity,0.20387891375988457,moderate,11,1,2006Q4,2006-12-31
original_upb,0.058484409619279296,stable,11,1,2006Q4,2006-12-31
current_actual_upb,0.03990229370011298,stable,11,1,2006Q4,2006-12-31
credit_score,0.01819544471520345,stable,11,0,2006Q4,2006-12-31
original_ltv,0.0138373071255534,stable,10,0,2006Q4,2006-12-31
original_dti,0.012919278785273498,stable,11,0,2006Q4,2006-12-31
mi_percentage,0.012659817248485777,stable,4,0,2006Q4,2006-12-31
loan_purpose,0.009602411706329736,stable,5,1,2006Q4,2006-12-31
original_loan_term,0.008117499841062938,stable,4,1,2006Q4,2006-12-31
property_state,0.006945629902777993,stable,56,2,2006Q4,2006-12-31
property_type,0.005019100663484457,stable,7,1,2006Q4,2006-12-31
number_of_borrowers,0.0024768935930365743,stable,4,1,2006Q4,2006-12-31
channel,0.0023843623964103435,stable,6,1,2006Q4,2006-12-31
original_cltv,0.0022959507869161075,stable,11,0,2006Q4,2006-12-31
first_time_homebuyer_flag,0.0018124024355892052,stable,4,1,2006Q4,2006-12-31
occupancy_status,0.0009843097261838683,stable,5,2,2006Q4,2006-12-31
prepayment_penalty_flag,0.0007124922364025379,stable,4,2,2006Q4,2006-12-31
number_of_units,0.00021366939101147818,stable,3,0,2006Q4,2006-12-31
current_loan_delinquency_status,0.00008086917264279336,stable,5,2,2006Q4,2006-12-31
modification_flag,6.2933175801844924e-6,stable,4,2,2006Q4,2006-12-31
amortization_type,0.0,stable,3,2,2006Q4,2006-12-31
super_conforming_flag,0.0,stable,3,2,2006Q4,2006-12-31
harp_indicator,0.0,stable,3,2,2006Q4,2006-12-31
interest_only_flag,0.0,stable,3,2,2006Q4,2006-12-31
current_deferred_upb,0.0,stable,3,2,2006Q4,2006-12-31
original_interest_rate,0.6361473174146355,significant,11,1,2007Q1,2007-03-31
loan_age,0.2750009088966032,significant,11,1,2007Q1,2007-03-31
remaining_months_to_legal_maturity,0.24348577681105366,moderate,11,1,2007Q1,2007-03-31
original_upb,0.075137714245096,stable,11,1,2007Q1,2007-03-31
current_actual_upb,0.050574411638297914,stable,11,1,2007Q1,2007-03-31
credit_score,0.022031471820477485,stable,11,0,2007Q1,2007-03-31
original_dti,0.018573608313810348,stable,11,0,2007Q1,2007-03-31
loan_purpose,0.014701693936298494,stable,5,2,2007Q1,2007-03-31
original_ltv,0.014277214995489541,stable,10,0,2007Q1,2007-03-31
original_loan_term,0.01382995986804768,stable,4,1,2007Q1,2007-03-31
mi_percentage,0.012460099759139035,stable,4,1,2007Q1,2007-03-31
property_state,0.01057969710076219,stable,56,2,2007Q1,2007-03-31
property_type,0.006620243598261497,stable,7,1,2007Q1,2007-03-31
channel,0.005247381857646244,stable,6,1,2007Q1,2007-03-31
number_of_borrowers,0.003565717616556892,stable,4,1,2007Q1,2007-03-31
original_cltv,0.0034904215601093192,stable,11,0,2007Q1,2007-03-31
first_time_homebuyer_flag,0.001643500849142432,stable,4,1,2007Q1,2007-03-31
prepayment_penalty_flag,0.0010417746254237472,stable,4,2,2007Q1,2007-03-31
current_loan_delinquency_status,0.0007749331329894338,stable,5,2,2007Q1,2007-03-31
occupancy_status,0.0005631115825589864,stable,5,2,2007Q1,2007-03-31
number_of_units,0.0002186459629506761,stable,3,1,2007Q1,2007-03-31
modification_flag,4.8066311324545405e-6,stable,4,2,2007Q1,2007-03-31
amortization_type,0.0,stable,3,2,2007Q1,2007-03-31
super_conforming_flag,0.0,stable,3,2,2007Q1,2007-03-31
harp_indicator,0.0,stable,3,2,2007Q1,2007-03-31
interest_only_flag,0.0,stable,3,2,2007Q1,2007-03-31
current_deferred_upb,0.0,stable,3,2,2007Q1,2007-03-31
original_interest_rate,0.6626737178321525,significant,11,1,2007Q2,2007-06-30
loan_age,0.3209758569083342,significant,11,1,2007Q2,2007-06-30
remaining_months_to_legal_maturity,0.2831876382077554,significant,11,1,2007Q2,2007-06-30
original_upb,0.08180290763695108,stable,11,1,2007Q2,2007-06-30
current_actual_upb,0.05449393294824097,stable,11,1,2007Q2,2007-06-30
credit_score,0.022948910802662866,stable,11,0,2007Q2,2007-06-30
original_dti,0.021182933106458652,stable,11,0,2007Q2,2007-06-30
original_loan_term,0.019806469125598046,stable,4,1,2007Q2,2007-06-30
loan_purpose,0.017966498957129085,stable,5,2,2007Q2,2007-06-30
original_ltv,0.01409570684793735,stable,10,0,2007Q2,2007-06-30
property_state,0.011495417806679405,stable,56,2,2007Q2,2007-06-30
mi_percentage,0.011417674086343201,stable,4,1,2007Q2,2007-06-30
property_type,0.007875882865791856,stable,7,1,2007Q2,2007-06-30
channel,0.006450090419041637,stable,6,1,2007Q2,2007-06-30
original_cltv,0.005136867654430872,stable,11,0,2007Q2,2007-06-30
number_of_borrowers,0.004500935331769393,stable,4,1,2007Q2,2007-06-30
first_time_homebuyer_flag,0.0016167122344768283,stable,4,1,2007Q2,2007-06-30
prepayment_penalty_flag,0.0012098099843978346,stable,4,2,2007Q2,2007-06-30
occupancy_status,0.000835475289659707,stable,5,2,2007Q2,2007-06-30
current_loan_delinquency_status,0.0003395656844324077,stable,5,2,2007Q2,2007-06-30
number_of_units,0.00020968552673999378,stable,3,1,2007Q2,2007-06-30
modification_flag,0.0001437059385049024,stable,4,1,2007Q2,2007-06-30
amortization_type,0.0,stable,3,2,2007Q2,2007-06-30
super_conforming_flag,0.0,stable,3,2,2007Q2,2007-06-30
harp_indicator,0.0,stable,3,2,2007Q2,2007-06-30
interest_only_flag,0.0,stable,3,2,2007Q2,2007-06-30
current_deferred_upb,0.0,stable,3,2,2007Q2,2007-06-30
original_interest_rate,0.6279156424466157,significant,11,1,2007Q3,2007-09-30
loan_age,0.36330069773119245,significant,11,1,2007Q3,2007-09-30
remaining_months_to_legal_maturity,0.32235016838737174,significant,11,1,2007Q3,2007-09-30
original_upb,0.09135382367799598,stable,11,1,2007Q3,2007-09-30
current_actual_upb,0.06065472574336965,stable,11,1,2007Q3,2007-09-30
original_loan_term,0.028759571285686458,stable,4,1,2007Q3,2007-09-30
credit_score,0.02504292153206651,stable,11,0,2007Q3,2007-09-30
original_dti,0.02399863832613114,stable,11,0,2007Q3,2007-09-30
loan_purpose,0.02093345470520476,stable,5,2,2007Q3,2007-09-30
original_ltv,0.013327880900085277,stable,10,0,2007Q3,2007-09-30
property_state,0.012736442587832367,stable,56,2,2007Q3,2007-09-30
mi_percentage,0.009617128098214453,stable,4,1,2007Q3,2007-09-30
property_type,0.008746055000640319,stable,7,1,2007Q3,2007-09-30
original_cltv,0.008544967227857143,stable,11,0,2007Q3,2007-09-30
channel,0.006443622304077814,stable,6,1,2007Q3,2007-09-30
number_of_borrowers,0.005259554383371588,stable,4,1,2007Q3,2007-09-30
first_time_homebuyer_flag,0.001848631337696885,stable,4,1,2007Q3,2007-09-30
prepayment_penalty_flag,0.0014593973060318182,stable,4,2,2007Q3,2007-09-30
occupancy_status,0.0011894778639747307,stable,5,2,2007Q3,2007-09-30
current_loan_delinquency_status,0.0005597005457476384,stable,5,2,2007Q3,2007-09-30
number_of_units,0.00020960501827818232,stable,3,1,2007Q3,2007-09-30
modification_flag,0.00004765191919995938,stable,4,2,2007Q3,2007-09-30
amortization_type,0.0,stable,3,2,2007Q3,2007-09-30
super_conforming_flag,0.0,stable,3,2,2007Q3,2007-09-30
harp_indicator,0.0,stable,3,2,2007Q3,2007-09-30
interest_only_flag,0.0,stable,3,2,2007Q3,2007-09-30
current_deferred_upb,0.0,stable,3,2,2007Q3,2007-09-30
original_interest_rate,0.6197322442076076,significant,11,1,2007Q4,2007-12-31
loan_age,0.4293898552389097,significant,11,1,2007Q4,2007-12-31
remaining_months_to_legal_maturity,0.3731515323150932,significant,11,1,2007Q4,2007-12-31
original_upb,0.09857990815725368,stable,11,1,2007Q4,2007-12-31
current_actual_upb,0.06513187884187319,stable,11,1,2007Q4,2007-12-31
original_loan_term,0.03727931438472304,stable,4,1,2007Q4,2007-12-31
original_dti,0.0278742433203571,stable,11,0,2007Q4,2007-12-31
credit_score,0.026930990515914993,stable,11,0,2007Q4,2007-12-31
loan_purpose,0.023782858407391312,stable,5,2,2007Q4,2007-12-31
property_state,0.014001240704086294,stable,56,2,2007Q4,2007-12-31
original_ltv,0.01130643455633421,stable,10,0,2007Q4,2007-12-31
property_type,0.010584869638668922,stable,7,1,2007Q4,2007-12-31
original_cltv,0.010350333268725337,stable,11,0,2007Q4,2007-12-31
mi_percentage,0.007154891662374065,stable,4,1,2007Q4,2007-12-31
number_of_borrowers,0.006905725581218746,stable,4,1,2007Q4,2007-12-31
channel,0.005749682711078261,stable,6,1,2007Q4,2007-12-31
occupancy_status,0.0023802132838865765,stable,5,2,2007Q4,2007-12-31
first_time_homebuyer_flag,0.002301112680297565,stable,4,1,2007Q4,2007-12-31
prepayment_penalty_flag,0.0018227990274798263,stable,4,2,2007Q4,2007-12-31
current_loan_delinquency_status,0.0005429505693974648,stable,5,2,2007Q4,2007-12-31
number_of_units,0.0002144207495699903,stable,3,1,2007Q4,2007-12-31
modification_flag,2.3064453436141377e-6,stable,4,2,2007Q4,2007-12-31
amortization_type,0.0,stable,3,2,2007Q4,2007-12-31
super_conforming_flag,0.0,stable,3,2,2007Q4,2007-12-31
harp_indicator,0.0,stable,3,2,2007Q4,2007-12-31
interest_only_flag,0.0,stable,3,2,2007Q4,2007-12-31
current_deferred_upb,0.0,stable,3,2,2007Q4,2007-12-31
original_interest_rate,0.6371667172662245,significant,11,1,2008Q1,2008-03-31
loan_age,0.4776290605409137,significant,11,1,2008Q1,2008-03-31
remaining_months_to_legal_maturity,0.4118913248349381,significant,11,1,2008Q1,2008-03-31
original_upb,0.10964736916786291,moderate,11,1,2008Q1,2008-03-31
current_actual_upb,0.07243812559136426,stable,11,1,2008Q1,2008-03-31
original_loan_term,0.04285147410835029,stable,4,1,2008Q1,2008-03-31
original_dti,0.030739002861480836,stable,11,0,2008Q1,2008-03-31
credit_score,0.028610845178611656,stable,11,0,2008Q1,2008-03-31
loan_purpose,0.023122490894405844,stable,5,2,2008Q1,2008-03-31
property_state,0.013917553826170256,stable,56,2,2008Q1,2008-03-31
property_type,0.012096110367728867,stable,7,1,2008Q1,2008-03-31
original_cltv,0.011249542408980516,stable,11,0,2008Q1,2008-03-31
original_ltv,0.00912811534140477,stable,10,0,2008Q1,2008-03-31
number_of_borrowers,0.008388732966651054,stable,4,1,2008Q1,2008-03-31
channel,0.0053593481574146255,stable,6,1,2008Q1,2008-03-31
mi_percentage,0.005061021764263176,stable,4,1,2008Q1,2008-03-31
occupancy_status,0.0030817879554529766,stable,5,2,2008Q1,2008-03-31
first_time_homebuyer_flag,0.002486760833784201,stable,4,1,2008Q1,2008-03-31
prepayment_penalty_flag,0.001992334462524664,stable,4,2,2008Q1,2008-03-31
current_loan_delinquency_status,0.00033165542012526534,stable,5,2,2008Q1,2008-03-31
number_of_units,0.0002677106366101947,stable,3,1,2008Q1,2008-03-31
modification_flag,1.8842058290554825e-6,stable,4,2,2008Q1,2008-03-31
amortization_type,0.0,stable,3,2,2008Q1,2008-03-31
super_conforming_flag,0.0,stable,3,2,2008Q1,2008-03-31
harp_indicator,0.0,stable,3,2,2008Q1,2008-03-31
interest_only_flag,0.0,stable,3,2,2008Q1,2008-03-31
current_deferred_upb,0.0,stable,3,2,2008Q1,2008-03-31
original_interest_rate,0.6658951492433463,significant,11,1,2008Q2,2008-06-30
loan_age,0.5148265574392905,significant,11,1,2008Q2,2008-06-30
remaining_months_to_legal_maturity,0.4316968790009893,significant,11,1,2008Q2,2008-06-30
original_upb,0.12167001739682035,moderate,11,1,2008Q2,2008-06-30
current_actual_upb,0.08077780150690689,stable,11,1,2008Q2,2008-06-30
original_loan_term,0.04795330616342143,stable,4,1,2008Q2,2008-06-30
original_dti,0.03367022533965994,stable,11,0,2008Q2,2008-06-30
credit_score,0.03325848892283821,stable,11,0,2008Q2,2008-06-30
loan_purpose,0.023414500198724774,stable,5,2,2008Q2,2008-06-30
channel,0.015842281816292218,stable,6,1,2008Q2,2008-06-30
property_state,0.013857593804944291,stable,56,2,2008Q2,2008-06-30
property_type,0.01304345455158532,stable,7,1,2008Q2,2008-06-30
original_cltv,0.010363903963521402,stable,11,0,2008Q2,2008-06-30
number_of_borrowers,0.009666202404325579,stable,4,1,2008Q2,2008-06-30
original_ltv,0.007565363533145318,stable,10,0,2008Q2,2008-06-30
mi_percentage,0.004373997851654715,stable,4,1,2008Q2,2008-06-30
occupancy_status,0.0037890749131197416,stable,5,2,2008Q2,2008-06-30
first_time_homebuyer_flag,0.002787840706522227,stable,4,1,2008Q2,2008-06-30
prepayment_penalty_flag,0.0009597151812517582,stable,4,2,2008Q2,2008-06-30
current_loan_delinquency_status,0.000269846593977293,stable,5,2,2008Q2,2008-06-30
number_of_units,0.0002540894194706586,stable,3,1,2008Q2,2008-06-30
modification_flag,0.00003686408063101782,stable,4,2,2008Q2,2008-06-30
amortization_type,0.0,stable,3,2,2008Q2,2008-06-30
super_conforming_flag,0.0,stable,3,2,2008Q2,2008-06-30
harp_indicator,0.0,stable,3,2,2008Q2,2008-06-30
interest_only_flag,0.0,stable,3,2,2008Q2,2008-06-30
current_deferred_upb,0.0,stable,3,2,2008Q2,2008-06-30
original_interest_rate,0.6721340749248712,significant,11,1,2008Q3,2008-09-30
loan_age,0.562216930371932,significant,11,1,2008Q3,2008-09-30
remaining_months_to_legal_maturity,0.4369171291392357,significant,11,1,2008Q3,2008-09-30
original_upb,0.13421958679709237,moderate,11,1,2008Q3,2008-09-30
channel,0.12870496332946652,moderate,6,1,2008Q3,2008-09-30
current_actual_upb,0.08862067347400984,stable,11,1,2008Q3,2008-09-30
original_loan_term,0.05421860878796835,stable,4,1,2008Q3,2008-09-30
credit_score,0.03731354834302366,stable,11,0,2008Q3,2008-09-30
original_dti,0.036387974048489466,stable,11,0,2008Q3,2008-09-30
loan_purpose,0.025639904714332848,stable,5,2,2008Q3,2008-09-30
property_type,0.015262850906291182,stable,7,1,2008Q3,2008-09-30
property_state,0.013426461331748811,stable,56,2,2008Q3,2008-09-30
number_of_borrowers,0.01079390010684247,stable,4,1,2008Q3,2008-09-30
original_cltv,0.010223146942687883,stable,11,0,2008Q3,2008-09-30
original_ltv,0.00791404982969301,stable,10,0,2008Q3,2008-09-30
occupancy_status,0.0053239488434291375,stable,5,2,2008Q3,2008-09-30
first_time_homebuyer_flag,0.003571110948469306,stable,4,1,2008Q3,2008-09-30
mi_percentage,0.003422447498636287,stable,4,1,2008Q3,2008-09-30
current_loan_delinquency_status,0.0014040259351451119,stable,5,2,2008Q3,2008-09-30
prepayment_penalty_flag,0.0010958336572414568,stable,4,2,2008Q3,2008-09-30
number_of_units,0.00023786889241250595,stable,3,1,2008Q3,2008-09-30
modification_flag,0.00011418480428854946,stable,4,1,2008Q3,2008-09-30
amortization_type,0.0,stable,3,2,2008Q3,2008-09-30
super_conforming_flag,0.0,stable,3,2,2008Q3,2008-09-30
harp_indicator,0.0,stable,3,2,2008Q3,2008-09-30
interest_only_flag,0.0,stable,3,2,2008Q3,2008-09-30
current_deferred_upb,0.0,stable,3,2,2008Q3,2008-09-30
original_interest_rate,0.679908534711654,significant,11,1,2008Q4,2008-12-31
loan_age,0.6328588761044512,significant,11,1,2008Q4,2008-12-31
remaining_months_to_legal_maturity,0.45681399277023677,significant,11,1,2008Q4,2008-12-31
channel,0.26712138673610325,significant,6,1,2008Q4,2008-12-31
original_upb,0.1459490010369787,moderate,11,1,2008Q4,2008-12-31
current_actual_upb,0.0962132136175059,stable,11,1,2008Q4,2008-12-31
original_loan_term,0.06031094895518757,stable,4,1,2008Q4,2008-12-31
credit_score,0.04108131412295775,stable,11,0,2008Q4,2008-12-31
original_dti,0.038029341228015226,stable,11,0,2008Q4,2008-12-31
loan_purpose,0.027434648053381885,stable,5,2,2008Q4,2008-12-31
property_type,0.016232038537716095,stable,7,1,2008Q4,2008-12-31
property_state,0.012614476514213286,stable,56,2,2008Q4,2008-12-31
number_of_borrowers,0.011985798080872403,stable,4,1,2008Q4,2008-12-31
original_cltv,0.00961882639299836,stable,11,0,2008Q4,2008-12-31
original_ltv,0.008441643327138629,stable,10,0,2008Q4,2008-12-31
occupancy_status,0.006759936811536705,stable,5,2,2008Q4,2008-12-31
current_loan_delinquency_status,0.004714856233069954,stable,5,2,2008Q4,2008-12-31
first_time_homebuyer_flag,0.004158255828205622,stable,4,1,2008Q4,2008-12-31
mi_percentage,0.003073816702429237,stable,4,1,2008Q4,2008-12-31
prepayment_penalty_flag,0.001109410763699669,stable,4,2,2008Q4,2008-12-31
number_of_units,0.0002645260515503351,stable,3,1,2008Q4,2008-12-31
modification_flag,0.00015710473717853453,stable,4,2,2008Q4,2008-12-31
amortization_type,0.0,stable,3,2,2008Q4,2008-12-31
super_conforming_flag,0.0,stable,3,2,2008Q4,2008-12-31
harp_indicator,0.0,stable,3,2,2008Q4,2008-12-31
interest_only_flag,0.0,stable,3,2,2008Q4,2008-12-31
current_deferred_upb,0.0,stable,3,2,2008Q4,2008-12-31
loan_age,0.7050332462372076,significant,11,1,2009Q1,2009-03-31
original_interest_rate,0.6754825158256054,significant,11,1,2009Q1,2009-03-31
remaining_months_to_legal_maturity,0.4825938451646761,significant,11,1,2009Q1,2009-03-31
channel,0.4078975894192475,significant,6,1,2009Q1,2009-03-31
original_upb,0.14943504389089565,moderate,11,1,2009Q1,2009-03-31
current_actual_upb,0.09936452004756623,stable,11,1,2009Q1,2009-03-31
original_loan_term,0.06232041058206427,stable,4,1,2009Q1,2009-03-31
credit_score,0.04707329987468681,stable,11,0,2009Q1,2009-03-31
original_dti,0.035611491852363696,stable,11,0,2009Q1,2009-03-31
loan_purpose,0.02078351761558512,stable,5,2,2009Q1,2009-03-31
property_type,0.017971599646904375,stable,7,1,2009Q1,2009-03-31
number_of_borrowers,0.013192623419975761,stable,4,1,2009Q1,2009-03-31
property_state,0.012587082794553839,stable,56,2,2009Q1,2009-03-31
occupancy_status,0.007249967872446125,stable,5,2,2009Q1,2009-03-31
original_cltv,0.007110208151135457,stable,11,0,2009Q1,2009-03-31
original_ltv,0.006783217282556827,stable,10,0,2009Q1,2009-03-31
super_conforming_flag,0.006011116985133401,stable,3,2,2009Q1,2009-03-31
first_time_homebuyer_flag,0.0038476329945131447,stable,4,1,2009Q1,2009-03-31
current_loan_delinquency_status,0.0031994329942478727,stable,5,2,2009Q1,2009-03-31
mi_percentage,0.003122201913155986,stable,4,1,2009Q1,2009-03-31
prepayment_penalty_flag,0.0011911262637944774,stable,4,2,2009Q1,2009-03-31
modification_flag,0.0006970187618106338,stable,4,1,2009Q1,2009-03-31
number_of_units,0.00026892834274237656,stable,3,1,2009Q1,2009-03-31
amortization_type,0.0,stable,3,2,2009Q1,2009-03-31
harp_indicator,0.0,stable,3,2,2009Q1,2009-03-31
interest_only_flag,0.0,stable,3,2,2009Q1,2009-03-31
current_deferred_upb,0.0,stable,3,2,2009Q1,2009-03-31
loan_age,0.7607302443267043,significant,11,1,2009Q2,2009-06-30
original_interest_rate,0.6934482520369282,significant,11,1,2009Q2,2009-06-30
channel,0.5225900076173385,significant,6,1,2009Q2,2009-06-30
remaining_months_to_legal_maturity,0.48304999604864096,significant,11,1,2009Q2,2009-06-30
original_upb,0.15026576890771473,moderate,11,1,2009Q2,2009-06-30
current_actual_upb,0.09938876556422736,stable,11,1,2009Q2,2009-06-30
original_loan_term,0.05900049764007192,stable,4,1,2009Q2,2009-06-30
credit_score,0.05662364636099248,stable,11,0,2009Q2,2009-06-30
original_dti,0.030443828145619016,stable,11,0,2009Q2,2009-06-30
property_type,0.01943460219109707,stable,7,1,2009Q2,2009-06-30
super_conforming_flag,0.016175144679197284,stable,3,2,2009Q2,2009-06-30
loan_purpose,0.015302677989865659,stable,5,2,2009Q2,2009-06-30
number_of_borrowers,0.013408214544926626,stable,4,1,2009Q2,2009-06-30
harp_indicator,0.01244773277044572,stable,3,2,2009Q2,2009-06-30
property_state,0.01228735422265838,stable,56,2,2009Q2,2009-06-30
occupancy_status,0.00688783660444792,stable,5,2,2009Q2,2009-06-30
current_loan_delinquency_status,0.0060178194876263245,stable,5,2,2009Q2,2009-06-30
original_ltv,0.005987179122055902,stable,10,0,2009Q2,2009-06-30
original_cltv,0.0055756808269935496,stable,11,0,2009Q2,2009-06-30
mi_percentage,0.0035924964974825067,stable,4,1,2009Q2,2009-06-30
first_time_homebuyer_flag,0.0033040755958045325,stable,4,1,2009Q2,2009-06-30
prepayment_penalty_flag,0.0013135775717405746,stable,4,2,2009Q2,2009-06-30
modification_flag,0.0008798849609081094,stable,4,1,2009Q2,2009-06-30
number_of_units,0.0002676502704595529,stable,3,1,2009Q2,2009-06-30
amortization_type,0.0,stable,3,2,2009Q2,2009-06-30
interest_only_flag,0.0,stable,3,2,2009Q2,2009-06-30
current_deferred_upb,0.0,stable,3,2,2009Q2,2009-06-30
loan_age,0.7760689259678308,significant,11,1,2009Q3,2009-09-30
original_interest_rate,0.7367435404681799,significant,11,1,2009Q3,2009-09-30
channel,0.648177290250101,significant,6,1,2009Q3,2009-09-30
remaining_months_to_legal_maturity,0.4604080398348481,significant,11,1,2009Q3,2009-09-30
original_upb,0.16040128894182043,moderate,11,1,2009Q3,2009-09-30
current_actual_upb,0.10726710442024263,moderate,11,1,2009Q3,2009-09-30
harp_indicator,0.08074516094846325,stable,3,2,2009Q3,2009-09-30
credit_score,0.06928984197560445,stable,11,0,2009Q3,2009-09-30
original_loan_term,0.057601032684539276,stable,4,1,2009Q3,2009-09-30
original_dti,0.027682589315763777,stable,11,0,2009Q3,2009-09-30
super_conforming_flag,0.026651445370683546,stable,3,2,2009Q3,2009-09-30
property_type,0.020801925938509987,stable,7,1,2009Q3,2009-09-30
current_loan_delinquency_status,0.013496815586765043,stable,5,2,2009Q3,2009-09-30
number_of_borrowers,0.012279435605428362,stable,4,1,2009Q3,2009-09-30
property_state,0.01160719457861693,stable,56,2,2009Q3,2009-09-30
loan_purpose,0.01144363784236264,stable,5,2,2009Q3,2009-09-30
occupancy_status,0.006812401273472428,stable,5,2,2009Q3,2009-09-30
original_ltv,0.005448795803762243,stable,10,0,2009Q3,2009-09-30
mi_percentage,0.004937451780931258,stable,4,1,2009Q3,2009-09-30
original_cltv,0.00464525992358597,stable,11,0,2009Q3,2009-09-30
first_time_homebuyer_flag,0.003124608541423273,stable,4,1,2009Q3,2009-09-30
prepayment_penalty_flag,0.0014733342095832273,stable,4,2,2009Q3,2009-09-30
modification_flag,0.0011006391846108813,stable,4,1,2009Q3,2009-09-30
number_of_units,0.00022852275702015668,stable,3,1,2009Q3,2009-09-30
amortization_type,0.0,stable,3,2,2009Q3,2009-09-30
interest_only_flag,0.0,stable,3,2,2009Q3,2009-09-30
current_deferred_upb,0.0,stable,3,2,2009Q3,2009-09-30
loan_age,0.8014367588336857,significant,11,1,2009Q4,2009-12-31
original_interest_rate,0.7859527506062782,significant,11,1,2009Q4,2009-12-31
channel,0.759254852996281,significant,6,1,2009Q4,2009-12-31
remaining_months_to_legal_maturity,0.45709885516646076,significant,11,1,2009Q4,2009-12-31
original_upb,0.16515497628972609,moderate,11,1,2009Q4,2009-12-31
harp_indicator,0.1604192638767693,moderate,3,2,2009Q4,2009-12-31
current_actual_upb,0.10976684642613335,moderate,11,1,2009Q4,2009-12-31
credit_score,0.0820405266725289,stable,11,0,2009Q4,2009-12-31
original_loan_term,0.05793980909672251,stable,4,1,2009Q4,2009-12-31
super_conforming_flag,0.036198148908909746,stable,3,2,2009Q4,2009-12-31
original_dti,0.02957863846811095,stable,11,0,2009Q4,2009-12-31
property_type,0.02254686234200121,stable,7,1,2009Q4,2009-12-31
current_loan_delinquency_status,0.012355589064957167,stable,5,2,2009Q4,2009-12-31
number_of_borrowers,0.011893463972159188,stable,4,1,2009Q4,2009-12-31
property_state,0.011365946528222733,stable,56,2,2009Q4,2009-12-31
loan_purpose,0.00925924449048897,stable,5,2,2009Q4,2009-12-31
occupancy_status,0.006917553450831632,stable,5,2,2009Q4,2009-12-31
mi_percentage,0.006075961024676246,stable,4,0,2009Q4,2009-12-31
original_ltv,0.005298482426913571,stable,10,0,2009Q4,2009-12-31
original_cltv,0.004321438429383335,stable,11,0,2009Q4,2009-12-31
first_time_homebuyer_flag,0.0031079044691875997,stable,4,1,2009Q4,2009-12-31
modification_flag,0.0015078470073607202,stable,4,1,2009Q4,2009-12-31
prepayment_penalty_flag,0.0014720494603218338,stable,4,2,2009Q4,2009-12-31
number_of_units,0.0002291431188597709,stable,3,1,2009Q4,2009-12-31
amortization_type,0.0,stable,3,2,2009Q4,2009-12-31
interest_only_flag,0.0,stable,3,2,2009Q4,2009-12-31
current_deferred_upb,0.0,stable,3,2,2009Q4,2009-12-31
loan_age,5.564150399877427,significant,11,2,2015Q1,2015-03-31
remaining_months_to_legal_maturity,3.4569140536901584,significant,11,2,2015Q1,2015-03-31
harp_indicator,2.8266672936904076,significant,3,2,2015Q1,2015-03-31
original_interest_rate,2.3655951727463673,significant,11,1,2015Q1,2015-03-31
channel,2.270248650773213,significant,6,2,2015Q1,2015-03-31
original_dti,0.5345531888918091,significant,11,0,2015Q1,2015-03-31
credit_score,0.29524859549469196,significant,11,0,2015Q1,2015-03-31
original_upb,0.1669607927527934,moderate,11,1,2015Q1,2015-03-31
loan_purpose,0.12261536504577615,moderate,5,2,2015Q1,2015-03-31
super_conforming_flag,0.11699280115285285,moderate,3,2,2015Q1,2015-03-31
current_actual_upb,0.09887376462563867,stable,11,1,2015Q1,2015-03-31
original_cltv,0.042187576024908836,stable,11,1,2015Q1,2015-03-31
original_ltv,0.041874474514302075,stable,10,1,2015Q1,2015-03-31
property_type,0.03842397406609561,stable,7,2,2015Q1,2015-03-31
mi_percentage,0.02311190537421561,stable,4,1,2015Q1,2015-03-31
number_of_borrowers,0.020788079316471312,stable,4,2,2015Q1,2015-03-31
property_state,0.01762516025424252,stable,56,2,2015Q1,2015-03-31
modification_flag,0.01526762819746813,stable,4,2,2015Q1,2015-03-31
occupancy_status,0.014006617333089343,stable,5,2,2015Q1,2015-03-31
original_loan_term,0.007095313699936648,stable,4,1,2015Q1,2015-03-31
current_deferred_upb,0.0030860799550981536,stable,3,2,2015Q1,2015-03-31
first_time_homebuyer_flag,0.002337453761905142,stable,4,1,2015Q1,2015-03-31
prepayment_penalty_flag,0.0023152267411530075,stable,4,2,2015Q1,2015-03-31
current_loan_delinquency_status,0.00038684418029601245,stable,5,2,2015Q1,2015-03-31
number_of_units,0.0003478561470267422,stable,3,0,2015Q1,2015-03-31
amortization_type,0.0,stable,3,2,2015Q1,2015-03-31
interest_only_flag,0.0,stable,3,2,2015Q1,2015-03-31
loan_age,5.0304237121203705,significant,11,2,2015Q2,2015-06-30
remaining_months_to_legal_maturity,3.038692179345642,significant,11,2,2015Q2,2015-06-30
harp_indicator,2.694523752659167,significant,3,2,2015Q2,2015-06-30
original_interest_rate,2.5195136503799787,significant,11,1,2015Q2,2015-06-30
channel,2.395559700676376,significant,6,2,2015Q2,2015-06-30
original_dti,0.5039560911683236,significant,11,0,2015Q2,2015-06-30
credit_score,0.3058199678647628,significant,11,0,2015Q2,2015-06-30
original_upb,0.19907591496535615,moderate,11,1,2015Q2,2015-06-30
super_conforming_flag,0.14372850821890057,moderate,3,2,2015Q2,2015-06-30
current_actual_upb,0.12138470525803813,moderate,11,1,2015Q2,2015-06-30
loan_purpose,0.10908068131488262,moderate,5,2,2015Q2,2015-06-30
property_type,0.049002919312632426,stable,7,2,2015Q2,2015-06-30
original_ltv,0.04176275729827172,stable,10,1,2015Q2,2015-06-30
original_cltv,0.04034343694931592,stable,11,1,2015Q2,2015-06-30
number_of_borrowers,0.023558648445030278,stable,4,2,2015Q2,2015-06-30
mi_percentage,0.018500429639416737,stable,4,1,2015Q2,2015-06-30
property_state,0.01799746122148204,stable,56,2,2015Q2,2015-06-30
modification_flag,0.014331467481931402,stable,4,2,2015Q2,2015-06-30
occupancy_status,0.013805312343050102,stable,5,2,2015Q2,2015-06-30
original_loan_term,0.008719294485141587,stable,4,1,2015Q2,2015-06-30
current_deferred_upb,0.0029583556173999608,stable,3,2,2015Q2,2015-06-30
prepayment_penalty_flag,0.0027609203184040744,stable,4,2,2015Q2,2015-06-30
first_time_homebuyer_flag,0.001497609578016965,stable,4,1,2015Q2,2015-06-30
current_loan_delinquency_status,0.00037624078542046035,stable,5,2,2015Q2,2015-06-30
number_of_units,0.00031183880887459886,stable,3,0,2015Q2,2015-06-30
amortization_type,0.0,stable,3,2,2015Q2,2015-06-30
interest_only_flag,0.0,stable,3,2,2015Q2,2015-06-30
loan_age,4.676640585264604,significant,11,2,2015Q3,2015-09-30
remaining_months_to_legal_maturity,2.815844524407929,significant,11,1,2015Q3,2015-09-30
original_interest_rate,2.671290853988279,significant,11,1,2015Q3,2015-09-30
harp_indicator,2.5585646491640803,significant,3,2,2015Q3,2015-09-30
channel,2.52932533919189,significant,6,2,2015Q3,2015-09-30
original_dti,0.4739186298698622,significant,11,0,2015Q3,2015-09-30
credit_score,0.31157881554185923,significant,11,0,2015Q3,2015-09-30
original_upb,0.22665751517363608,moderate,11,1,2015Q3,2015-09-30
super_conforming_flag,0.15923113906050998,moderate,3,2,2015Q3,2015-09-30
current_actual_upb,0.13891396202123438,moderate,11,1,2015Q3,2015-09-30
loan_purpose,0.08610822900820225,stable,5,2,2015Q3,2015-09-30
property_type,0.05511756383413614,stable,7,2,2015Q3,2015-09-30
original_ltv,0.04292009087861855,stable,10,1,2015Q3,2015-09-30
original_cltv,0.039746466012284924,stable,11,1,2015Q3,2015-09-30
number_of_borrowers,0.02555989684774772,stable,4,2,2015Q3,2015-09-30
property_state,0.018339085796382923,stable,56,2,2015Q3,2015-09-30
occupancy_status,0.014506154977817732,stable,5,2,2015Q3,2015-09-30
mi_percentage,0.014439170937499551,stable,4,1,2015Q3,2015-09-30
modification_flag,0.012442606536056154,stable,4,2,2015Q3,2015-09-30
original_loan_term,0.01011319115205683,stable,4,1,2015Q3,2015-09-30
prepayment_penalty_flag,0.003666071074131911,stable,4,2,2015Q3,2015-09-30
current_deferred_upb,0.0028435543713823752,stable,3,2,2015Q3,2015-09-30
first_time_homebuyer_flag,0.0011932340375608555,stable,4,1,2015Q3,2015-09-30
current_loan_delinquency_status,0.00031912385201476206,stable,5,2,2015Q3,2015-09-30
number_of_units,0.00022948344968599276,stable,3,0,2015Q3,2015-09-30
amortization_type,0.0,stable,3,2,2015Q3,2015-09-30
interest_only_flag,0.0,stable,3,2,2015Q3,2015-09-30
loan_age,4.005684728236095,significant,11,2,2015Q4,2015-12-31
original_interest_rate,2.8026923188076083,significant,11,1,2015Q4,2015-12-31
channel,2.654748279905554,significant,6,2,2015Q4,2015-12-31
harp_indicator,2.4516697501635267,significant,3,2,2015Q4,2015-12-31
remaining_months_to_legal_maturity,2.1387663661624288,significant,11,1,2015Q4,2015-12-31
original_dti,0.4519999115783799,significant,11,0,2015Q4,2015-12-31
credit_score,0.3109796639323733,significant,11,0,2015Q4,2015-12-31
original_upb,0.24872054848109,moderate,11,1,2015Q4,2015-12-31
super_conforming_flag,0.17013726561105819,moderate,3,2,2015Q4,2015-12-31
current_actual_upb,0.15202658624147064,moderate,11,1,2015Q4,2015-12-31
loan_purpose,0.0710107653528818,stable,5,2,2015Q4,2015-12-31
property_type,0.06439885050357975,stable,7,2,2015Q4,2015-12-31
original_ltv,0.04507464203193646,stable,10,1,2015Q4,2015-12-31
original_cltv,0.041224928432392824,stable,11,1,2015Q4,2015-12-31
number_of_borrowers,0.027653934697731076,stable,4,2,2015Q4,2015-12-31
property_state,0.019374842482424135,stable,56,2,2015Q4,2015-12-31
occupancy_status,0.015481776139876838,stable,5,2,2015Q4,2015-12-31
mi_percentage,0.012894381023159675,stable,4,1,2015Q4,2015-12-31
original_loan_term,0.011589118113149114,stable,4,1,2015Q4,2015-12-31
modification_flag,0.011465529100834827,stable,4,2,2015Q4,2015-12-31
prepayment_penalty_flag,0.004013646310902553,stable,4,2,2015Q4,2015-12-31
current_deferred_upb,0.0027395489751641956,stable,3,2,2015Q4,2015-12-31
first_time_homebuyer_flag,0.0020852923386564244,stable,4,1,2015Q4,2015-12-31
current_loan_delinquency_status,0.0009848918760645491,stable,5,2,2015Q4,2015-12-31
number_of_units,0.00016002040798460606,stable,3,0,2015Q4,2015-12-31
amortization_type,0.0,stable,3,2,2015Q4,2015-12-31
interest_only_flag,0.0,stable,3,2,2015Q4,2015-12-31
loan_age,3.2476644364026797,significant,11,1,2016Q1,2016-03-31
original_interest_rate,2.9248214540128012,significant,11,1,2016Q1,2016-03-31
channel,2.7566432984031066,significant,6,2,2016Q1,2016-03-31
harp_indicator,2.3529441031943668,significant,3,2,2016Q1,2016-03-31
remaining_months_to_legal_maturity,1.8694110440823233,significant,11,1,2016Q1,2016-03-31
original_dti,0.4336214703086056,significant,11,0,2016Q1,2016-03-31
credit_score,0.3075950477515513,significant,11,0,2016Q1,2016-03-31
original_upb,0.2696668981205864,significant,11,1,2016Q1,2016-03-31
super_conforming_flag,0.18151960234833958,moderate,3,2,2016Q1,2016-03-31
current_actual_upb,0.16569353465358153,moderate,11,1,2016Q1,2016-03-31
property_type,0.06915178841852897,stable,7,2,2016Q1,2016-03-31
loan_purpose,0.059768268822049,stable,5,2,2016Q1,2016-03-31
original_ltv,0.04590781622588427,stable,10,1,2016Q1,2016-03-31
original_cltv,0.04085879728970511,stable,11,1,2016Q1,2016-03-31
number_of_borrowers,0.030560185600065234,stable,4,2,2016Q1,2016-03-31
property_state,0.018883248315707115,stable,56,3,2016Q1,2016-03-31
occupancy_status,0.017084292313321096,stable,5,2,2016Q1,2016-03-31
original_loan_term,0.013839750083640448,stable,4,1,2016Q1,2016-03-31
mi_percentage,0.013518352082291922,stable,4,1,2016Q1,2016-03-31
modification_flag,0.010967431712939664,stable,4,1,2016Q1,2016-03-31
prepayment_penalty_flag,0.004374000868971428,stable,4,2,2016Q1,2016-03-31
first_time_homebuyer_flag,0.0036779530168896835,stable,4,1,2016Q1,2016-03-31
current_loan_delinquency_status,0.002756641610688847,stable,5,2,2016Q1,2016-03-31
current_deferred_upb,0.0026444730493453356,stable,3,2,2016Q1,2016-03-31
number_of_units,0.00017398486391797933,stable,3,0,2016Q1,2016-03-31
amortization_type,0.0,stable,3,2,2016Q1,2016-03-31
interest_only_flag,0.0,stable,3,2,2016Q1,2016-03-31
original_interest_rate,3.066233508056353,significant,11,1,2016Q2,2016-06-30
channel,2.869477903282855,significant,6,2,2016Q2,2016-06-30
loan_age,2.754258431780541,significant,11,1,2016Q2,2016-06-30
harp_indicator,2.2417084941884315,significant,3,2,2016Q2,2016-06-30
remaining_months_to_legal_maturity,1.1441937969900127,significant,11,1,2016Q2,2016-06-30
original_dti,0.4130606511445681,significant,11,0,2016Q2,2016-06-30
credit_score,0.3037387763161144,significant,11,0,2016Q2,2016-06-30
original_upb,0.2967106537920893,significant,11,1,2016Q2,2016-06-30
super_conforming_flag,0.19850092830680025,moderate,3,2,2016Q2,2016-06-30
current_actual_upb,0.18279360603253453,moderate,11,1,2016Q2,2016-06-30
property_type,0.07904588896479085,stable,7,2,2016Q2,2016-06-30
loan_purpose,0.049935324465709044,stable,5,2,2016Q2,2016-06-30
original_ltv,0.048182930765173305,stable,10,1,2016Q2,2016-06-30
original_cltv,0.04171734582884883,stable,11,1,2016Q2,2016-06-30
number_of_borrowers,0.03454207003599139,stable,4,2,2016Q2,2016-06-30
property_state,0.019727925201966597,stable,56,2,2016Q2,2016-06-30
occupancy_status,0.017767267430686115,stable,5,2,2016Q2,2016-06-30
original_loan_term,0.016720884307446542,stable,4,1,2016Q2,2016-06-30
mi_percentage,0.012775803439096274,stable,4,1,2016Q2,2016-06-30
modification_flag,0.009718201586031625,stable,4,2,2016Q2,2016-06-30
first_time_homebuyer_flag,0.0067141598227878595,stable,4,1,2016Q2,2016-06-30
prepayment_penalty_flag,0.004756448309062256,stable,4,2,2016Q2,2016-06-30
current_deferred_upb,0.00255149721564095,stable,3,2,2016Q2,2016-06-30
current_loan_delinquency_status,0.0011983794007414303,stable,5,2,2016Q2,2016-06-30
number_of_units,0.0001750465069618364,stable,3,0,2016Q2,2016-06-30
amortization_type,0.0,stable,3,2,2016Q2,2016-06-30
interest_only_flag,0.0,stable,3,2,2016Q2,2016-06-30
original_interest_rate,3.1734974313785713,significant,11,1,2016Q3,2016-09-30
channel,2.961976135678405,significant,6,2,2016Q3,2016-09-30
loan_age,2.935397726652686,significant,11,1,2016Q3,2016-09-30
harp_indicator,2.111732337930034,significant,3,2,2016Q3,2016-09-30
remaining_months_to_legal_maturity,0.9706912013427133,significant,11,1,2016Q3,2016-09-30
original_dti,0.3876285307282591,significant,11,0,2016Q3,2016-09-30
original_upb,0.3273944470434907,significant,11,1,2016Q3,2016-09-30
credit_score,0.3056397927673857,significant,11,0,2016Q3,2016-09-30
super_conforming_flag,0.21336695631815902,moderate,3,2,2016Q3,2016-09-30
current_actual_upb,0.2057695036503328,moderate,11,1,2016Q3,2016-09-30
property_type,0.08557570478839331,stable,7,2,2016Q3,2016-09-30
original_ltv,0.051193490377661556,stable,10,1,2016Q3,2016-09-30
original_cltv,0.04344606994369024,stable,11,1,2016Q3,2016-09-30
loan_purpose,0.040080034814904054,stable,5,2,2016Q3,2016-09-30
number_of_borrowers,0.03682743996159134,stable,4,2,2016Q3,2016-09-30
property_state,0.02065472508082624,stable,56,2,2016Q3,2016-09-30
original_loan_term,0.019422838436374334,stable,4,1,2016Q3,2016-09-30
occupancy_status,0.017902024860064793,stable,5,2,2016Q3,2016-09-30
mi_percentage,0.013044132336218494,stable,4,1,2016Q3,2016-09-30
first_time_homebuyer_flag,0.010005532883712424,stable,4,1,2016Q3,2016-09-30
modification_flag,0.0091485898527041,stable,4,1,2016Q3,2016-09-30
prepayment_penalty_flag,0.0048422570045476955,stable,4,2,2016Q3,2016-09-30
current_loan_delinquency_status,0.002738422446518425,stable,5,2,2016Q3,2016-09-30
current_deferred_upb,0.0024825588244813943,stable,3,2,2016Q3,2016-09-30
number_of_units,0.00008630568537522552,stable,3,0,2016Q3,2016-09-30
amortization_type,0.0,stable,3,2,2016Q3,2016-09-30
interest_only_flag,0.0,stable,3,2,2016Q3,2016-09-30
original_interest_rate,3.2882500263694405,significant,11,1,2016Q4,2016-12-31
channel,3.0448213638649118,significant,6,2,2016Q4,2016-12-31
loan_age,2.2627600918041306,significant,11,1,2016Q4,2016-12-31
harp_indicator,1.9964947050120705,significant,3,2,2016Q4,2016-12-31
remaining_months_to_legal_maturity,0.45872974079601436,significant,11,1,2016Q4,2016-12-31
original_dti,0.36605654557673684,significant,11,0,2016Q4,2016-12-31
original_upb,0.3547028983411878,significant,11,1,2016Q4,2016-12-31
credit_score,0.30824803981854826,significant,11,0,2016Q4,2016-12-31
current_actual_upb,0.22332170556192887,moderate,11,1,2016Q4,2016-12-31
super_conforming_flag,0.21740875113272623,moderate,3,2,2016Q4,2016-12-31
property_type,0.09056780952101975,stable,7,2,2016Q4,2016-12-31
original_ltv,0.05254096620384548,stable,10,1,2016Q4,2016-12-31
original_cltv,0.04319673238660852,stable,11,1,2016Q4,2016-12-31
number_of_borrowers,0.04030242880721152,stable,4,2,2016Q4,2016-12-31
loan_purpose,0.03564786369526208,stable,5,2,2016Q4,2016-12-31
original_loan_term,0.021649988992372558,stable,4,1,2016Q4,2016-12-31
property_state,0.021329177349970495,stable,56,2,2016Q4,2016-12-31
occupancy_status,0.018242540033569406,stable,5,2,2016Q4,2016-12-31
mi_percentage,0.013514189353803063,stable,4,1,2016Q4,2016-12-31
first_time_homebuyer_flag,0.011926674126040716,stable,4,1,2016Q4,2016-12-31
modification_flag,0.00855301245915672,stable,4,2,2016Q4,2016-12-31
prepayment_penalty_flag,0.004918903037462666,stable,4,2,2016Q4,2016-12-31
current_deferred_upb,0.0027077559696634637,stable,3,2,2016Q4,2016-12-31
current_loan_delinquency_status,0.0015447403014620185,stable,5,2,2016Q4,2016-12-31
number_of_units,0.000021458938676262343,stable,3,0,2016Q4,2016-12-31
amortization_type,0.0,stable,3,2,2016Q4,2016-12-31
interest_only_flag,0.0,stable,3,2,2016Q4,2016-12-31
original_interest_rate,3.406516729191703,significant,11,1,2017Q1,2017-03-31
channel,3.1542423314791077,significant,6,2,2017Q1,2017-03-31
loan_age,2.0458662973554596,significant,11,1,2017Q1,2017-03-31
harp_indicator,1.9109010425741881,significant,3,2,2017Q1,2017-03-31
original_upb,0.3866057754344158,significant,11,1,2017Q1,2017-03-31
original_dti,0.35314156208346453,significant,11,0,2017Q1,2017-03-31
remaining_months_to_legal_maturity,0.3210894835454053,significant,11,1,2017Q1,2017-03-31
credit_score,0.3089626774541352,significant,11,0,2017Q1,2017-03-31
current_actual_upb,0.24626331014938319,moderate,11,1,2017Q1,2017-03-31
super_conforming_flag,0.23361136120059495,moderate,3,2,2017Q1,2017-03-31
property_type,0.09502727844101005,stable,7,2,2017Q1,2017-03-31
original_ltv,0.05494368975298119,stable,10,1,2017Q1,2017-03-31
original_cltv,0.04467973427070469,stable,11,1,2017Q1,2017-03-31
number_of_borrowers,0.04299803782062522,stable,4,2,2017Q1,2017-03-31
loan_purpose,0.029221648584137234,stable,5,2,2017Q1,2017-03-31
original_loan_term,0.02503393155026546,stable,4,1,2017Q1,2017-03-31
property_state,0.023146224799671523,stable,56,2,2017Q1,2017-03-31
occupancy_status,0.018151501249258968,stable,5,2,2017Q1,2017-03-31
first_time_homebuyer_flag,0.014762782397551508,stable,4,1,2017Q1,2017-03-31
mi_percentage,0.014275816044482479,stable,4,1,2017Q1,2017-03-31
modification_flag,0.007929371102456203,stable,4,1,2017Q1,2017-03-31
prepayment_penalty_flag,0.005043367121211346,stable,4,2,2017Q1,2017-03-31
current_loan_delinquency_status,0.003863022139325863,stable,5,2,2017Q1,2017-03-31
current_deferred_upb,0.003445832660946519,stable,3,2,2017Q1,2017-03-31
number_of_units,0.00003985316439514039,stable,3,0,2017Q1,2017-03-31
amortization_type,0.0,stable,3,2,2017Q1,2017-03-31
interest_only_flag,0.0,stable,3,2,2017Q1,2017-03-31
original_interest_rate,3.5151500768469557,significant,11,1,2017Q2,2017-06-30
channel,3.265726113005007,significant,6,2,2017Q2,2017-06-30
harp_indicator,1.8120238743982884,significant,3,2,2017Q2,2017-06-30
loan_age,1.492573769369959,significant,11,1,2017Q2,2017-06-30
original_upb,0.410723894923011,significant,11,1,2017Q2,2017-06-30
original_dti,0.3394588898480262,significant,11,0,2017Q2,2017-06-30
credit_score,0.3045863171527782,significant,11,0,2017Q2,2017-06-30
remaining_months_to_legal_maturity,0.26477909414734574,significant,11,1,2017Q2,2017-06-30
current_actual_upb,0.2609433975150287,significant,11,1,2017Q2,2017-06-30
super_conforming_flag,0.2462893435345396,moderate,3,2,2017Q2,2017-06-30
property_type,0.09912118636823619,stable,7,2,2017Q2,2017-06-30
original_ltv,0.058500537363234024,stable,10,1,2017Q2,2017-06-30
original_cltv,0.04711031572229448,stable,11,1,2017Q2,2017-06-30
number_of_borrowers,0.046859679930720904,stable,4,2,2017Q2,2017-06-30
original_loan_term,0.028724735136794275,stable,4,1,2017Q2,2017-06-30
property_state,0.023639346560571373,stable,56,2,2017Q2,2017-06-30
loan_purpose,0.0213944782613536,stable,5,2,2017Q2,2017-06-30
first_time_homebuyer_flag,0.020585094498795222,stable,4,1,2017Q2,2017-06-30
occupancy_status,0.020558997377564333,stable,5,2,2017Q2,2017-06-30
mi_percentage,0.015351998850414827,stable,4,1,2017Q2,2017-06-30
modification_flag,0.007503299239836215,stable,4,2,2017Q2,2017-06-30
prepayment_penalty_flag,0.005765971839948661,stable,4,2,2017Q2,2017-06-30
current_deferred_upb,0.00416818384726848,stable,3,2,2017Q2,2017-06-30
current_loan_delinquency_status,0.00402252703417321,stable,5,2,2017Q2,2017-06-30
number_of_units,0.00010026094599001242,stable,3,0,2017Q2,2017-06-30
amortization_type,0.0,stable,3,2,2017Q2,2017-06-30
interest_only_flag,0.0,stable,3,2,2017Q2,2017-06-30
original_interest_rate,3.617250896587096,significant,11,1,2017Q3,2017-09-30
channel,3.356664688231758,significant,6,2,2017Q3,2017-09-30
harp_indicator,1.7221273884523416,significant,3,2,2017Q3,2017-09-30
loan_age,1.335972623642467,significant,11,1,2017Q3,2017-09-30
original_upb,0.4359721834884802,significant,11,1,2017Q3,2017-09-30
original_dti,0.32562095617414877,significant,11,0,2017Q3,2017-09-30
credit_score,0.30532224857107265,significant,11,0,2017Q3,2017-09-30
current_actual_upb,0.2791915631355442,significant,11,1,2017Q3,2017-09-30
super_conforming_flag,0.2517224625947787,significant,3,2,2017Q3,2017-09-30
remaining_months_to_legal_maturity,0.23938429652722165,moderate,11,1,2017Q3,2017-09-30
property_type,0.10356477024948729,moderate,7,2,2017Q3,2017-09-30
original_ltv,0.0647634532228169,stable,10,1,2017Q3,2017-09-30
original_cltv,0.052692984062719196,stable,11,1,2017Q3,2017-09-30
number_of_borrowers,0.04828915703039072,stable,4,2,2017Q3,2017-09-30
original_loan_term,0.03476258831870107,stable,4,1,2017Q3,2017-09-30
first_time_homebuyer_flag,0.027489399362621104,stable,4,1,2017Q3,2017-09-30
property_state,0.024966286820958666,stable,56,2,2017Q3,2017-09-30
occupancy_status,0.020964179862691015,stable,5,2,2017Q3,2017-09-30
mi_percentage,0.01745173015203767,stable,4,1,2017Q3,2017-09-30
loan_purpose,0.01639134810301835,stable,5,2,2017Q3,2017-09-30
modification_flag,0.0066959595326423335,stable,4,2,2017Q3,2017-09-30
prepayment_penalty_flag,0.006210693673785536,stable,4,2,2017Q3,2017-09-30
current_deferred_upb,0.00432140460371761,stable,3,2,2017Q3,2017-09-30
current_loan_delinquency_status,0.00033091122460622666,stable,5,2,2017Q3,2017-09-30
number_of_units,0.00009183235062947909,stable,3,0,2017Q3,2017-09-30
amortization_type,0.0,stable,3,2,2017Q3,2017-09-30
interest_only_flag,0.0,stable,3,2,2017Q3,2017-09-30
original_interest_rate,3.7248822283630716,significant,11,1,2017Q4,2017-12-31
channel,3.468297773118577,significant,6,2,2017Q4,2017-12-31
harp_indicator,1.6265031769668499,significant,3,2,2017Q4,2017-12-31
loan_age,0.712974068149104,significant,11,1,2017Q4,2017-12-31
original_upb,0.45978077038023357,significant,11,1,2017Q4,2017-12-31
original_dti,0.3088316328355637,significant,11,0,2017Q4,2017-12-31
credit_score,0.3063593488283718,significant,11,0,2017Q4,2017-12-31
current_actual_upb,0.29540510337665055,significant,11,1,2017Q4,2017-12-31
super_conforming_flag,0.26106533293275747,significant,3,2,2017Q4,2017-12-31
remaining_months_to_legal_maturity,0.2438106860683608,moderate,11,1,2017Q4,2017-12-31
property_type,0.1077946672958564,moderate,7,2,2017Q4,2017-12-31
original_ltv,0.0682001643106138,stable,10,1,2017Q4,2017-12-31
original_cltv,0.056049099309524876,stable,11,1,2017Q4,2017-12-31
number_of_borrowers,0.05204478134214671,stable,4,2,2017Q4,2017-12-31
original_loan_term,0.03949366316180154,stable,4,1,2017Q4,2017-12-31
first_time_homebuyer_flag,0.033606221344666454,stable,4,1,2017Q4,2017-12-31
property_state,0.026177935196747798,stable,56,2,2017Q4,2017-12-31
occupancy_status,0.022271997792465022,stable,5,2,2017Q4,2017-12-31
mi_percentage,0.018491021950249042,stable,4,1,2017Q4,2017-12-31
loan_purpose,0.014565340576868131,stable,5,2,2017Q4,2017-12-31
prepayment_penalty_flag,0.006707622973827369,stable,4,2,2017Q4,2017-12-31
modification_flag,0.0057262793653672615,stable,4,2,2017Q4,2017-12-31
current_deferred_upb,0.0041721401718238125,stable,3,2,2017Q4,2017-12-31
current_loan_delinquency_status,0.000844504794375516,stable,5,2,2017Q4,2017-12-31
number_of_units,0.00012304366615974356,stable,3,0,2017Q4,2017-12-31
amortization_type,0.0,stable,3,2,2017Q4,2017-12-31
interest_only_flag,0.0,stable,3,2,2017Q4,2017-12-31
original_interest_rate,3.815652315588357,significant,11,1,2018Q1,2018-03-31
channel,3.560300848540033,significant,6,2,2018Q1,2018-03-31
harp_indicator,1.5506099186260518,significant,3,2,2018Q1,2018-03-31
loan_age,0.6277052353766934,significant,11,1,2018Q1,2018-03-31
original_upb,0.48365699668827533,significant,11,1,2018Q1,2018-03-31
current_actual_upb,0.3068525191629995,significant,11,1,2018Q1,2018-03-31
credit_score,0.30548931823654446,significant,11,0,2018Q1,2018-03-31
original_dti,0.2972811072486199,significant,11,0,2018Q1,2018-03-31
super_conforming_flag,0.2664665210469095,significant,3,2,2018Q1,2018-03-31
remaining_months_to_legal_maturity,0.25478472773774896,significant,11,1,2018Q1,2018-03-31
property_type,0.11169518884381553,moderate,7,2,2018Q1,2018-03-31
original_ltv,0.07337632401173542,stable,10,1,2018Q1,2018-03-31
original_cltv,0.06069618672481516,stable,11,1,2018Q1,2018-03-31
number_of_borrowers,0.0555712759800039,stable,4,2,2018Q1,2018-03-31
original_loan_term,0.04610356664709652,stable,4,1,2018Q1,2018-03-31
first_time_homebuyer_flag,0.04017406489966567,stable,4,1,2018Q1,2018-03-31
property_state,0.02691689069733004,stable,56,2,2018Q1,2018-03-31
occupancy_status,0.023650011747809167,stable,5,2,2018Q1,2018-03-31
mi_percentage,0.020112965776738694,stable,4,1,2018Q1,2018-03-31
loan_purpose,0.01429224296688142,stable,5,2,2018Q1,2018-03-31
prepayment_penalty_flag,0.006784902999050864,stable,4,2,2018Q1,2018-03-31
modification_flag,0.00522969495942344,stable,4,2,2018Q1,2018-03-31
current_deferred_upb,0.004598344589366459,stable,3,2,2018Q1,2018-03-31
current_loan_delinquency_status,0.00273945474916323,stable,5,2,2018Q1,2018-03-31
number_of_units,0.00015065075216428512,stable,3,0,2018Q1,2018-03-31
amortization_type,0.0,stable,3,2,2018Q1,2018-03-31
interest_only_flag,0.0,stable,3,2,2018Q1,2018-03-31
original_interest_rate,3.8867583582804817,significant,11,1,2018Q2,2018-06-30
channel,3.6534284849869683,significant,6,2,2018Q2,2018-06-30
harp_indicator,1.4634667396369034,significant,3,2,2018Q2,2018-06-30
loan_age,0.5728538168184426,significant,11,1,2018Q2,2018-06-30
original_upb,0.5079848244693769,significant,11,1,2018Q2,2018-06-30
current_actual_upb,0.32269808463033983,significant,11,1,2018Q2,2018-06-30
credit_score,0.30717690402672504,significant,11,0,2018Q2,2018-06-30
original_dti,0.2861110286752226,significant,11,0,2018Q2,2018-06-30
remaining_months_to_legal_maturity,0.2758323823706372,significant,11,1,2018Q2,2018-06-30
super_conforming_flag,0.26924703683091533,significant,3,2,2018Q2,2018-06-30
property_type,0.11844323284519837,moderate,7,2,2018Q2,2018-06-30
original_ltv,0.07824773151812534,stable,10,1,2018Q2,2018-06-30
original_cltv,0.06452418409371162,stable,11,1,2018Q2,2018-06-30
number_of_borrowers,0.061005914544873474,stable,4,2,2018Q2,2018-06-30
original_loan_term,0.05341529733564216,stable,4,1,2018Q2,2018-06-30
first_time_homebuyer_flag,0.048199193473274345,stable,4,1,2018Q2,2018-06-30
property_state,0.028051455215794132,stable,56,2,2018Q2,2018-06-30
occupancy_status,0.024344363331512756,stable,5,2,2018Q2,2018-06-30
mi_percentage,0.02202441703463103,stable,4,1,2018Q2,2018-06-30
loan_purpose,0.015406558736873929,stable,5,2,2018Q2,2018-06-30
prepayment_penalty_flag,0.006894773825624953,stable,4,2,2018Q2,2018-06-30
modification_flag,0.005149014981610129,stable,4,1,2018Q2,2018-06-30
current_deferred_upb,0.0049575042183517895,stable,3,2,2018Q2,2018-06-30
current_loan_delinquency_status,0.0029650776727917706,stable,5,2,2018Q2,2018-06-30
number_of_units,0.00014804075184293375,stable,3,0,2018Q2,2018-06-30
amortization_type,0.0,stable,3,2,2018Q2,2018-06-30
interest_only_flag,0.0,stable,3,2,2018Q2,2018-06-30
original_interest_rate,3.937087186754304,significant,11,1,2018Q3,2018-09-30
channel,3.748048633571504,significant,6,2,2018Q3,2018-09-30
harp_indicator,1.3811686355874848,significant,3,2,2018Q3,2018-09-30
loan_age,0.5609099286884056,significant,11,1,2018Q3,2018-09-30
original_upb,0.5351254462385014,significant,11,1,2018Q3,2018-09-30
current_actual_upb,0.33903692203844893,significant,11,1,2018Q3,2018-09-30
credit_score,0.31186446254155514,significant,11,0,2018Q3,2018-09-30
remaining_months_to_legal_maturity,0.2961728710726818,significant,11,1,2018Q3,2018-09-30
original_dti,0.2750168903564973,significant,11,0,2018Q3,2018-09-30
super_conforming_flag,0.273408453663659,significant,3,2,2018Q3,2018-09-30
property_type,0.12446033997925063,moderate,7,2,2018Q3,2018-09-30
original_ltv,0.0881266878068956,stable,10,1,2018Q3,2018-09-30
original_cltv,0.07204042160717926,stable,11,1,2018Q3,2018-09-30
number_of_borrowers,0.06860621862291812,stable,4,2,2018Q3,2018-09-30
original_loan_term,0.06220354923782927,stable,4,1,2018Q3,2018-09-30
first_time_homebuyer_flag,0.05905633936200339,stable,4,1,2018Q3,2018-09-30
property_state,0.027828564001004433,stable,56,2,2018Q3,2018-09-30
mi_percentage,0.025909185159156235,stable,4,1,2018Q3,2018-09-30
occupancy_status,0.023331201841249562,stable,5,2,2018Q3,2018-09-30
loan_purpose,0.02188073324264454,stable,5,2,2018Q3,2018-09-30
prepayment_penalty_flag,0.007429239057116991,stable,4,2,2018Q3,2018-09-30
modification_flag,0.005008163933733822,stable,4,2,2018Q3,2018-09-30
current_deferred_upb,0.004543663823963901,stable,3,2,2018Q3,2018-09-30
current_loan_delinquency_status,0.001135463454658429,stable,5,2,2018Q3,2018-09-30
number_of_units,0.00012255140882077412,stable,3,0,2018Q3,2018-09-30
amortization_type,0.0,stable,3,2,2018Q3,2018-09-30
interest_only_flag,0.0,stable,3,2,2018Q3,2018-09-30
original_interest_rate,3.9429831096672343,significant,11,1,2018Q4,2018-12-31
channel,3.832308759206882,significant,6,2,2018Q4,2018-12-31
harp_indicator,1.3093801495159925,significant,3,2,2018Q4,2018-12-31
loan_age,0.6051174158561448,significant,11,1,2018Q4,2018-12-31
original_upb,0.5535373636984253,significant,11,1,2018Q4,2018-12-31
current_actual_upb,0.3492637059042944,significant,11,1,2018Q4,2018-12-31
credit_score,0.3123642066265514,significant,11,0,2018Q4,2018-12-31
remaining_months_to_legal_maturity,0.3028583617918635,significant,11,1,2018Q4,2018-12-31
super_conforming_flag,0.2763733447168465,significant,3,2,2018Q4,2018-12-31
original_dti,0.26562818516836206,significant,11,0,2018Q4,2018-12-31
property_type,0.12913372756636446,moderate,7,2,2018Q4,2018-12-31
original_ltv,0.093892832632774,stable,10,1,2018Q4,2018-12-31
number_of_borrowers,0.07809688197682164,stable,4,2,2018Q4,2018-12-31
original_cltv,0.07627946638481152,stable,11,1,2018Q4,2018-12-31
original_loan_term,0.0713891633700584,stable,4,1,2018Q4,2018-12-31
first_time_homebuyer_flag,0.06833348843852313,stable,4,1,2018Q4,2018-12-31
mi_percentage,0.02959598744534259,stable,4,1,2018Q4,2018-12-31
property_state,0.028071018275659776,stable,56,2,2018Q4,2018-12-31
loan_purpose,0.028015858305415087,stable,5,2,2018Q4,2018-12-31
occupancy_status,0.02299011652971652,stable,5,2,2018Q4,2018-12-31
prepayment_penalty_flag,0.007530288967805615,stable,4,2,2018Q4,2018-12-31
modification_flag,0.004677922013362882,stable,4,2,2018Q4,2018-12-31
current_deferred_upb,0.0046426398728839705,stable,3,2,2018Q4,2018-12-31
current_loan_delinquency_status,0.0013435773550394832,stable,5,2,2018Q4,2018-12-31
number_of_units,0.00017654750732670193,stable,3,0,2018Q4,2018-12-31
amortization_type,0.0,stable,3,2,2018Q4,2018-12-31
interest_only_flag,0.0,stable,3,2,2018Q4,2018-12-31
original_interest_rate,3.959025667410639,significant,11,1,2019Q1,2019-03-31
channel,3.9063469008237726,significant,6,2,2019Q1,2019-03-31
harp_indicator,1.2414625738191265,significant,3,2,2019Q1,2019-03-31
loan_age,0.6633034655465945,significant,11,1,2019Q1,2019-03-31
original_upb,0.5714372889719714,significant,11,1,2019Q1,2019-03-31
current_actual_upb,0.35717852463188304,significant,11,1,2019Q1,2019-03-31
remaining_months_to_legal_maturity,0.3318042731236422,significant,11,1,2019Q1,2019-03-31
credit_score,0.31500599548907415,significant,11,0,2019Q1,2019-03-31
super_conforming_flag,0.27929780487125944,significant,3,2,2019Q1,2019-03-31
original_dti,0.25662265284731844,significant,11,0,2019Q1,2019-03-31
property_type,0.13394506341917967,moderate,7,2,2019Q1,2019-03-31
original_ltv,0.09917704943608209,stable,10,1,2019Q1,2019-03-31
number_of_borrowers,0.08292117763207128,stable,4,2,2019Q1,2019-03-31
original_cltv,0.08051976905302619,stable,11,1,2019Q1,2019-03-31
original_loan_term,0.07984386090946127,stable,4,1,2019Q1,2019-03-31
first_time_homebuyer_flag,0.07662781882866172,stable,4,1,2019Q1,2019-03-31
loan_purpose,0.03365819385103304,stable,5,2,2019Q1,2019-03-31
mi_percentage,0.032254362896563867,stable,4,1,2019Q1,2019-03-31
property_state,0.028186146091815682,stable,56,2,2019Q1,2019-03-31
occupancy_status,0.02308563781793308,stable,5,2,2019Q1,2019-03-31
prepayment_penalty_flag,0.007627135818336408,stable,4,2,2019Q1,2019-03-31
current_deferred_upb,0.005216540599021729,stable,3,2,2019Q1,2019-03-31
modification_flag,0.00422298400727429,stable,4,2,2019Q1,2019-03-31
current_loan_delinquency_status,0.0017653886702485213,stable,5,2,2019Q1,2019-03-31
number_of_units,0.00017195434221227554,stable,3,0,2019Q1,2019-03-31
amortization_type,0.0,stable,3,2,2019Q1,2019-03-31
interest_only_flag,0.0,stable,3,2,2019Q1,2019-03-31
original_interest_rate,4.005888386883528,significant,11,1,2019Q2,2019-06-30
channel,3.9883881035071567,significant,6,2,2019Q2,2019-06-30
harp_indicator,1.1785748675803598,significant,3,2,2019Q2,2019-06-30
loan_age,0.700960321819426,significant,11,1,2019Q2,2019-06-30
original_upb,0.5964982030998253,significant,11,1,2019Q2,2019-06-30
current_actual_upb,0.3690960624381828,significant,11,1,2019Q2,2019-06-30
remaining_months_to_legal_maturity,0.3598413958981088,significant,11,1,2019Q2,2019-06-30
credit_score,0.3120489905690146,significant,11,0,2019Q2,2019-06-30
super_conforming_flag,0.2830285110644346,significant,3,2,2019Q2,2019-06-30
original_dti,0.2509206463717977,significant,11,0,2019Q2,2019-06-30
property_type,0.1398429120391861,moderate,7,2,2019Q2,2019-06-30
original_ltv,0.10685167770347591,moderate,10,1,2019Q2,2019-06-30
number_of_borrowers,0.09057991044344439,stable,4,2,2019Q2,2019-06-30
original_loan_term,0.0876758536842035,stable,4,1,2019Q2,2019-06-30
original_cltv,0.08635807755755791,stable,11,1,2019Q2,2019-06-30
first_time_homebuyer_flag,0.0857400482834533,stable,4,1,2019Q2,2019-06-30
loan_purpose,0.040163023140365656,stable,5,2,2019Q2,2019-06-30
mi_percentage,0.03632179169659216,stable,4,1,2019Q2,2019-06-30
property_state,0.028685315308918567,stable,56,2,2019Q2,2019-06-30
occupancy_status,0.02176668033755398,stable,5,2,2019Q2,2019-06-30
prepayment_penalty_flag,0.008180286456897591,stable,4,2,2019Q2,2019-06-30
current_deferred_upb,0.005100001090696681,stable,3,2,2019Q2,2019-06-30
modification_flag,0.0040799201558969515,stable,4,1,2019Q2,2019-06-30
current_loan_delinquency_status,0.0004161305166630821,stable,5,2,2019Q2,2019-06-30
number_of_units,0.00019947011912988067,stable,3,0,2019Q2,2019-06-30
amortization_type,0.0,stable,3,2,2019Q2,2019-06-30
interest_only_flag,0.0,stable,3,2,2019Q2,2019-06-30
original_interest_rate,4.062952173541383,significant,11,1,2019Q3,2019-09-30
channel,4.049609767428819,significant,6,2,2019Q3,2019-09-30
harp_indicator,1.1322094901931028,significant,3,2,2019Q3,2019-09-30
loan_age,0.7580080419367271,significant,11,1,2019Q3,2019-09-30
original_upb,0.6092076630772825,significant,11,1,2019Q3,2019-09-30
remaining_months_to_legal_maturity,0.4026834436497232,significant,11,1,2019Q3,2019-09-30
current_actual_upb,0.3728757199955499,significant,11,1,2019Q3,2019-09-30
credit_score,0.31175836632398,significant,11,0,2019Q3,2019-09-30
super_conforming_flag,0.28748031334401297,significant,3,2,2019Q3,2019-09-30
original_dti,0.24316202086123068,moderate,11,0,2019Q3,2019-09-30
property_type,0.14002779627929712,moderate,7,2,2019Q3,2019-09-30
original_ltv,0.10972389606259289,moderate,10,1,2019Q3,2019-09-30
number_of_borrowers,0.0983492584724674,stable,4,2,2019Q3,2019-09-30
original_loan_term,0.09219699598650687,stable,4,1,2019Q3,2019-09-30
first_time_homebuyer_flag,0.08961875553145021,stable,4,1,2019Q3,2019-09-30
original_cltv,0.08829579468080175,stable,11,1,2019Q3,2019-09-30
loan_purpose,0.043253432974071984,stable,5,2,2019Q3,2019-09-30
mi_percentage,0.03772431882809067,stable,4,1,2019Q3,2019-09-30
property_state,0.027426976703166368,stable,56,2,2019Q3,2019-09-30
occupancy_status,0.02199223531349205,stable,5,2,2019Q3,2019-09-30
prepayment_penalty_flag,0.008196737134878717,stable,4,2,2019Q3,2019-09-30
current_deferred_upb,0.004377653101327419,stable,3,2,2019Q3,2019-09-30
modification_flag,0.0035267520370141528,stable,4,2,2019Q3,2019-09-30
current_loan_delinquency_status,0.0016735516547541033,stable,5,2,2019Q3,2019-09-30
number_of_units,0.00030252284505868227,stable,3,0,2019Q3,2019-09-30
amortization_type,0.0,stable,3,2,2019Q3,2019-09-30
interest_only_flag,0.0,stable,3,2,2019Q3,2019-09-30
channel,4.1215541320622595,significant,6,2,2019Q4,2019-12-31
original_interest_rate,4.105703605961903,significant,11,1,2019Q4,2019-12-31
harp_indicator,1.0798152771325495,significant,3,2,2019Q4,2019-12-31
loan_age,0.8076427068974719,significant,11,1,2019Q4,2019-12-31
original_upb,0.6226388237402412,significant,11,1,2019Q4,2019-12-31
remaining_months_to_legal_maturity,0.4353195988483894,significant,11,1,2019Q4,2019-12-31
current_actual_upb,0.37997585847205717,significant,11,1,2019Q4,2019-12-31
credit_score,0.315870578644611,significant,11,0,2019Q4,2019-12-31
super_conforming_flag,0.2885058909826759,significant,3,2,2019Q4,2019-12-31
original_dti,0.23427638527985606,moderate,11,0,2019Q4,2019-12-31
property_type,0.14071718020170304,moderate,7,2,2019Q4,2019-12-31
original_ltv,0.11018783488336241,moderate,10,1,2019Q4,2019-12-31
number_of_borrowers,0.10284212803648264,moderate,4,2,2019Q4,2019-12-31
original_loan_term,0.09523410102116196,stable,4,1,2019Q4,2019-12-31
first_time_homebuyer_flag,0.09032230816976872,stable,4,1,2019Q4,2019-12-31
original_cltv,0.08785885914453793,stable,11,1,2019Q4,2019-12-31
loan_purpose,0.04295215580282093,stable,5,2,2019Q4,2019-12-31
mi_percentage,0.03883095425684373,stable,4,1,2019Q4,2019-12-31
property_state,0.026239685586503095,stable,56,2,2019Q4,2019-12-31
occupancy_status,0.022090400820442065,stable,5,2,2019Q4,2019-12-31
prepayment_penalty_flag,0.00820861229944852,stable,4,2,2019Q4,2019-12-31
current_deferred_upb,0.0041327104352508965,stable,3,2,2019Q4,2019-12-31
modification_flag,0.003651168847210044,stable,4,2,2019Q4,2019-12-31
current_loan_delinquency_status,0.0008429074898119522,stable,5,2,2019Q4,2019-12-31
number_of_units,0.0004182854081487186,stable,3,0,2019Q4,2019-12-31
amortization_type,0.0,stable,3,2,2019Q4,2019-12-31
interest_only_flag,0.0,stable,3,2,2019Q4,2019-12-31
